City,State,Institution,Transfer Course ID,Transfer Course Name,RPI Course ID,RPI Course Name,Note,Begin,End,Transfer Catalog
Albany,NY,Albany College Of Pharmacy And Health Sciences,BIO 101,General Biology I,BIOL 1010 + BIOL 1015,Introduction To Biology + Introduction To Biology Laboratory,,,,Albany College Of Pharmacy And Health Sciences
Charles Town,WV,American Public University System,SCIN130,Introduction To Biology With Lab,BIOL 1010 + BIOL 1015,Introduction To Biology + Introduction To Biology Laboratory,,,,American Public University System Undergraduate
Asheville,NC,Asheville-Buncombe Technical Community College,BIO-110,Principles Of Biology,BIOL 1010,Introduction To Biology,,,,Asheville-Buncombe Technical Community College
Waco,TX,Baylor University,BIO 1105 + BIO 1305,Modern Concepts Of Bioscience Laboratory + Modern Concepts Of Bioscience,BIOL 1010 + BIOL 1015,Introduction To Biology + Introduction To Biology Laboratory,,,,Baylor University Undergraduate
Paramus,NJ,Bergen Community College,BIO-101 + BIO-203,General Biology I + General Biology II,BIOL 1000 + BIOL 1010 + BIOL 1015,Biology Elective + Introduction To Biology + Introduction To Biology Laboratory,,,,Bergen Community College
Paramus,NJ,Bergen Community College,BIO-101,General Biology I,BIOL 1010 + BIOL 1015,Introduction To Biology + Introduction To Biology Laboratory,,,,Bergen Community College
Chestnut Hill,MA,Boston College,BIOL2100 + BIOL2201,Introductory Biology Laboratory I + Introductory Biology I,BIOL 1010 + BIOL 1015,Introduction To Biology + Introduction To Biology Laboratory,,,,Boston College Undergraduate
Bridgewater,MA,Bridgewater State University,BIOL 100,General Principles Of Biology,BIOL 1010 + BIOL 1015,Introduction To Biology + Introduction To Biology Laboratory,,,,Bridgewater State University
Fall River,MA,Bristol Community College,BIO 121,Fundamentals Of Biological Science I,BIOL 1010 + BIOL 1015,Introduction To Biology + Introduction To Biology Laboratory,,,,Bristol Community College
Lincroft,NJ,Brookdale Community College,BIOL101,General Biology I,BIOL 1010 + BIOL 1015,Introduction To Biology + Introduction To Biology Laboratory,,,,Brookdale Community College
Fort Lauderdale,FL,Broward College,BSC2010 + BSC2010L,Introduction To Biology I + Introduction To Biology I Laboratory,BIOL 1010 + BIOL 1015,Introduction To Biology + Introduction To Biology Laboratory,BIOL 1010 (3cr) + BIOL 1015 (1cr),05/01/2023,05/01/2026,Broward College
Newtown,PA,Bucks County Community College,BIOL 101,Biological Science I,BIOL 1010 + BIOL 1015,Introduction To Biology + Introduction To Biology Laboratory,,,,Bucks County Community College
Bristol,PA,Bucks County Community College-Lower Bucks Campus,BIOL 101,Biological Science I,BIOL 1010 + BIOL 1015,Introduction To Biology + Introduction To Biology Laboratory,,,,Bucks County Community College
Perkasie,PA,Bucks County Community College-Upper Bucks Campus,BIOL 101,Biological Science I,BIOL 1010 + BIOL 1015,Introduction To Biology + Introduction To Biology Laboratory,,,,Bucks County Community College
Boston,MA,Bunker Hill Community College,BIO-105,Introduction To Biology,BIOL 1010 + BIOL 1015,Introduction To Biology + Introduction To Biology Laboratory,,,,Bunker Hill Community College
Boston,MA,Bunker Hill Community College,BIO-195,General Biology I & Lab,BIOL 1010 + BIOL 1015,Introduction To Biology + Introduction To Biology Laboratory,BIOL 1010 (3cr) + BIOL 1015 (1cr),09/01/2023,09/01/2026,Bunker Hill Community College
Pasadena,CA,California Institute Of Technology,Bi 9,Cell Biology,BIOL 1010 + BIOL 1010 + BIOL 1015 + BIOL 1015 + BIOL 2120 + BIOL 2120,Introduction To Biology + Introduction To Biology + Introduction To Biology Laboratory + Introduction To Biology Laboratory + Introduction To Cell And Molecular Biology + Introduction To Cell And Molecular Biology,,,,California Institute Of Technology
Pasadena,CA,California Institute Of Technology,Bi 9,Cell Biology,BIOL 1010 + BIOL 1010 + BIOL 1015 + BIOL 1015 + BIOL 2120 + BIOL 2120,Introduction To Biology + Introduction To Biology + Introduction To Biology Laboratory + Introduction To Biology Laboratory + Introduction To Cell And Molecular Biology + Introduction To Cell And Molecular Biology,,,,California Institute Of Technology
Pasadena,CA,California Institute Of Technology,Bi 9 + Bi 9,Cell Biology + Cell Biology,BIOL 1010 + BIOL 1010 + BIOL 1015 + BIOL 1015 + BIOL 2120 + BIOL 2120,Introduction To Biology + Introduction To Biology + Introduction To Biology Laboratory + Introduction To Biology Laboratory + Introduction To Cell And Molecular Biology + Introduction To Cell And Molecular Biology,,,,California Institute Of Technology
Pasadena,CA,California Institute Of Technology,Bi 9 + Bi 9,Cell Biology + Cell Biology,BIOL 1010 + BIOL 1010 + BIOL 1015 + BIOL 1015 + BIOL 2120 + BIOL 2120,Introduction To Biology + Introduction To Biology + Introduction To Biology Laboratory + Introduction To Biology Laboratory + Introduction To Cell And Molecular Biology + Introduction To Cell And Molecular Biology,,,,California Institute Of Technology
Pomona,CA,California State Polytechnic University-Pomona,BIO 110 + BIO 111L,Life Science + Life Science,BIOL 1010,Introduction To Biology,,,,California State Polytechnic University Pomona
Carson,CA,California State University-Dominguez Hills,BIO 120 + BIO 121 + BIO 122 + BIO 123,Principles Of Biology I + Principles Of Biology Lab I + Principles Of Biology II + Principles Of Biology II Lab,BIOL 1000 + BIOL 1010 + BIOL 1015,Biology Elective + Introduction To Biology + Introduction To Biology Laboratory,,,,California State University Dominguez Hills
Cambridge, ,Cambridge Assessment International Education,Biology - 9700,Biology,BIOL 1010 + BIOL 1015,Introduction To Biology + Introduction To Biology Laboratory,A Level Only,,,AICE Cambridge International Exams
Blackwood,NJ,Camden County College,BIO-111,Biology I-Science,BIOL 1010 + BIOL 1015,Introduction To Biology + Introduction To Biology Laboratory,,,,Camden County College Academic Program Guide
Redwood City,CA,Canada College,BIOL 230,Cell And Molecular Biology,BIOL 1010 + BIOL 1015,Introduction To Biology + Introduction To Biology Laboratory,,,,Canada College
West Barnstable,MA,Cape Cod Community College,BIO101,Concepts In Biology I,BIOL 1010 + BIOL 1015,Introduction To Biology + Introduction To Biology Laboratory,,,,Cape Cod Community College
Auburn,NY,Cayuga Community College,BIOL 103,General Biology I,BIOL 1010,Introduction To Biology,,,,Cayuga Community College
New Britain,CT,Central Connecticut State University,BIO 121,General Biology I,BIOL 1010 + BIOL 1015,Introduction To Biology + Introduction To Biology Laboratory,,,,Central Connecticut State University
Auburn,ME,Central Maine Community College,BIO 131,Biology I Lecture,BIOL 1010 + BIOL 1010,Introduction To Biology + Introduction To Biology,,,,Central Maine Community College
Auburn,ME,Central Maine Community College,BIO 131,Biology I Lecture,BIOL 1010 + BIOL 1010,Introduction To Biology + Introduction To Biology,,,,Central Maine Community College
Auburn,ME,Central Maine Community College,BIO 131 + BIO 132,Biology I Lecture + Biology I Lab,BIOL 1010 + BIOL 1010,Introduction To Biology + Introduction To Biology,,,,Central Maine Community College
Auburn,ME,Central Maine Community College,BIO 131 + BIO 132,Biology I Lecture + Biology I Lab,BIOL 1010 + BIOL 1010,Introduction To Biology + Introduction To Biology,,,,Central Maine Community College
Chandler,AZ,Chandler-Gilbert Community College,BIO 100,Biology Concepts,BIOL 1010,Introduction To Biology,,,,Maricopa County Community College District Course Descriptions
Chandler,AZ,Chandler-Gilbert Community College,BIO 181,General Biology (Majors) I,BIOL 1010 + BIOL 1015,Introduction To Biology + Introduction To Biology Laboratory,BIOL 1010 (3cr) + BIOL 1015 (1cr),05/01/2023,05/01/2026,Maricopa County Community College District Course Descriptions
Glendora,CA,Citrus College,BIOL 105,General Biology,BIOL 1010,Introduction To Biology,,,,Citrus College
Chicago,IL,City Colleges Of Chicago-Central Office,BIOLOGY 121,Biology I,BIOL 1010,Introduction To Biology,,,,City Colleges Of Chicago
Chicago,IL,City Colleges Of Chicago-Harold Washington College,BIOLOGY 121,Biology I,BIOL 1010,Introduction To Biology,,,,City Colleges Of Chicago
Chicago,IL,City Colleges Of Chicago-Harry S Truman College,BIOLOGY 121,Biology I,BIOL 1010,Introduction To Biology,,,,City Colleges Of Chicago
Chicago,IL,City Colleges Of Chicago-Kennedy-King College,BIOLOGY 121,Biology I,BIOL 1010,Introduction To Biology,,,,City Colleges Of Chicago
Chicago,IL,City Colleges Of Chicago-Malcolm X College,BIOLOGY 121,Biology I,BIOL 1010,Introduction To Biology,,,,City Colleges Of Chicago
Chicago,IL,City Colleges Of Chicago-Olive-Harvey College,BIOLOGY 121,Biology I,BIOL 1010,Introduction To Biology,,,,City Colleges Of Chicago
Chicago,IL,City Colleges Of Chicago-Richard J Daley College,BIOLOGY 121,Biology I,BIOL 1010,Introduction To Biology,,,,City Colleges Of Chicago
Chicago,IL,City Colleges Of Chicago-Wilbur Wright College,BIOLOGY 121,Biology I,BIOL 1010,Introduction To Biology,,,,City Colleges Of Chicago
Potsdam,NY,Clarkson University,BY 140 + BY 142,"Biology I - Inheritance, Evolution, And Diversity + Biology I Laboratory",BIOL 1010,Introduction To Biology,,,,Clarkson University Course Descriptions
Schenectady,NY,Clarkson University Capital Region Campus,BY 140 + BY 142,"Biology I - Inheritance, Evolution, And Diversity + Biology I Laboratory",BIOL 1010,Introduction To Biology,,,,Clarkson University Course Descriptions
Plattsburgh,NY,Clinton Community College,BIO 101,General Biology,BIOL 1010,Introduction To Biology,,,,State University Of New York Clinton Community College
Chicopee,MA,College Of Our Lady Of The Elms,BIO 121 + BIO 122,Zoology I + Zoology II,BIOL 1010,Introduction To Biology,,,,Elms College
Saint Joseph,MN,College Of Saint Benedict,BIOL 101,Foundations Of Biology,BIOL 1010 + BIOL 1015,Introduction To Biology + Introduction To Biology Laboratory,,,,College Of Saint Benedict - St John'S University
San Mateo,CA,College Of San Mateo,BIOL 110,General Principles Of Biology,BIOL 1010 + BIOL 1015,Introduction To Biology + Introduction To Biology Laboratory,,,,College Of San Mateo
Twin Falls,ID,College Of Southern Idaho,BIOL 201 + BIOL 201L,Biology 1 + Biology 1 Lab,BIOL 1010,Introduction To Biology,,,,College Of Southern Idaho
Hudson,NY,Columbia-Greene Community College,BI 101,General Biology I,BIOL 1010 + BIOL 1015,Introduction To Biology + Introduction To Biology Laboratory,,,,Columbia-Greene Community College
Warwick,RI,Community College Of Rhode Island,BIOL 1001,Introductory Biology: Organismal,BIOL 1010,Introduction To Biology,,,,Community College Of Rhode Island
Montpelier,VT,Community College Of Vermont,BIO 1210,Introduction To Biology,BIOL 1010 + BIOL 1015,Introduction To Biology + Introduction To Biology Laboratory,,,,Community College Of Vermont
Bridgeport,CT,Connecticut State Community College Housatonic Campus,BIO* E105,Introduction To Biology,BIOL 1010 + BIOL 1015,Introduction To Biology + Introduction To Biology Laboratory,,,,Housatonic Community College
Waterbury,CT,Connecticut State Community College Naugatuck Campus,BIO* H105,Introduction To Biology,BIOL 1010 + BIOL 1015,Introduction To Biology + Introduction To Biology Laboratory,,,,Naugatuck Valley Community College
Winsted,CT,Connecticut State Community College Northwestern Campus,BIO* 121,General Biology I,BIOL 1010 + BIOL 1015,Introduction To Biology + Introduction To Biology Laboratory,,,,Northwestern Connecticut Community College
Norwalk,CT,Connecticut State Community College Norwalk Campus,BIO 121,General Biology I,BIOL 1010 + BIOL 1015,Introduction To Biology + Introduction To Biology Laboratory,,,,Norwalk Community College
Norwich,CT,Connecticut State Community College Three Rivers Campus,BIO* K121,General Biology I,BIOL 1010 + BIOL 1015,Introduction To Biology + Introduction To Biology Laboratory,,,,Three Rivers Community College
Farmington,CT,Connecticut State Community College Tunxis Campus,BIO*121,General Biology I,BIOL 1010,Introduction To Biology,,,,Tunxis Community College
Corning,NY,Corning Community College,BIOL 1510,General Biology I,BIOL 1010 + BIOL 1015,Introduction To Biology + Introduction To Biology Laboratory,,,,Corning Community College
Randolph,NJ,County College Of Morris,BIO-180,General Biology I - Honors,BIOL 1010 + BIOL 1015,Introduction To Biology + Introduction To Biology Laboratory,,,,County College Of Morris
Randolph,NJ,County College Of Morris,BIO-121 + BIO-180,General Biology I + General Biology I - Honors,BIOL 1010 + BIOL 1015,Introduction To Biology + Introduction To Biology Laboratory,,,,County College Of Morris
New York,NY,Cuny Borough Of Manhattan Community College,BIO 210,Biology I,BIOL 1010 + BIOL 1015,Introduction To Biology + Introduction To Biology Laboratory,,,,CUNY Borough Of Manhattan Community College
Bronx,NY,Cuny Bronx Community College,BIO 11,General Biology I,BIOL 1010 + BIOL 1015,Introduction To Biology + Introduction To Biology Laboratory,,,,CUNY Bronx Community College
New York,NY,Cuny City College,BIO 10100,Biological Foundations I,BIOL 1010 + BIOL 1015,Introduction To Biology + Introduction To Biology Laboratory,,,,CUNY City College
Staten Island,NY,Cuny College Of Staten Island,BIO 170 + BIO 171,General Biology I + General Biology I Laboratory,BIOL 1010 + BIOL 1015,Introduction To Biology + Introduction To Biology Laboratory,,,,CUNY College Of Staten Island Undergraduate
Brooklyn,NY,Cuny New York City College Of Technology,BIO 1101,Biology I,BIOL 1010 + BIOL 1015,Introduction To Biology + Introduction To Biology Laboratory,,,,CUNY New York City College Of Technology Fall
Bayside,NY,Cuny Queensborough Community College,BI201 + BI202,General Biology I + General Biology II,BIOL 1000 + BIOL 1010 + BIOL 1015,Biology Elective + Introduction To Biology + Introduction To Biology Laboratory,BIOL 1010 (3cr) + BIOL 1000 (1cr) + BIOL 1000 (4cr),05/01/2023,05/01/2026,CUNY Queensborough Community College
Cleveland,OH,Cuyahoga Community College District,BIO-1500,Principles Of Biology I,BIOL 1010,Introduction To Biology,,,,Cuyahoga Community College
Dallas,TX,Dallas College,BIOL 1406,Biology For Science Majors I,BIOL 1010,Introduction To Biology,,,,Dallas College
Davidson,NC,Davidson College,BIO 111,"Molecules, Genes, & Cells",BIOL 1010,Introduction To Biology,,,,Davidson College
Daytona Beach,FL,Daytona State College,BSC1010 + BSC1010L,General Biology I (For Science Majors) + General Biology I (For Science Majors) Lab,BIOL 1010,Introduction To Biology,,,,Daytona State College
Pleasant Hill,CA,Diablo Valley College,BIOSC-102,Fundamentals Of Biological Science With Laboratory,BIOL 1010 + BIOL 1015,Introduction To Biology + Introduction To Biology Laboratory,,,,Diablo Valley College
Philadelphia,PA,Drexel University,BIO 141,Essential Biology,BIOL 1010 + BIOL 1015,Introduction To Biology + Introduction To Biology Laboratory,,,,Drexel University Undergraduate
Philadelphia,PA,Drexel University,BIO 108 + BIO 141,"Cells, Genetics And Physiology Laboratory + Essential Biology",BIOL 1010 + BIOL 1015,Introduction To Biology + Introduction To Biology Laboratory,,,,Drexel University Undergraduate
Poughkeepsie,NY,Dutchess Community College,BIO105 + BIO106,General Biology I + General Biology II,BIOL 1000 + BIOL 1010 + BIOL 1015,Biology Elective + Introduction To Biology + Introduction To Biology Laboratory,BIOL 1010 (3cr) + BIOL 1015 (1cr) + BIOL 1000 (4cr),05/01/2023,05/01/2026,Dutchess Community College
Johnson City,TN,East Tennessee State University,BIOL 1110,Biology For Science Majors Lecture I,BIOL 1010 + BIOL 1015,Introduction To Biology + Introduction To Biology Laboratory,,,,East Tennessee State University Undergraduate
Cocoa,FL,Eastern Florida State College,BSCC 1005,Fundamentals Of Biology,BIOL 1010,Introduction To Biology,,,,Eastern Florida State College
Cocoa,FL,Eastern Florida State College,BSCC 1010,General Biology 1,BIOL 1010,Introduction To Biology,,,,Eastern Florida State College
Cheney,WA,Eastern Washington University,BIOL 171,Biology I,BIOL 1010 + BIOL 1015,Introduction To Biology + Introduction To Biology Laboratory,,,,Eastern Washington University
Avondale,AZ,Estrella Mountain Community College,BIO 100,Biology Concepts,BIOL 1010,Introduction To Biology,,,,Maricopa County Community College District Course Descriptions
Avondale,AZ,Estrella Mountain Community College,BIO 181,General Biology (Majors) I,BIOL 1010 + BIOL 1015,Introduction To Biology + Introduction To Biology Laboratory,BIOL 1010 (3cr) + BIOL 1015 (1cr),05/01/2023,05/01/2026,Maricopa County Community College District Course Descriptions
Farmingdale,NY,Farmingdale State College,BIO 120,General Biology,BIOL 1010 + BIOL 1015,Introduction To Biology + Introduction To Biology Laboratory,,,,SUNY Farmingdale State College
Canandaigua,NY,Finger Lakes Community College,BIO 121 + BIO 122,General Biology I + General Biology II,BIOL 1000 + BIOL 1010 + BIOL 1015,Biology Elective + Introduction To Biology + Introduction To Biology Laboratory,BIOL 1010 (3 credits) BIOL 1015 (1 credit) BIOL 1000 (4 credits),05/01/2023,05/01/2026,Finger Lakes Community College
Boca Raton,FL,Florida Atlantic University,BSC 1010 + BSC 1010L,Biological Principles + Biological Principles Lab,BIOL 1010,Introduction To Biology,,,,Florida Atlantic University
Bronx,NY,Fordham University,BISC 1403 + BISC 1404 + BISC 1413 + BISC 1414,Introductory Biology I + Introductory Biology II + Introductory Biology Lab I + Introductory Biology Lab II,BIOL 1000 + BIOL 1010 + BIOL 1015,Biology Elective + Introduction To Biology + Introduction To Biology Laboratory,BIOL 1010 (4 cr) BIOL 1015 (1 cr) BIOL 1000 (4 cr),05/01/2023,05/01/2026,Fordham University
Bronx,NY,Fordham University,NSCI 1403 + NSCI 1404 + NSCI 1413 + NSCI 1414,General Biology Lecture I + General Biology Lecture II + General Biology Lab I + General Biology Lab II,BIOL 1000 + BIOL 1010 + BIOL 1015,Biology Elective + Introduction To Biology + Introduction To Biology Laboratory,BIOL 1010 (4 cr) BIOL 1015 (1 cr) BIOL 1000 (4 cr),05/01/2023,05/01/2026,Fordham University
Winston Salem,NC,Forsyth Technical Community College,BIO 111,General Biology I,BIOL 1010,Introduction To Biology,,,,Forsyth Technical Community College
Rindge,NH,Franklin Pierce University,BI101,Biology I (Laboratory),BIOL 1010,Introduction To Biology,,,,Franklin Pierce University
Fresno,CA,Fresno City College,BIOL 3,Introduction To Life Science,BIOL 1010 + BIOL 1015,Introduction To Biology + Introduction To Biology Laboratory,,,,Fresno City College
Westminster,CO,Front Range Community College,BIO 111,General College Biology I W/Lab,BIOL 1010,Introduction To Biology,,,,Front Range Community College
Dallas,NC,Gaston College,BIO 110,Principles Of Biology,BIOL 1010 + BIOL 1015,Introduction To Biology + Introduction To Biology Laboratory,,,,Gaston College
Phoenix,AZ,Gateway Community College,BIO 100,Biology Concepts,BIOL 1010,Introduction To Biology,,,,Maricopa County Community College District Course Descriptions
Phoenix,AZ,Gateway Community College,BIO 181,General Biology (Majors) I,BIOL 1010 + BIOL 1015,Introduction To Biology + Introduction To Biology Laboratory,BIOL 1010 (3cr) + BIOL 1015 (1cr),05/01/2023,05/01/2026,Maricopa County Community College District Course Descriptions
Batavia,NY,Genesee Community College,BIO115 + BIO116,General Biology 1 + General Biology 2,BIOL 1010 + BIOL 2120,Introduction To Biology + Introduction To Cell And Molecular Biology,,,,Genesee Community College
Fairfax,VA,George Mason University,BIOL 103,Introductory Biology II-Survey Of Cell And Molecular Biology,BIOL 1010 + BIOL 1015,Introduction To Biology + Introduction To Biology Laboratory,,,,George Mason University
Washington,DC,George Washington University,BISC 1115 + BISC 1125,Introductory Biology: Cells And Molecules + Introduction To Cells And Molecules Laboratory,BIOL 1010 + BIOL 1015,Introduction To Biology + Introduction To Biology Laboratory,,,,George Washington University
Gettysburg,PA,Gettysburg College,BIO-111 + BIO-112,Introduction To Ecology And Evolution + Form And Function In Living Organisms,BIOL 1000 + BIOL 1010 + BIOL 1015,Biology Elective + Introduction To Biology + Introduction To Biology Laboratory,,,,Gettysburg College
Glendale,AZ,Glendale Community College,BIO 100,Biology Concepts,BIOL 1010,Introduction To Biology,,,,Maricopa County Community College District Course Descriptions
Glendale,AZ,Glendale Community College,BIO 181,General Biology (Majors) I,BIOL 1010 + BIOL 1015,Introduction To Biology + Introduction To Biology Laboratory,BIOL 1010 (3cr) + BIOL 1015 (1cr),05/01/2023,05/01/2026,Maricopa County Community College District Course Descriptions
Portsmouth,NH,Great Bay Community College,BIOL110,Human Anatomy And Physiology I,BIOL 1010 + BIOL 1015,Introduction To Biology + Introduction To Biology Laboratory,,,,Great Bay Community College
Greenfield,MA,Greenfield Community College,BIO 126,Biology I,BIOL 1010 + BIOL 1015,Introduction To Biology + Introduction To Biology Laboratory,,,,Greenfield Community College
Grinnell,IA,Grinnell College,BIO 150,Introduction To Biological Inquiry,BIOL 1010 + BIOL 1010,Introduction To Biology + Introduction To Biology,,,,Grinnell College
Grinnell,IA,Grinnell College,BIO 150,Introduction To Biological Inquiry,BIOL 1010 + BIOL 1010,Introduction To Biology + Introduction To Biology,,,,Grinnell College
Grinnell,IA,Grinnell College,BIO 150 + BIO 252,"Introduction To Biological Inquiry + Organisms, Evolution, And Ecology",BIOL 1010 + BIOL 1010,Introduction To Biology + Introduction To Biology,,,,Grinnell College
Grinnell,IA,Grinnell College,BIO 150 + BIO 252,"Introduction To Biological Inquiry + Organisms, Evolution, And Ecology",BIOL 1010 + BIOL 1010,Introduction To Biology + Introduction To Biology,,,,Grinnell College
Hagerstown,MD,Hagerstown Community College,BIO 113,Principles Of Biology I,BIOL 1010,Introduction To Biology,,,,Hagerstown Community College
Bel Air,MD,Harford Community College,BIO 120,General Biology I,BIOL 1010 + BIOL 1015,Introduction To Biology + Introduction To Biology Laboratory,,,,Harford Community College
Oneonta,NY,Hartwick College,BIOL 191,Introduction To Molecular & Cell Biology,BIOL 1010 + BIOL 1015,Introduction To Biology + Introduction To Biology Laboratory,,,,Hartwick College
Tampa,FL,Hillsborough Community College,BSC 1005,Biological Foundations,BIOL 1010,Introduction To Biology,,,,Hillsborough Community College
Troy,NY,Hudson Valley Community College,BIOL 095,Intro To Biology,BIOL 1010,Introduction To Biology,,,,Hudson Valley Community College
Troy,NY,Hudson Valley Community College,BIOL 150,General Biology I,BIOL 1010 + BIOL 1015,Introduction To Biology + Introduction To Biology Laboratory,BIOL 1010 (3cr) + BIOL 1015 (1cr),09/01/2023,09/01/2026,Hudson Valley Community College
Troy,NY,Hudson Valley Community College,BIOL 190,Biology I,BIOL 1010 + BIOL 1015,Introduction To Biology + Introduction To Biology Laboratory,BIOL 1010 (3cr) + BIOL 1015 (1cr),09/01/2023,09/01/2026,Hudson Valley Community College
New Rochelle,NY,Iona University,BIO 101,General Biology 1,BIOL 1010,Introduction To Biology,,,,Iona University Undergraduate
Irvine,CA,Irvine Valley College,BIO 1 + BIO 1L,The Life Sciences + The Life Sciences Laboratory,BIOL 1010 + BIOL 1015,Introduction To Biology + Introduction To Biology Laboratory,,,,Irvine Valley College
Anderson,IN,Ivy Tech Community College-Anderson,BIOL 101,Introductory Biology,BIOL 1010,Introduction To Biology,,,,Ivy Tech Community College Course Descriptions
Bloomington,IN,Ivy Tech Community College-Bloomington,BIOL 101,Introductory Biology,BIOL 1010,Introduction To Biology,,,,Ivy Tech Community College Course Descriptions
Columbus,IN,Ivy Tech Community College-Columbus,BIOL 101,Introductory Biology,BIOL 1010,Introduction To Biology,,,,Ivy Tech Community College Course Descriptions
Muncie,IN,Ivy Tech Community College-East Central,BIOL 101,Introductory Biology,BIOL 1010,Introduction To Biology,,,,Ivy Tech Community College Course Descriptions
Noblesville,IN,Ivy Tech Community College-Hamilton County,BIOL 101,Introductory Biology,BIOL 1010,Introduction To Biology,,,,Ivy Tech Community College Course Descriptions
Indianapolis,IN,Ivy Tech Community College-Indianapolis,BIOL 101,Introductory Biology,BIOL 1010,Introduction To Biology,,,,Ivy Tech Community College Course Descriptions
Kokomo,IN,Ivy Tech Community College-Kokomo,BIOL 101,Introductory Biology,BIOL 1010,Introduction To Biology,,,,Ivy Tech Community College Course Descriptions
Lafayette,IN,Ivy Tech Community College-Lafayette,BIOL 101,Introductory Biology,BIOL 1010,Introduction To Biology,,,,Ivy Tech Community College Course Descriptions
Lawrenceburg,IN,Ivy Tech Community College-Lawrenceburg,BIOL 101,Introductory Biology,BIOL 1010,Introduction To Biology,,,,Ivy Tech Community College Course Descriptions
Marion,IN,Ivy Tech Community College-Marion,BIOL 101,Introductory Biology,BIOL 1010,Introduction To Biology,,,,Ivy Tech Community College Course Descriptions
South Bend,IN,Ivy Tech Community College-Northcentral,BIOL 101,Introductory Biology,BIOL 1010,Introduction To Biology,,,,Ivy Tech Community College Course Descriptions
Fort Wayne,IN,Ivy Tech Community College-Northeast,BIOL 101,Introductory Biology,BIOL 1010,Introduction To Biology,,,,Ivy Tech Community College Course Descriptions
Gary,IN,Ivy Tech Community College-Northwest,BIOL 101,Introductory Biology,BIOL 1010,Introduction To Biology,,,,Ivy Tech Community College Course Descriptions
Richmond,IN,Ivy Tech Community College-Richmond,BIOL 101,Introductory Biology,BIOL 1010,Introduction To Biology,,,,Ivy Tech Community College Course Descriptions
Sellersburg,IN,Ivy Tech Community College-South Central,BIOL 101,Introductory Biology,BIOL 1010,Introduction To Biology,,,,Ivy Tech Community College Course Descriptions
Madison,IN,Ivy Tech Community College-Southeast,BIOL 101,Introductory Biology,BIOL 1010,Introduction To Biology,,,,Ivy Tech Community College Course Descriptions
Evansville,IN,Ivy Tech Community College-Southwest,BIOL 101,Introductory Biology,BIOL 1010,Introduction To Biology,,,,Ivy Tech Community College Course Descriptions
Valparaiso,IN,Ivy Tech Community College-Valparaiso,BIOL 101,Introductory Biology,BIOL 1010,Introduction To Biology,,,,Ivy Tech Community College Course Descriptions
Terre Haute,IN,Ivy Tech Community College-Wabash Valley,BIOL 101,Introductory Biology,BIOL 1010,Introduction To Biology,,,,Ivy Tech Community College Course Descriptions
Jacksonville,TX,Jacksonville College-Main Campus,BIOL 1406,Biology For Science Majors I,BIOL 1010,Introduction To Biology,BIOL 1010 (3cr),09/01/2023,09/01/2026,Jacksonville College
Watertown,NY,Jefferson Community College,BIO 131,Principles Of Biology 1: Cell And Molecular Biology,BIOL 1010 + BIOL 1015,Introduction To Biology + Introduction To Biology Laboratory,,,,Jefferson Community College
Putney,VT,Landmark College,BIO1521 + BIO1522,Principles Of Biology I + Principles Of Biology II,BIOL 1000 + BIOL 1010 + BIOL 1015,Biology Elective + Introduction To Biology + Introduction To Biology Laboratory,,,,Landmark College
Putney,VT,Landmark College,BIO1522,Principles Of Biology II,BIOL 1000 + BIOL 1000 + BIOL 1010 + BIOL 1010 + BIOL 1015 + BIOL 1015,Biology Elective + Biology Elective + Introduction To Biology + Introduction To Biology + Introduction To Biology Laboratory + Introduction To Biology Laboratory,,,,Landmark College
Putney,VT,Landmark College,BIO1522,Principles Of Biology II,BIOL 1000 + BIOL 1000 + BIOL 1010 + BIOL 1010 + BIOL 1015 + BIOL 1015,Biology Elective + Biology Elective + Introduction To Biology + Introduction To Biology + Introduction To Biology Laboratory + Introduction To Biology Laboratory,,,,Landmark College
Schnecksville,PA,Lehigh Carbon Community College,BIO 110,General Biology I,BIOL 1010 + BIOL 1015,Introduction To Biology + Introduction To Biology Laboratory,,,,Lehigh Carbon Community College
Bethlehem,PA,Lehigh University,BIOS 041 + BIOS 042,Introduction To Cellular And Molecular Biology + Introduction To Cellular And Molecular Biology Laboratory,BIOL 1010 + BIOL 1015,Introduction To Biology + Introduction To Biology Laboratory,,,,Lehigh University
Albany,OR,Linn-Benton Community College,BI 101,General Biology,BIOL 1010 + BIOL 1015,Introduction To Biology + Introduction To Biology Laboratory,,,,Linn-Benton Community College
Brookville,NY,Liu Post,BIO 103,General Biology I,BIOL 1010 + BIOL 1015,Introduction To Biology + Introduction To Biology Laboratory,,,,LIU Post Undergraduate
The Woodlands,TX,Lone Star College System,BIOL1406,Biology I For Science Majors,BIOL 1010,Introduction To Biology,,,,Lone Star College
The Woodlands,TX,Lone Star College System,BIOLH1407,Honors Biology II For Science Majors,BIOL 1010 + BIOL 1015,Introduction To Biology + Introduction To Biology Laboratory,,,,Lone Star College
Los Angeles,CA,Los Angeles City College,BIOLOGY 006,General Biology I,BIOL 1010 + BIOL 1015,Introduction To Biology + Introduction To Biology Laboratory,,,,Los Angeles City College
Valley Glen,CA,Los Angeles Valley College,BIOLOGY 006,General Biology I,BIOL 1010,Introduction To Biology,,,,Los Angeles Valley College
Nanticoke,PA,Luzerne County Community College,BIO 121,General Biology,BIOL 1010,Introduction To Biology,,,,Luzerne County Community College
Purchase,NY,Manhattanville College,BIO 1001,Principles Of Biology I,BIOL 1010 + BIOL 1015,Introduction To Biology + Introduction To Biology Laboratory,,,,Manhattanville College Undergraduate
Tempe,AZ,Maricopa Community College District,BIO 100,Biology Concepts,BIOL 1010,Introduction To Biology,,,,Maricopa County Community College District Course Descriptions
Tempe,AZ,Maricopa Community College District,BIO 181,General Biology (Majors) I,BIOL 1010 + BIOL 1015,Introduction To Biology + Introduction To Biology Laboratory,BIOL 1010 (3cr) + BIOL 1015 (1cr),05/01/2023,05/01/2026,Maricopa County Community College District Course Descriptions
Rancho Palos Verdes,CA,Marymount California University,SCI 240,General Biology I,BIOL 1010 + BIOL 1015,Introduction To Biology + Introduction To Biology Laboratory,,,,Marymount California University
Lucerne,CA,Marymount California University - Lakeside Campus,SCI 240,General Biology I,BIOL 1010 + BIOL 1015,Introduction To Biology + Introduction To Biology Laboratory,,,,Marymount California University
San Pedro,CA,Marymount California University - Waterfront Campus,SCI 240,General Biology I,BIOL 1010 + BIOL 1015,Introduction To Biology + Introduction To Biology Laboratory,,,,Marymount California University
Wellesley Hills,MA,Massachusetts Bay Community College,BI 101,General Biology I W/Lab,BIOL 1010 + BIOL 1015,Introduction To Biology + Introduction To Biology Laboratory,,,,Massachusetts Bay Community College
West Windsor,NJ,Mercer County Community College,BIO 101,General Biology I,BIOL 1010,Introduction To Biology,,,,Mercer County Community College
North Andover,MA,Merrimack College,BIO 1027,Principles Of Biology I,BIOL 1010,Introduction To Biology,,,,Merrimack College Undergraduate
Mesa,AZ,Mesa Community College,BIO 100,Biology Concepts,BIOL 1010,Introduction To Biology,,,,Maricopa County Community College District Course Descriptions
Mesa,AZ,Mesa Community College,BIO 181,General Biology (Majors) I,BIOL 1010 + BIOL 1015,Introduction To Biology + Introduction To Biology Laboratory,BIOL 1010 (3cr) + BIOL 1015 (1cr),05/01/2023,05/01/2026,Maricopa County Community College District Course Descriptions
Kansas City,MO,Metropolitan Community College,BIOL 101,General Biology,BIOL 1010 + BIOL 1015,Introduction To Biology + Introduction To Biology Laboratory,,,,Metropolitan Community College Kansas City
Miami,FL,Miami Dade College,BSC2010 + BSC2010L,Principles Of Biology + Principles Of Biology 1 Laboratory,BIOL 1010,Introduction To Biology,,,,Miami Dade College
Houghton,MI,Michigan Technological University,BL 1040,Principles Of Biology,BIOL 1010,Introduction To Biology,,,,Michigan Technological University Undergraduate
Edison,NJ,Middlesex College,BIO-123,General Biology I,BIOL 1010 + BIOL 1015,Introduction To Biology + Introduction To Biology Laboratory,,,,Middlesex College
Bedford,MA,Middlesex Community College,BIO 120,Introduction To Biology,BIOL 1010 + BIOL 1015,Introduction To Biology + Introduction To Biology Laboratory,BIOL 1010 (3cr) + BIOL 1015 (1cr),05/01/2023,05/01/2026,Middlesex Community College
Santa Clara,CA,Mission College,BIO 010 + BIO 010L,Introduction To Biology + Introduction To Biology Lab,BIOL 1010 + BIOL 1015,Introduction To Biology + Introduction To Biology Laboratory,BIOL 1010 (3cr) + BIOL 1015 (1cr),05/01/2023,05/01/2026,Mission College
Santa Clara,CA,Mission College,BIO 010,Introduction To Biology,BIOL 1010,Introduction To Biology,,,,Mission College
Utica,NY,Mohawk Valley Community College-Utica Branch,BI141,General Biology 1,BIOL 1010 + BIOL 1015,Introduction To Biology + Introduction To Biology Laboratory,,,,Mohawk Valley Community College
Utica,NY,Mohawk Valley Community College-Utica Branch,BI142,General Biology 2,BIOL 1010 + BIOL 1010 + BIOL 1015 + BIOL 1015,Introduction To Biology + Introduction To Biology + Introduction To Biology Laboratory + Introduction To Biology Laboratory,,,,Mohawk Valley Community College
Utica,NY,Mohawk Valley Community College-Utica Branch,BI142,General Biology 2,BIOL 1010 + BIOL 1010 + BIOL 1015 + BIOL 1015,Introduction To Biology + Introduction To Biology + Introduction To Biology Laboratory + Introduction To Biology Laboratory,,,,Mohawk Valley Community College
Utica,NY,Mohawk Valley Community College-Utica Branch,BI142 + BI142,General Biology 2 + General Biology 2,BIOL 1010 + BIOL 1010 + BIOL 1015 + BIOL 1015,Introduction To Biology + Introduction To Biology + Introduction To Biology Laboratory + Introduction To Biology Laboratory,,,,Mohawk Valley Community College
Utica,NY,Mohawk Valley Community College-Utica Branch,BI142 + BI142,General Biology 2 + General Biology 2,BIOL 1010 + BIOL 1010 + BIOL 1015 + BIOL 1015,Introduction To Biology + Introduction To Biology + Introduction To Biology Laboratory + Introduction To Biology Laboratory,,,,Mohawk Valley Community College
Rochester,NY,Monroe Community College,BIO 120,Essentials Of Life Science,BIOL 1010 + BIOL 1015,Introduction To Biology + Introduction To Biology Laboratory,,,,Monroe Community College
Rochester,NY,Monroe Community College,BIO 155,General Biology I,BIOL 1010 + BIOL 1015,Introduction To Biology + Introduction To Biology Laboratory,,,,Monroe Community College
Montclair,NJ,Montclair State University,BIOL 100,Biological Sciences,BIOL 1010 + BIOL 1015,Introduction To Biology + Introduction To Biology Laboratory,,,,Montclair State University
Montclair,NJ,Montclair State University,BIOL 112,Principles Of Biology I,BIOL 1010 + BIOL 1015,Introduction To Biology + Introduction To Biology Laboratory,,,,Montclair State University
Rockville,MD,Montgomery College,BI 101,General Biology,BIOL 1010 + BIOL 1015,Introduction To Biology + Introduction To Biology Laboratory,,,,Montgomery College
Rockville,MD,Montgomery College,BI 107,Principles Of Biology I,BIOL 1010,Introduction To Biology,,,,Montgomery College
Blue Bell,PA,Montgomery County Community College,BIO 120,Concepts Of Biology,BIOL 1010,Introduction To Biology,,,,Montgomery County Community College
Blue Bell,PA,Montgomery County Community College,BIO 121,General Biology I,BIOL 1010,Introduction To Biology,,,,Montgomery County Community College
Atlanta,GA,Morehouse College,HBIO 111,General Biology I,BIOL 1010 + BIOL 1015,Introduction To Biology + Introduction To Biology Laboratory,,,,Morehouse College Course Descriptions
Atlanta,GA,Morehouse College,HBIO 113,Comprehensive Biology,BIOL 1010 + BIOL 1015,Introduction To Biology + Introduction To Biology Laboratory,,,,Morehouse College Course Descriptions
Gardner,MA,Mount Wachusett Community College,BIO 109,Biology I,BIOL 1010 + BIOL 1015,Introduction To Biology + Introduction To Biology Laboratory,,,,Mount Wachusett Community College
Garden City,NY,Nassau Community College,BIO 102,Introduction To College Biology II,BIOL 1010 + BIOL 1015,Introduction To Biology + Introduction To Biology Laboratory,,,,Nassau Community College
Garden City,NY,Nassau Community College,BIO 109,General Biology I,BIOL 1010 + BIOL 1015,Introduction To Biology + Introduction To Biology Laboratory,,,,Nassau Community College
Newark,NJ,New Jersey Institute Of Technology,R120 + R120,101 General Biology + 102 General Biology,BIOL 1010,Introduction To Biology,,,,New Jersey Institute Of Technology Undergraduate
New York,NY,New York Institute Of Technology-Manhattan Campus,BIOL 110 + BIOL 150,General Biology I + General Biology II,BIOL 1000 + BIOL 1010 + BIOL 1015,Biology Elective + Introduction To Biology + Introduction To Biology Laboratory,,,,New York Institute Of Technology NYIT
Old Westbury,NY,New York Institute Of Technology-Old Westbury,BIOL 110 + BIOL 150,General Biology I + General Biology II,BIOL 1000 + BIOL 1010 + BIOL 1015,Biology Elective + Introduction To Biology + Introduction To Biology Laboratory,,,,New York Institute Of Technology NYIT
New York,NY,New York University,BIOL-UA 11,Principles Of Biology I,BIOL 1010,Introduction To Biology,,,,New York University College Of Arts And Sciences
Saranac Lake,NY,North Country Community College,BIO 101,Principles Of Biology I,BIOL 1010 + BIOL 1015,Introduction To Biology + Introduction To Biology Laboratory,,,,North Country Community College
Boston,MA,Northeastern University,BIOL 1115 + BIOL 1116,General Biology 1 For Engineers + Lab For Biol 1115,BIOL 1010,Introduction To Biology,,,,Northeastern University Course Descriptions
Boston,MA,Northeastern University Lifelong Learning Network,BIOL 1115 + BIOL 1116,General Biology 1 For Engineers + Lab For Biol 1115,BIOL 1010,Introduction To Biology,,,,Northeastern University Course Descriptions
Oakland,CA,Northeastern University Oakland,BIOL 1115 + BIOL 1116,General Biology 1 For Engineers + Lab For Biol 1115,BIOL 1010,Introduction To Biology,,,,Northeastern University Course Descriptions
Haverhill,MA,Northern Essex Community College,BIO111,Introductory Biology I,BIOL 1010 + BIOL 1015,Introduction To Biology + Introduction To Biology Laboratory,,,,Northern Essex Community College
Saipan,MP,Northern Marianas College,BI 101,Principles Of Biology,BIOL 1010 + BIOL 1015,Introduction To Biology + Introduction To Biology Laboratory,,,,Northern Marianas College
Annandale,VA,Northern Virginia Community College,BIO 101 + BIO 102,General Biology I + General Biology II,BIOL 1000 + BIOL 1010 + BIOL 1015,Biology Elective + Introduction To Biology + Introduction To Biology Laboratory,"BIOL 1010 (3cr), BIOL 1015 (1cr), BIOL 1000 (4cr)",05/01/2023,05/01/2026,Northern Virginia Community College
Maryville,MO,Northwest Missouri State University,BIOL 04102 + BIOL 04103,General Biology + General Biology Laboratory,BIOL 1010 + BIOL 1015,Introduction To Biology + Introduction To Biology Laboratory,,,,Northwest Missouri State University Undergraduate
Northfield,VT,Norwich University,BI 101,Principles Of Biology I,BIOL 1010,Introduction To Biology,,,,Norwich University Course Descriptions
Bloomfield Hills,MI,Oakland Community College,BIO 1511,Life Science,BIOL 1010,Introduction To Biology,,,,Oakland Community College
Bloomfield Hills,MI,Oakland Community College,BIO 1530,Molecular And Cellular Biology,BIOL 1010,Introduction To Biology,,,,Oakland Community College
Columbus,OH,Ohio State University,BIOLOGY 1113H,Biological Sciences: Energy Transfer And Development,BIOL 1010 + BIOL 1015,Introduction To Biology + Introduction To Biology Laboratory,,,,Ohio State University Course Offerings
Wooster,OH,Ohio State University Agricultural Technical Inst,BIOLOGY 1113H,Biological Sciences: Energy Transfer And Development,BIOL 1010 + BIOL 1015,Introduction To Biology + Introduction To Biology Laboratory,,,,Ohio State University Course Offerings
Lima,OH,Ohio State University-Lima Campus,BIOLOGY 1113H,Biological Sciences: Energy Transfer And Development,BIOL 1010 + BIOL 1015,Introduction To Biology + Introduction To Biology Laboratory,,,,Ohio State University Course Offerings
Mansfield,OH,Ohio State University-Mansfield Campus,BIOLOGY 1113H,Biological Sciences: Energy Transfer And Development,BIOL 1010 + BIOL 1015,Introduction To Biology + Introduction To Biology Laboratory,,,,Ohio State University Course Offerings
Marion,OH,Ohio State University-Marion Campus,BIOLOGY 1113H,Biological Sciences: Energy Transfer And Development,BIOL 1010 + BIOL 1015,Introduction To Biology + Introduction To Biology Laboratory,,,,Ohio State University Course Offerings
Newark,OH,Ohio State University-Newark Campus,BIOLOGY 1113H,Biological Sciences: Energy Transfer And Development,BIOL 1010 + BIOL 1015,Introduction To Biology + Introduction To Biology Laboratory,,,,Ohio State University Course Offerings
Syracuse,NY,Onondaga Community College,BIO 151,General Biology I,BIOL 1010 + BIOL 1015,Introduction To Biology + Introduction To Biology Laboratory,,,,Onondaga Community College
Camden,NJ,Our Lady Of Lourdes School Of Nursing,BIO-111,Biology I-Science,BIOL 1010 + BIOL 1015,Introduction To Biology + Introduction To Biology Laboratory,,,,Camden County College Academic Program Guide
New York,NY,Pace University-New York,BIO 101,General Biology I,BIOL 1010,Introduction To Biology,,,,Pace University Course Descriptions
Pleasantville,NY,Pace University-Pleasantville Briarcliff,BIO 101,General Biology I,BIOL 1010,Introduction To Biology,,,,Pace University Course Descriptions
White Plains,NY,Pace University-White Plains,BIO 101,General Biology I,BIOL 1010,Introduction To Biology,,,,Pace University Course Descriptions
Phoenix,AZ,Paradise Valley Community College,BIO 100,Biology Concepts,BIOL 1010,Introduction To Biology,,,,Maricopa County Community College District Course Descriptions
Phoenix,AZ,Paradise Valley Community College,BIO 181,General Biology (Majors) I,BIOL 1010 + BIOL 1015,Introduction To Biology + Introduction To Biology Laboratory,BIOL 1010 (3cr) + BIOL 1015 (1cr),05/01/2023,05/01/2026,Maricopa County Community College District Course Descriptions
Pasadena,CA,Pasadena City College,BIOL 011,General Biology,BIOL 1010 + BIOL 1015,Introduction To Biology + Introduction To Biology Laboratory,,,,Pasadena City College
Pasadena,CA,Pasadena City College,BIOL 11,General Biology,BIOL 1010,Introduction To Biology,,,,Pasadena City College
Paul Smiths,NY,Paul Smiths College Of Arts And Science,BIO 101,Biology I,BIOL 1010 + BIOL 1015,Introduction To Biology + Introduction To Biology Laboratory,,,,Paul Smith'S College
Middletown,PA,Pennsylvania State Univ-Harrisburg Capital College,BIOL 110,Biology: Basic Concepts And Biodiversity,BIOL 1010 + BIOL 1015,Introduction To Biology + Introduction To Biology Laboratory,,,,Pennsylvania State University Undergraduate
Center Valley,PA,Pennsylvania State Univ-Lehigh Vly Berks-Lehigh,BIOL 110,Biology: Basic Concepts And Biodiversity,BIOL 1010 + BIOL 1015,Introduction To Biology + Introduction To Biology Laboratory,,,,Pennsylvania State University Undergraduate
Schuylkill Haven,PA,Pennsylvania State Univ-Schuylkill-Capital College,BIOL 110,Biology: Basic Concepts And Biodiversity,BIOL 1010 + BIOL 1015,Introduction To Biology + Introduction To Biology Laboratory,,,,Pennsylvania State University Undergraduate
Abington,PA,Pennsylvania State University-Abington College,BIOL 110,Biology: Basic Concepts And Biodiversity,BIOL 1010 + BIOL 1015,Introduction To Biology + Introduction To Biology Laboratory,,,,Pennsylvania State University Undergraduate
Altoona,PA,Pennsylvania State University-Altoona College,BIOL 110,Biology: Basic Concepts And Biodiversity,BIOL 1010 + BIOL 1015,Introduction To Biology + Introduction To Biology Laboratory,,,,Pennsylvania State University Undergraduate
Monaca,PA,Pennsylvania State University-Beaver,BIOL 110,Biology: Basic Concepts And Biodiversity,BIOL 1010 + BIOL 1015,Introduction To Biology + Introduction To Biology Laboratory,,,,Pennsylvania State University Undergraduate
Reading,PA,Pennsylvania State University-Berks-Lehigh Valley,BIOL 110,Biology: Basic Concepts And Biodiversity,BIOL 1010 + BIOL 1015,Introduction To Biology + Introduction To Biology Laboratory,,,,Pennsylvania State University Undergraduate
Media,PA,Pennsylvania State University-Delaware,BIOL 110,Biology: Basic Concepts And Biodiversity,BIOL 1010 + BIOL 1015,Introduction To Biology + Introduction To Biology Laboratory,,,,Pennsylvania State University Undergraduate
Dubois,PA,Pennsylvania State University-Du Bois,BIOL 110,Biology: Basic Concepts And Biodiversity,BIOL 1010 + BIOL 1015,Introduction To Biology + Introduction To Biology Laboratory,,,,Pennsylvania State University Undergraduate
Erie,PA,Pennsylvania State University-Erie Behrend College,BIOL 110,Biology: Basic Concepts And Biodiversity,BIOL 1010 + BIOL 1015,Introduction To Biology + Introduction To Biology Laboratory,,,,Pennsylvania State University Undergraduate
Lemont Furnace,PA,Pennsylvania State University-Fayette,BIOL 110,Biology: Basic Concepts And Biodiversity,BIOL 1010 + BIOL 1015,Introduction To Biology + Introduction To Biology Laboratory,,,,Pennsylvania State University Undergraduate
Hazleton,PA,Pennsylvania State University-Hazleton,BIOL 110,Biology: Basic Concepts And Biodiversity,BIOL 1010 + BIOL 1015,Introduction To Biology + Introduction To Biology Laboratory,,,,Pennsylvania State University Undergraduate
Mckeesport,PA,Pennsylvania State University-Mckeesport,BIOL 110,Biology: Basic Concepts And Biodiversity,BIOL 1010 + BIOL 1015,Introduction To Biology + Introduction To Biology Laboratory,,,,Pennsylvania State University Undergraduate
Mont Alto,PA,Pennsylvania State University-Mont Alto Campus,BIOL 110,Biology: Basic Concepts And Biodiversity,BIOL 1010 + BIOL 1015,Introduction To Biology + Introduction To Biology Laboratory,,,,Pennsylvania State University Undergraduate
Upper Burrell,PA,Pennsylvania State University-New Kensington,BIOL 110,Biology: Basic Concepts And Biodiversity,BIOL 1010 + BIOL 1015,Introduction To Biology + Introduction To Biology Laboratory,,,,Pennsylvania State University Undergraduate
Malvern,PA,Pennsylvania State University-Penn State Great Valley,BIOL 110,Biology: Basic Concepts And Biodiversity,BIOL 1010 + BIOL 1015,Introduction To Biology + Introduction To Biology Laboratory,,,,Pennsylvania State University Undergraduate
Sharon,PA,Pennsylvania State University-Shenango,BIOL 110,Biology: Basic Concepts And Biodiversity,BIOL 1010 + BIOL 1015,Introduction To Biology + Introduction To Biology Laboratory,,,,Pennsylvania State University Undergraduate
Lehman,PA,Pennsylvania State University-Wilkes-Barre,BIOL 110,Biology: Basic Concepts And Biodiversity,BIOL 1010 + BIOL 1015,Introduction To Biology + Introduction To Biology Laboratory,,,,Pennsylvania State University Undergraduate
University Park,PA,Pennsylvania State University-World Campus,BIOL 110,Biology: Basic Concepts And Biodiversity,BIOL 1010 + BIOL 1015,Introduction To Biology + Introduction To Biology Laboratory,,,,Pennsylvania State University Undergraduate
Dunmore,PA,Pennsylvania State University-Worthington Scranton,BIOL 110,Biology: Basic Concepts And Biodiversity,BIOL 1010 + BIOL 1015,Introduction To Biology + Introduction To Biology Laboratory,,,,Pennsylvania State University Undergraduate
York,PA,Pennsylvania State University-York,BIOL 110,Biology: Basic Concepts And Biodiversity,BIOL 1010 + BIOL 1015,Introduction To Biology + Introduction To Biology Laboratory,,,,Pennsylvania State University Undergraduate
Phoenix,AZ,Phoenix College,BIO 100,Biology Concepts,BIOL 1010,Introduction To Biology,,,,Maricopa County Community College District Course Descriptions
Phoenix,AZ,Phoenix College,BIO 181,General Biology (Majors) I,BIOL 1010 + BIOL 1015,Introduction To Biology + Introduction To Biology Laboratory,BIOL 1010 (3cr) + BIOL 1015 (1cr),05/01/2023,05/01/2026,Maricopa County Community College District Course Descriptions
Colorado Springs,CO,Pikes Peak State College,BIO 111,General College Biology I With Lab: Sc1,BIOL 1010 + BIOL 1015,Introduction To Biology + Introduction To Biology Laboratory,,,,Pikes Peak Community College
Tucson,AZ,Pima Community College,BIO 100,Biology Concepts,BIOL 1010,Introduction To Biology,,,,Pima Community College
Brooklyn,NY,Polytechnic Institute Of New York University,BMS 1004,Introduction To Cell And Molecular Biology,BIOL 1010 + BIOL 1015,Introduction To Biology + Introduction To Biology Laboratory,,,,Polytechnic Institute Of New York University
Portland,OR,Portland Community College,BI 101 + BI 102,Biology I + Biology II,BIOL 1000 + BIOL 1010 + BIOL 1015,Biology Elective + Introduction To Biology + Introduction To Biology Laboratory,BIOL 1010 (3cr) + BIOL 1015 (1cr) + BIOL 1000 (4cr),05/01/2023,05/01/2026,Portland Community College
Portland,OR,Portland State University,BI 211 + BI 214,Principles Of Biology: Biology Of Cells + Principles Of Biology Lab I,BIOL 1010 + BIOL 1015,Introduction To Biology + Introduction To Biology Laboratory,,,,Portland State University
Largo,MD,Prince George's Community College,BIO-1010,General Biology,BIOL 1010,Introduction To Biology,,,,Prince George'S Community College
Quincy,MA,Quincy College,BIO 111,General Biology I W/Lab,BIOL 1010 + BIOL 1015,Introduction To Biology + Introduction To Biology Laboratory,,,,Quincy College
Hamden,CT,Quinnipiac University,BIO 101 + BIO 101L,General Biology I + General Biology I Lab,BIOL 1010 + BIOL 1015,Introduction To Biology + Introduction To Biology Laboratory,,,,Quinnipiac University
Branchburg,NJ,Raritan Valley Community College,BIOL 101,General Biology I,BIOL 1010 + BIOL 1015,Introduction To Biology + Introduction To Biology Laboratory,,,,Raritan Valley Community College
Lawrenceville,NJ,Rider University,BIO 117 + BIO 117L,"Principles Of Biology: Evolution, Diversity, And Biology Of Cells + Prin Of Biology: Cells Lab",BIOL 1010 + BIOL 1015,Introduction To Biology + Introduction To Biology Laboratory,,,,Rider University
Whittier,CA,Rio Hondo College,BIOL 101,General Biology,BIOL 1010 + BIOL 1015,Introduction To Biology + Introduction To Biology Laboratory,,,,Rio Hondo College
Tempe,AZ,Rio Salado College,BIO 100,Biology Concepts,BIOL 1010,Introduction To Biology,,,,Maricopa County Community College District Course Descriptions
Tempe,AZ,Rio Salado College,BIO 181,General Biology (Majors) I,BIOL 1010 + BIOL 1015,Introduction To Biology + Introduction To Biology Laboratory,BIOL 1010 (3cr) + BIOL 1015 (1cr),05/01/2023,05/01/2026,Maricopa County Community College District Course Descriptions
Riverside,CA,Riverside City College,BIO-1,General Biology,BIOL 1010,Introduction To Biology,,,,Riverside City College
Riverside,CA,Riverside City College,BIO-11,Introduction To Molecular And Cellular Biology,BIOL 1010,Introduction To Biology,,,,Riverside City College
Moon Township,PA,Robert Morris University,BIOL1310 + BIOL1315 + BIOL2310 + BIOL2315,Principles Of Biology + Principles Of Biology Lab + Principles Of Biology II + Principles Of Biology II Lab,BIOL 1000 + BIOL 1010 + BIOL 1015,Biology Elective + Introduction To Biology + Introduction To Biology Laboratory,,,,Robert Morris University Course Descriptions
Rochester,NY,Roberts Wesleyan College,BIO 101 + BIO 102,General Biology I + General Biology II,BIOL 1010 + BIOL 1015,Introduction To Biology + Introduction To Biology Laboratory,,,,Roberts Wesleyan College Undergraduate
Rockford,IL,Rock Valley College,BIO 103 + BIO 104,Introductory Life Science + Introductory Life Science Laboratory,BIOL 1010 + BIOL 1015,Introduction To Biology + Introduction To Biology Laboratory,,,,Rock Valley College
Bristol,RI,Roger Williams University,BIO 103,Intro To Molec & Cell Biology W/ Lab,BIOL 1010 + BIOL 1015,Introduction To Biology + Introduction To Biology Laboratory,,,,Roger Williams University
Bristol,RI,Roger Williams University School Of Law,BIO 103,Intro To Molec & Cell Biology W/ Lab,BIOL 1010 + BIOL 1015,Introduction To Biology + Introduction To Biology Laboratory,,,,Roger Williams University
Grants Pass,OR,Rogue Community College,BI211 + BI212,General Biology I + General Biology II,BIOL 1010,Introduction To Biology,,,,Rogue Community College
Pemberton,NJ,Rowan College At Burlington County,BIO 103,General Biology I,BIOL 1010,Introduction To Biology,,,,Rowan College At Burlington County
Sewell,NJ,Rowan College Of South Jersey,BIO 101,General Biology I,BIOL 1010,Introduction To Biology,,,,Rowan College Of South Jersey Gloucester Campus
Troy,NY,Russell Sage College,BIO 101,General Biology I,BIOL 1010,Introduction To Biology,,,,Russell Sage College
Troy,NY,Russell Sage College,BIO 101 + BIO 101L,General Biology I + General Biology I Lab,BIOL 1010,Introduction To Biology,,,,Sage College Of Albany
Fairfield,CT,Sacred Heart University,BI 111,Concepts In Biology I: Molecules To Cells,BIOL 1010,Introduction To Biology,,,,Sacred Heart University Undergraduate
Manchester,NH,Saint Anselm College,BI 03,General Biology,BIOL 1010,Introduction To Biology,,,,Saint Anselm College
Collegeville,MN,Saint John's University,BIOL 101,Foundations Of Biology,BIOL 1010 + BIOL 1015,Introduction To Biology + Introduction To Biology Laboratory,,,,College Of Saint Benedict - St John'S University
Northfield,MN,Saint Olaf College,BIO 125,Integrated Chem/Bio I: Chemical Concepts With Biological Applications,BIOL 1010,Introduction To Biology,,,,Saint Olaf College
San Diego,CA,San Diego City College,BIOL 107,General Biology  Lecture And Laboratory,BIOL 1010,Introduction To Biology,,,,San Diego City College
Stockton,CA,San Joaquin Delta College,BIOL 001,Molecular And Genomic Biology,BIOL 1010 + BIOL 1015,Introduction To Biology + Introduction To Biology Laboratory,,,,San Joaquin Delta College
French Camp,CA,San Joaquin General Hospital School Of Radiation Technology,BIOL 001,Molecular And Genomic Biology,BIOL 1010 + BIOL 1015,Introduction To Biology + Introduction To Biology Laboratory,,,,San Joaquin Delta College
Scottsdale,AZ,Scottsdale Community College,BIO 100,Biology Concepts,BIOL 1010,Introduction To Biology,,,,Maricopa County Community College District Course Descriptions
Scottsdale,AZ,Scottsdale Community College,BIO 181,General Biology (Majors) I,BIOL 1010 + BIOL 1015,Introduction To Biology + Introduction To Biology Laboratory,BIOL 1010 (3cr) + BIOL 1015 (1cr),05/01/2023,05/01/2026,Maricopa County Community College District Course Descriptions
Seattle,WA,Seattle University,BIOL 1610 + BIOL 1611,Biology I: Molecular And Cellular Biology + Biology I Lab,BIOL 1010 + BIOL 1015,Introduction To Biology + Introduction To Biology Laboratory,,,,Seattle University Undergraduate
Loudonville,NY,Siena College,BIOL - 110,General Biology I,BIOL 1010 + BIOL 1015,Introduction To Biology + Introduction To Biology Laboratory,,,,Siena College Undergraduate
Loudonville,NY,Siena College,BIOL - 170 + BIOL - 180,Advanced General Biology + Advanced General Biology Seminar,BIOL 1010,Introduction To Biology,,,,Siena College Undergraduate
Saratoga Springs,NY,Skidmore College,BI 105,Biological Sciences I: Unity Of Life,BIOL 1010 + BIOL 1015,Introduction To Biology + Introduction To Biology Laboratory,,,,Skidmore College
Phoenix,AZ,South Mountain Community College,BIO 100,Biology Concepts,BIOL 1010,Introduction To Biology,,,,Maricopa County Community College District Course Descriptions
Phoenix,AZ,South Mountain Community College,BIO 181,General Biology (Majors) I,BIOL 1010 + BIOL 1015,Introduction To Biology + Introduction To Biology Laboratory,BIOL 1010 (3cr) + BIOL 1015 (1cr),05/01/2023,05/01/2026,Maricopa County Community College District Course Descriptions
South Portland,ME,Southern Maine Community College,BIOL 100,Biology With Lab For Non-Majors,BIOL 1010 + BIOL 1015,Introduction To Biology + Introduction To Biology Laboratory,,,,Southern Maine Community College
South Portland,ME,Southern Maine Community College,BIOL 124,Biology I With Lab,BIOL 1010 + BIOL 1015,Introduction To Biology + Introduction To Biology Laboratory,,,,Southern Maine Community College
South Portland,ME,Southern Maine Community College,BIOL 121 + BIOL 124,Biology I Lab + Biology I With Lab,BIOL 1010 + BIOL 1015,Introduction To Biology + Introduction To Biology Laboratory,,,,Southern Maine Community College
Baton Rouge,LA,Southern University And A & M College,BIOL 108,General Biology,BIOL 1010 + BIOL 1015,Introduction To Biology + Introduction To Biology Laboratory,,,,Southern University And A & M College
Springfield,MA,Springfield Technical Community College,BIOL-102,Principles Of Biology 1,BIOL 1010 + BIOL 1015,Introduction To Biology + Introduction To Biology Laboratory,,,,Springfield Technical Community College
Springfield,MA,Springfield Technical Community College,BIOL-106,Biology 1,BIOL 1010 + BIOL 1015,Introduction To Biology + Introduction To Biology Laboratory,,,,Springfield Technical Community College
Canton,NY,St Lawrence University,BIOL 101,General Biology I,BIOL 1010 + BIOL 1015,Introduction To Biology + Introduction To Biology Laboratory,,,,Saint Lawrence University
Clearwater,FL,St Petersburg College,BSC 2010 + BSC 2010L,Biology I Cellular Processes + Biology I Cellular Processes Laboratory,BIOL 1010,Introduction To Biology,,,,St. Petersburg College
Saint Bonaventure,NY,St. Bonaventure University,BIO-105 + BIO-106,Biological Science I + Biological Science II,BIOL 1000 + BIOL 1010 + BIOL 1015,Biology Elective + Introduction To Biology + Introduction To Biology Laboratory,,,,St. Bonaventure University
Saint Bonaventure,NY,St. Bonaventure University,BIO-106,Biological Science II,BIOL 1000 + BIOL 1000 + BIOL 1010 + BIOL 1010 + BIOL 1015 + BIOL 1015,Biology Elective + Biology Elective + Introduction To Biology + Introduction To Biology + Introduction To Biology Laboratory + Introduction To Biology Laboratory,,,,St. Bonaventure University
Saint Bonaventure,NY,St. Bonaventure University,BIO-106,Biological Science II,BIOL 1000 + BIOL 1000 + BIOL 1010 + BIOL 1010 + BIOL 1015 + BIOL 1015,Biology Elective + Biology Elective + Introduction To Biology + Introduction To Biology + Introduction To Biology Laboratory + Introduction To Biology Laboratory,,,,St. Bonaventure University
Selden,NY,Suffolk County Community College-Ammerman Campus,BIO101,Principles Of Biology,BIOL 1010 + BIOL 1015,Introduction To Biology + Introduction To Biology Laboratory,,,,Suffolk County Community College
Selden,NY,Suffolk County Community College-Central Report,BIO101,Principles Of Biology,BIOL 1010 + BIOL 1015,Introduction To Biology + Introduction To Biology Laboratory,,,,Suffolk County Community College
Riverhead,NY,Suffolk County Community College-Eastern Campus,BIO101,Principles Of Biology,BIOL 1010 + BIOL 1015,Introduction To Biology + Introduction To Biology Laboratory,,,,Suffolk County Community College
Brentwood,NY,Suffolk County Community College-Western Campus,BIO101,Principles Of Biology,BIOL 1010 + BIOL 1015,Introduction To Biology + Introduction To Biology Laboratory,,,,Suffolk County Community College
Loch Sheldrake,NY,Sullivan County Community College,SCI 1124,Principles Of Biology I,BIOL 1010 + BIOL 1015,Introduction To Biology + Introduction To Biology Laboratory,,,,SUNY Sullivan County Community College
Loch Sheldrake,NY,Sullivan County Community College,SCI 1101 + SCI 1124,Introduction To Biology I + Principles Of Biology I,BIOL 1010 + BIOL 1015,Introduction To Biology + Introduction To Biology Laboratory,,,,Sullivan County Community College Spring Semester
Vestal,NY,Suny At Binghamton,BIOL 113,Intro To Cell & Molecular Biol,BIOL 1010 + BIOL 1015,Introduction To Biology + Introduction To Biology Laboratory,,,,SUNY Binghamton University
Geneseo,NY,Suny College At Geneseo,BIOL 100,N/Contemporary Biology,BIOL 1010 + BIOL 1015,Introduction To Biology + Introduction To Biology Laboratory,,,,SUNY Geneseo Undergraduate
Geneseo,NY,Suny College At Geneseo,BIOL 116 + BIOL 117 + BIOL 119,"N/General Biology Laboratory + General Biology: Cells, Genetics, Evolution + N/General Biology: Diversity, Physiology, Ecology",BIOL 1000 + BIOL 1010 + BIOL 1015,Biology Elective + Introduction To Biology + Introduction To Biology Laboratory,,,,SUNY Geneseo Undergraduate
Oneonta,NY,Suny College At Oneonta,BIOL 100,Modern Biology,BIOL 1010 + BIOL 1015,Introduction To Biology + Introduction To Biology Laboratory,,,,SUNY Oneonta Undergraduate
Oneonta,NY,Suny College At Oneonta,BIOL 180,Biology I: Cells To Organisms,BIOL 1010 + BIOL 1010 + BIOL 1015 + BIOL 1015,Introduction To Biology + Introduction To Biology + Introduction To Biology Laboratory + Introduction To Biology Laboratory,,,,SUNY Oneonta Undergraduate
Oneonta,NY,Suny College At Oneonta,BIOL 180,Biology I: Cells To Organisms,BIOL 1010 + BIOL 1010 + BIOL 1015 + BIOL 1015,Introduction To Biology + Introduction To Biology + Introduction To Biology Laboratory + Introduction To Biology Laboratory,,,,SUNY Oneonta Undergraduate
Oneonta,NY,Suny College At Oneonta,BIOL 180 + BIOL 181,Biology I: Cells To Organisms + Biology II: Ecology And Evolution,BIOL 1010 + BIOL 1010 + BIOL 1015 + BIOL 1015,Introduction To Biology + Introduction To Biology + Introduction To Biology Laboratory + Introduction To Biology Laboratory,,,,SUNY Oneonta Undergraduate
Oneonta,NY,Suny College At Oneonta,BIOL 180 + BIOL 181,Biology I: Cells To Organisms + Biology II: Ecology And Evolution,BIOL 1010 + BIOL 1010 + BIOL 1015 + BIOL 1015,Introduction To Biology + Introduction To Biology + Introduction To Biology Laboratory + Introduction To Biology Laboratory,,,,SUNY Oneonta Undergraduate
Oswego,NY,Suny College At Oswego,BIO 101,General Biology,BIOL 1010,Introduction To Biology,,,,SUNY Oswego Undergraduate
Plattsburgh,NY,Suny College At Plattsburgh,BIO 100,Concepts In Biology,BIOL 1010,Introduction To Biology,,,,SUNY College At Plattsburgh Undergraduate And Graduate
Plattsburgh,NY,Suny College At Plattsburgh,BIO 101,General Biology I,BIOL 1010 + BIOL 1015,Introduction To Biology + Introduction To Biology Laboratory,,,,SUNY College At Plattsburgh Undergraduate And Graduate
Potsdam,NY,Suny College At Potsdam,BIOL 100,Principles Of Biology,BIOL 1010 + BIOL 1015,Introduction To Biology + Introduction To Biology Laboratory,,,,SUNY Potsdam
Potsdam,NY,Suny College At Potsdam,BIOL 151,Gen Bio: Cells & Genetics,BIOL 1010 + BIOL 1015,Introduction To Biology + Introduction To Biology Laboratory,,,,SUNY Potsdam
Purchase,NY,Suny College At Purchase,BIO 1550,General Biology I,BIOL 1000 + BIOL 1000 + BIOL 1010 + BIOL 1010 + BIOL 1015 + BIOL 1015,Biology Elective + Biology Elective + Introduction To Biology + Introduction To Biology + Introduction To Biology Laboratory + Introduction To Biology Laboratory,,,,SUNY Purchase College
Purchase,NY,Suny College At Purchase,BIO 1550,General Biology I,BIOL 1000 + BIOL 1000 + BIOL 1010 + BIOL 1010 + BIOL 1015 + BIOL 1015,Biology Elective + Biology Elective + Introduction To Biology + Introduction To Biology + Introduction To Biology Laboratory + Introduction To Biology Laboratory,,,,SUNY Purchase College
Purchase,NY,Suny College At Purchase,BIO 1550 + BIO 1550,General Biology I + General Biology I,BIOL 1000 + BIOL 1000 + BIOL 1010 + BIOL 1010 + BIOL 1015 + BIOL 1015,Biology Elective + Biology Elective + Introduction To Biology + Introduction To Biology + Introduction To Biology Laboratory + Introduction To Biology Laboratory,,,,SUNY Purchase College
Purchase,NY,Suny College At Purchase,BIO 1550 + BIO 1550,General Biology I + General Biology I,BIOL 1000 + BIOL 1000 + BIOL 1010 + BIOL 1010 + BIOL 1015 + BIOL 1015,Biology Elective + Biology Elective + Introduction To Biology + Introduction To Biology + Introduction To Biology Laboratory + Introduction To Biology Laboratory,,,,SUNY Purchase College
Cobleskill,NY,Suny College Of Agriculture And Technology At Cobleskill,BIOL 111 + BIOL 111X,Biology I + Biology I Lab,BIOL 1010,Introduction To Biology,,,,SUNY College Of Agriculture And Technology At Cobleskill
Cortland,NY,Suny Cortland,BIO 110,Principles Of Biology I,BIOL 1010 + BIOL 1015,Introduction To Biology + Introduction To Biology Laboratory,,,,SUNY Cortland Undergraduate
Cortland,NY,Suny Cortland,BIO 111,Principles Of Biology II,BIOL 1010 + BIOL 1015,Introduction To Biology + Introduction To Biology Laboratory,,,,SUNY Cortland Undergraduate
New Paltz,NY,Suny New Paltz,BIO201,General Biology I,BIOL 1010,Introduction To Biology,,,,SUNY New Paltz Undergraduate
Utica,NY,Suny Polytechnic Institute,BIO 103,Biology I,BIOL 1010 + BIOL 1015,Introduction To Biology + Introduction To Biology Laboratory,,,,SUNY Polytechnic Institute Undergraduate
Suffern,NY,Suny Rockland Community College,BIO 105,General Biology I,BIOL 1010 + BIOL 1015,Introduction To Biology + Introduction To Biology Laboratory,,,,SUNY Rockland Community College
Stone Ridge,NY,Suny Ulster County Community College,BIO 105,General Biology I,BIOL 1010 + BIOL 1015,Introduction To Biology + Introduction To Biology Laboratory,,,,SUNY Ulster County Community College
Valhalla,NY,Suny Westchester Community College,BIOL 101,Principles Of Biological Science (And Lab),BIOL 1010 + BIOL 1015,Introduction To Biology + Introduction To Biology Laboratory,,,,SUNY Westchester Community College
Valhalla,NY,Suny Westchester Community College,BIOL 115,General Biology 1 (And Lab),BIOL 1010 + BIOL 1015,Introduction To Biology + Introduction To Biology Laboratory,,,,SUNY Westchester Community College
Selinsgrove,PA,Susquehanna University,BIOL-101 + BIOL-102,Ecology And Evolution + Cell Biology And Genetics,BIOL 1000 + BIOL 1010 + BIOL 1015,Biology Elective + Introduction To Biology + Introduction To Biology Laboratory,,,,Susquehanna University
Syracuse,NY,Syracuse University,BIO 121,General Biology I,BIOL 1000 + BIOL 1000 + BIOL 1010 + BIOL 1015,Biology Elective + Biology Elective + Introduction To Biology + Introduction To Biology Laboratory,,,,Syracuse University Undergraduate
Syracuse,NY,Syracuse University,BIO 121 + BIO 123 + BIO 124,General Biology I + General Biology II + General Biology II Laboratory,BIOL 1000 + BIOL 1010 + BIOL 1015,Biology Elective + Introduction To Biology + Introduction To Biology Laboratory,BIOL 1010 (3 cr) BIOL 1015 (1 cr) BIOL 1000 (4 cr),05/01/2023,05/01/2026,Syracuse University Undergraduate
Syracuse,NY,Syracuse University,BIO 121,General Biology I,BIOL 1010 + BIOL 1015,Introduction To Biology + Introduction To Biology Laboratory,,,,Syracuse University Undergraduate
New York,NY,The College Board Ap/Clep,AP,Biology Ap Biology,BIOL 1010 + BIOL 1015,Introduction To Biology + Introduction To Biology Laboratory,Effective for admits Fall 2020: Accepted scores of 5.,09/01/2023,05/01/2024,The College Board AP/CLEP
Albany,NY,The College Of Saint Rose,BIO 190 + BIO 190L,Principles Of Biology 1 + Principles Of Biology 1 Lab,BIOL 1010 + BIOL 1015,Introduction To Biology + Introduction To Biology Laboratory,,,,College Of Saint Rose Undergraduate Studies
University Park,PA,The Pennsylvania State University,BIOL 110,Biology: Basic Concepts And Biodiversity,BIOL 1010 + BIOL 1015,Introduction To Biology + Introduction To Biology Laboratory,,,,Pennsylvania State University Undergraduate
Albany,NY,The Sage College-Albany Campus,BIO 101 + BIO 101L,General Biology I + General Biology I Lab,BIOL 1010,Introduction To Biology,,,,Sage College Of Albany
Philadelphia,PA,Thomas Jefferson University,BIOL 103 + BIOL 103L,Biology I + Biology I Lab,BIOL 1010 + BIOL 1015,Introduction To Biology + Introduction To Biology Laboratory,,,,Thomas Jefferson University
Dryden,NY,Tompkins-Cortland Community College,BIOL104,General Biology I,BIOL 1010 + BIOL 1015,Introduction To Biology + Introduction To Biology Laboratory,,,,Tompkins Cortland Community College (TC3)
Schenectady,NY,Union College,BIO 103,"Diversity Of Life: Heredity, Evolution, And Ecology",BIOL 1010 + BIOL 1015,Introduction To Biology + Introduction To Biology Laboratory,,,,Union College
Schenectady,NY,Union College,BIO 320,Ecology,BIOL 1010 + BIOL 1015,Introduction To Biology + Introduction To Biology Laboratory,,,,Union College
Akron,OH,University Of Akron Main Campus,3100:103,Natural Science: Biology,BIOL 1010,Introduction To Biology,,,,University Of Akron Undergraduate
Berkeley,CA,University Of California-Berkeley,BIOLOGY 1B,General Biology Lecture And Laboratory,BIOL 1010 + BIOL 1015,Introduction To Biology + Introduction To Biology Laboratory,,,,University Of California Berkeley
Blue Ash,OH,University Of Cincinnati-Blue Ash College,BIOL 1081 + BIOL 1081L,Biology I + Biology I Lab,BIOL 1010 + BIOL 1015,Introduction To Biology + Introduction To Biology Laboratory,,,,University Of Cincinnati Course Descriptions
Batavia,OH,University Of Cincinnati-Clermont College,BIOL 1081 + BIOL 1081L,Biology I + Biology I Lab,BIOL 1010 + BIOL 1015,Introduction To Biology + Introduction To Biology Laboratory,,,,University Of Cincinnati Course Descriptions
Cincinnati,OH,University Of Cincinnati-Main Campus,BIOL 1081 + BIOL 1081L,Biology I + Biology I Lab,BIOL 1010 + BIOL 1015,Introduction To Biology + Introduction To Biology Laboratory,,,,University Of Cincinnati Course Descriptions
Storrs,CT,University Of Connecticut,BIOL 1107 + BIOL 1108,Principles Of Biology I + Principles Of Biology II,BIOL 1000 + BIOL 1010 + BIOL 1015,Biology Elective + Introduction To Biology + Introduction To Biology Laboratory,BIOL 1010 (3cr) + BIOL 1015 (1cr) + BIOL 1000 (4cr),05/01/2023,05/01/2026,University Of Connecticut Undergraduate
Groton,CT,University Of Connecticut-Avery Point,BIOL 1107 + BIOL 1108,Principles Of Biology I + Principles Of Biology II,BIOL 1000 + BIOL 1010 + BIOL 1015,Biology Elective + Introduction To Biology + Introduction To Biology Laboratory,BIOL 1010 (3cr) + BIOL 1015 (1cr) + BIOL 1000 (4cr),05/01/2023,05/01/2026,University Of Connecticut Undergraduate
Hartford,CT,University Of Connecticut-Hartford Campus,BIOL 1107 + BIOL 1108,Principles Of Biology I + Principles Of Biology II,BIOL 1000 + BIOL 1010 + BIOL 1015,Biology Elective + Introduction To Biology + Introduction To Biology Laboratory,BIOL 1010 (3cr) + BIOL 1015 (1cr) + BIOL 1000 (4cr),05/01/2023,05/01/2026,University Of Connecticut Undergraduate
Stamford,CT,University Of Connecticut-Stamford,BIOL 1107 + BIOL 1108,Principles Of Biology I + Principles Of Biology II,BIOL 1000 + BIOL 1010 + BIOL 1015,Biology Elective + Introduction To Biology + Introduction To Biology Laboratory,BIOL 1010 (3cr) + BIOL 1015 (1cr) + BIOL 1000 (4cr),05/01/2023,05/01/2026,University Of Connecticut Undergraduate
Waterbury,CT,University Of Connecticut-Waterbury Campus,BIOL 1107 + BIOL 1108,Principles Of Biology I + Principles Of Biology II,BIOL 1000 + BIOL 1010 + BIOL 1015,Biology Elective + Introduction To Biology + Introduction To Biology Laboratory,BIOL 1010 (3cr) + BIOL 1015 (1cr) + BIOL 1000 (4cr),05/01/2023,05/01/2026,University Of Connecticut Undergraduate
Newark,DE,University Of Delaware,BISC 207,Introductory Biology I,BIOL 1010 + BIOL 1015,Introduction To Biology + Introduction To Biology Laboratory,,,,University Of Delaware Undergraduate
Kahului,HI,University Of Hawai'i Maui College,BIOL 171,General Biology I,BIOL 1010 + BIOL 1015,Introduction To Biology + Introduction To Biology Laboratory,,,,Maui College
Houston,TX,University Of Houston,BIOL 1161 + BIOL 1361,Introduction To Biological Science Laboratory 1 + Introduction To Biological Science 1,BIOL 1010,Introduction To Biology,,,,University Of Houston Undergraduate
Iowa City,IA,University Of Iowa,BIOL: 1411,Foundations Of Biology,BIOL 1010 + BIOL 1015,Introduction To Biology + Introduction To Biology Laboratory,,,,University Of Iowa
Orono,ME,University Of Maine,BIO 100,Basic Biology,BIOL 1010,Introduction To Biology,,,,University Of Maine Undergraduate
Baltimore,MD,University Of Maryland-Baltimore County,BIOL 100,Concepts Of Biology,BIOL 1010 + BIOL 1010,Introduction To Biology + Introduction To Biology,,,,University Of Maryland Baltimore County Undergraduate
Baltimore,MD,University Of Maryland-Baltimore County,BIOL 100,Concepts Of Biology,BIOL 1010 + BIOL 1010,Introduction To Biology + Introduction To Biology,,,,University Of Maryland Baltimore County Undergraduate
Baltimore,MD,University Of Maryland-Baltimore County,BIOL 100 + BIOL 100L,Concepts Of Biology + Concepts Of Experimental Biology,BIOL 1010 + BIOL 1010,Introduction To Biology + Introduction To Biology,,,,University Of Maryland Baltimore County Undergraduate
Baltimore,MD,University Of Maryland-Baltimore County,BIOL 100 + BIOL 100L,Concepts Of Biology + Concepts Of Experimental Biology,BIOL 1010 + BIOL 1010,Introduction To Biology + Introduction To Biology,,,,University Of Maryland Baltimore County Undergraduate
College Park,MD,University Of Maryland-College Park,BSCI170,Principles Of Molecular & Cellular Biology,BIOL 1010 + BIOL 1010 + BIOL 1015 + BIOL 1015,Introduction To Biology + Introduction To Biology + Introduction To Biology Laboratory + Introduction To Biology Laboratory,,,,University Of Maryland College Park Undergraduate
College Park,MD,University Of Maryland-College Park,BSCI170,Principles Of Molecular & Cellular Biology,BIOL 1010 + BIOL 1010 + BIOL 1015 + BIOL 1015,Introduction To Biology + Introduction To Biology + Introduction To Biology Laboratory + Introduction To Biology Laboratory,,,,University Of Maryland College Park Undergraduate
College Park,MD,University Of Maryland-College Park,BSCI170 + BSCI171,Principles Of Molecular & Cellular Biology + Principles Of Molecular & Cellular Biology Laboratory,BIOL 1010 + BIOL 1010 + BIOL 1015 + BIOL 1015,Introduction To Biology + Introduction To Biology + Introduction To Biology Laboratory + Introduction To Biology Laboratory,,,,University Of Maryland College Park Undergraduate
College Park,MD,University Of Maryland-College Park,BSCI170 + BSCI171,Principles Of Molecular & Cellular Biology + Principles Of Molecular & Cellular Biology Laboratory,BIOL 1010 + BIOL 1010 + BIOL 1015 + BIOL 1015,Introduction To Biology + Introduction To Biology + Introduction To Biology Laboratory + Introduction To Biology Laboratory,,,,University Of Maryland College Park Undergraduate
Amherst,MA,University Of Massachusetts-Amherst,BIOLOGY 100,Intro Biology I,BIOL 1010,Introduction To Biology,,,,University Of Massachusetts-Amherst Fall Courses
Amherst,MA,University Of Massachusetts-Amherst,BIOLOGY 151,Introductory Biology I,BIOL 1010 + BIOL 1015,Introduction To Biology + Introduction To Biology Laboratory,,,,University Of Massachusetts Amherst Course Descriptions
Amherst,MA,University Of Massachusetts-Amherst,BIOLOGY 190H,Quantitative Biology Of The Cell,BIOL 1010 + BIOL 1015,Introduction To Biology + Introduction To Biology Laboratory,,,,University Of Massachusetts Amherst Course Descriptions
North Dartmouth,MA,University Of Massachusetts-Dartmouth,BIO 121 + BIO 131,Introductory Biology I + Introductory Biology Laboratory I,BIOL 1010 + BIOL 1015,Introduction To Biology + Introduction To Biology Laboratory,,,,University Of Massachusetts Dartmouth
Columbia,MO,University Of Missouri,BIO SC 1500,Introduction To Biological Systems With Laboratory,BIOL 1010,Introduction To Biology,,,,University Of Missouri Columbia Undergraduate Catalog
Las Vegas,NV,University Of Nevada-Las Vegas,BIO 100,Human Biology,BIOL 1010 + BIOL 1015,Introduction To Biology + Introduction To Biology Laboratory,,,,University Of Nevada Las Vegas Undergraduate
Durham,NH,University Of New Hampshire-Main Campus,BIOL 411,Introductory Biology: Molecular And Cellular,BIOL 1010 + BIOL 1015,Introduction To Biology + Introduction To Biology Laboratory,,,,University Of New Hampshire Undergraduate
Durham,NH,University Of New Hampshire-Main Campus,BIOL 413,Principles Of Biology I,BIOL 1010,Introduction To Biology,,,,University Of New Hampshire Undergraduate
Durham,NH,University Of New Hampshire-Main Campus,BIOL 413,Principles Of Biology I,BIOL 1010 + BIOL 1015,Introduction To Biology + Introduction To Biology Laboratory,,,,University Of New Hampshire Manchester
Manchester,NH,University Of New Hampshire-Manchester,BIOL 413,Principles Of Biology I,BIOL 1010 + BIOL 1015,Introduction To Biology + Introduction To Biology Laboratory,,,,University Of New Hampshire Manchester
Jacksonville,FL,University Of North Florida,BSC1010C,General Biology I,BIOL 1010,Introduction To Biology,,,,University Of North Florida
Dahlonega,GA,University Of North Georgia,BIOL 1108K,Principles Of Biology II,BIOL 1000 + BIOL 1000 + BIOL 1010 + BIOL 1010 + BIOL 1015 + BIOL 1015,Biology Elective + Biology Elective + Introduction To Biology + Introduction To Biology + Introduction To Biology Laboratory + Introduction To Biology Laboratory,,,,University Of North Georgia Undergraduate
Dahlonega,GA,University Of North Georgia,BIOL 1108K,Principles Of Biology II,BIOL 1000 + BIOL 1000 + BIOL 1010 + BIOL 1010 + BIOL 1015 + BIOL 1015,Biology Elective + Biology Elective + Introduction To Biology + Introduction To Biology + Introduction To Biology Laboratory + Introduction To Biology Laboratory,,,,University Of North Georgia Undergraduate
Dahlonega,GA,University Of North Georgia,BIOL 1108K + BIOL 1108K,Principles Of Biology II + Principles Of Biology II,BIOL 1000 + BIOL 1000 + BIOL 1010 + BIOL 1010 + BIOL 1015 + BIOL 1015,Biology Elective + Biology Elective + Introduction To Biology + Introduction To Biology + Introduction To Biology Laboratory + Introduction To Biology Laboratory,,,,University Of North Georgia Undergraduate
Dahlonega,GA,University Of North Georgia,BIOL 1108K + BIOL 1108K,Principles Of Biology II + Principles Of Biology II,BIOL 1000 + BIOL 1000 + BIOL 1010 + BIOL 1010 + BIOL 1015 + BIOL 1015,Biology Elective + Biology Elective + Introduction To Biology + Introduction To Biology + Introduction To Biology Laboratory + Introduction To Biology Laboratory,,,,University Of North Georgia Undergraduate
Pittsburgh,PA,University Of Pittsburgh-Main Campus,BIOSC 0050 + BIOSC 0150,Foundations Of Biology Laboratory 1 + Foundations Of Biology 1,BIOL 1010 + BIOL 1015,Introduction To Biology + Introduction To Biology Laboratory,,,,University Of Pittsburgh Undergraduate
Mayaguez,PR,University Of Puerto Rico-Mayaguez,CIBI 3031,Introduction To The Biological Sciences I,BIOL 1010 + BIOL 1010 + BIOL 1015 + BIOL 1015,Introduction To Biology + Introduction To Biology + Introduction To Biology Laboratory + Introduction To Biology Laboratory,,,,University Of Puerto Rico Mayaguez Undergraduate
Mayaguez,PR,University Of Puerto Rico-Mayaguez,CIBI 3031,Introduction To The Biological Sciences I,BIOL 1010 + BIOL 1010 + BIOL 1015 + BIOL 1015,Introduction To Biology + Introduction To Biology + Introduction To Biology Laboratory + Introduction To Biology Laboratory,,,,University Of Puerto Rico Mayaguez Undergraduate
Mayaguez,PR,University Of Puerto Rico-Mayaguez,CIBI 3031 + CIBI 3032,Introduction To The Biological Sciences I + Introduction To The Biological Sciences II,BIOL 1010 + BIOL 1010 + BIOL 1015 + BIOL 1015,Introduction To Biology + Introduction To Biology + Introduction To Biology Laboratory + Introduction To Biology Laboratory,,,,University Of Puerto Rico Mayaguez Undergraduate
Mayaguez,PR,University Of Puerto Rico-Mayaguez,CIBI 3031 + CIBI 3032,Introduction To The Biological Sciences I + Introduction To The Biological Sciences II,BIOL 1010 + BIOL 1010 + BIOL 1015 + BIOL 1015,Introduction To Biology + Introduction To Biology + Introduction To Biology Laboratory + Introduction To Biology Laboratory,,,,University Of Puerto Rico Mayaguez Undergraduate
Kingston,RI,University Of Rhode Island,BIO101,Principles Of Biology I,BIOL 1010,Introduction To Biology,,,,University Of Rhode Island
Los Angeles,CA,University Of Southern California,BISC 120Lg,General Biology: Organismal Biology And Evolution,BIOL 1010 + BIOL 1015,Introduction To Biology + Introduction To Biology Laboratory,,,,University Of Southern California
Portland,ME,University Of Southern Maine,BIO 105K + BIO 106K,Biological Principles I: Cellular Biology + Laboratory Biology,BIOL 1010,Introduction To Biology,,,,University Of Southern Maine Undergraduate
Washington,DC,University Of The District Of Columbia,BIOL101 + BIOL103,Biological Science I + Biological Science I Laboratory,BIOL 1010,Introduction To Biology,,,,University Of The District Of Columbia
Burlington,VT,University Of Vermont And State Agricultural College,BIOL 002,Principles Of Biology,BIOL 1010 + BIOL 1015,Introduction To Biology + Introduction To Biology Laboratory,,,,University Of Vermont Undergraduate
Madison,WI,University Of Wisconsin-Madison,BIOLOGY 151 + BIOLOGY 152,Introductory Biology + Introductory Biology,BIOL 1000 + BIOL 1010 + BIOL 1015,Biology Elective + Introduction To Biology + Introduction To Biology Laboratory,,,,University Of Wisconsin Madison Course Descriptions
Utica,NY,Utica University,BIO 211,General Biology I,BIOL 1010 + BIOL 1015,Introduction To Biology + Introduction To Biology Laboratory,,,,Utica University Winter/Spring Undergraduate
Blacksburg,VA,Virginia Polytechnic Institute And State University,BIOL 1105 + BIOL 1115,Principles Of Biology + Principles Of Biology Laboratory,BIOL 1010 + BIOL-1020,Introduction To Biology + Introduction To Biology Laboratory,,,,Virginia Polytechnic Institute And State University
Washington,NJ,Warren County Community College,BIO 162,General Biology I,BIOL 1010,Introduction To Biology,,,,Warren County Community College
Lexington,VA,Washington And Lee University,BIOL 111D + BIOL 113,Fundamentals Of Biology: Rapid Communication In Animals + Biology Laboratory,BIOL 1010,Introduction To Biology,,,,Washington And Lee University
Chestertown,MD,Washington College,BIO 111,General Biology With Laboratory,BIOL 1010 + BIOL 1015,Introduction To Biology + Introduction To Biology Laboratory,,,,Washington College
Sugar Grove,IL,Waubonsee Community College,BIO 100 + BIO 101,Introduction To Biology + Introduction To Biology Laboratory,BIOL 1010,Introduction To Biology,,,,Waubonsee Community College
Middletown,CT,Wesleyan University,BIOL181 + BIOL191,Principles Of Biology I: Cell Biology And Molecular Basis Of Heredity + Principles Of Biology I--Laboratory,BIOL 1010,Introduction To Biology,,,,Wesleyan University
Saratoga,CA,West Valley College,BIO 010,Introduction To Biology,BIOL 1010,Introduction To Biology,,,,West Valley College
Kalamazoo,MI,Western Michigan University,BIOS 1100 + BIOS 1120,Biological Sciences Laboratory + Principles Of Biology,BIOL 1010 + BIOL 1015,Introduction To Biology + Introduction To Biology Laboratory,,,,Western Michigan University Undergraduate
Springfield,MA,Western New England University,BIO 107 + BIO 117,General Biology I + General Biology Laboratory I,BIOL 1010 + BIOL 1015,Introduction To Biology + Introduction To Biology Laboratory,,,,Western New England University
Palatine,IL,William Rainey Harper College,BIO 110,Introduction To Biology And Society,BIOL 1010 + BIOL 1015,Introduction To Biology + Introduction To Biology Laboratory,,,,Harper College
Worcester,MA,Worcester State University,BI-101,Concepts Of Biology,BIOL 1010,Introduction To Biology,,,,Worcester State University
York,PA,York College Pennsylvania,BIO 150 + BIO 151,Introduction To Molecular Biology + Introduction To Molecular Biology Lab,BIOL 1010,Introduction To Biology,,,,York College Of Pennsylvania Undergraduate
Rock Hill,SC,York Technical College,BIO 101,Biological Science I,BIOL 1010 + BIOL 1015,Introduction To Biology + Introduction To Biology Laboratory,BIOL 1010 (3) + BIOL 1015 (1),01/01/2024,01/01/2027,York Technical College
