City,State,Institution,Transfer Course ID,Transfer Course Name,RPI Course ID,RPI Course Name,Note,Begin,End,Transfer Catalog
Garden City,NY,Adelphi University,CHE112,General Chemistry II,CHEM 1200,Chemistry II,,,,Adelphi University Undergraduate And Graduate Courses
Queensbury,NY,Adirondack Community College,CHM 112,General Chemistry II,CHEM 1200,Chemistry II,,,,SUNY Adirondack Community College
Albany,NY,Albany College Of Pharmacy And Health Sciences,CHE 102,General Chemistry II,CHEM 1200,Chemistry II,,,,Albany College Of Pharmacy And Health Sciences
Alfred,NY,Alfred University,CHEM 106 + CHEM 106L,General Chemistry II + General Chemistry II Laboratory,CHEM 1200,Chemistry II,,,,Alfred University
Sacramento,CA,American River College,CHEM 401,General Chemistry II,CHEM 1200,Chemistry II,,,,American River College
Arnold,MD,Anne Arundel Community College,CHE 112,General Chemistry 2,CHEM 1200,Chemistry II,,,,Anne Arundel Community College
Bakersfield,CA,Bakersfield College,CHEM 1B,General Chemistry And Chemical Analysis,CHEM 1200,Chemistry II,,,,Bakersfield College
Annandale-On-Hudson,NY,Bard College,CHEM 142,Basic Principles Of Chemistry,CHEM 1200,Chemistry II,,,,Bard College
Albion,NY,Bard College - Albion Correctional Facility,CHEM 142,Basic Principles Of Chemistry,CHEM 1200,Chemistry II,,,,Bard College
New York,NY,Bard College - Bard Globalization And International Affairs Program,CHEM 142,Basic Principles Of Chemistry,CHEM 1200,Chemistry II,,,,Bard College
Newark,NJ,Bard College - Bhsec Newark,CHEM 142,Basic Principles Of Chemistry,CHEM 1200,Chemistry II,,,,Bard College
Brooklyn,NY,Bard College - Brooklyn Public Library,CHEM 142,Basic Principles Of Chemistry,CHEM 1200,Chemistry II,,,,Bard College
Napanoch,NY,Bard College - Eastern Ny Correctional Facility,CHEM 142,Basic Principles Of Chemistry,CHEM 1200,Chemistry II,,,,Bard College
Beacon,NY,Bard College - Fishkill Correctional Facility,CHEM 142,Basic Principles Of Chemistry,CHEM 1200,Chemistry II,,,,Bard College
Stormville,NY,Bard College - Green Haven Correctional Facility,CHEM 142,Basic Principles Of Chemistry,CHEM 1200,Chemistry II,,,,Bard College
Holyoke,MA,Bard College - Holyoke Microcollege,CHEM 142,Basic Principles Of Chemistry,CHEM 1200,Chemistry II,,,,Bard College
Los Angeles,CA,Bard College - Mat Program Ca,CHEM 142,Basic Principles Of Chemistry,CHEM 1200,Chemistry II,,,,Bard College
New York,NY,"Bard College - New York Public Library, Countee Cullen Branch",CHEM 142,Basic Principles Of Chemistry,CHEM 1200,Chemistry II,,,,Bard College
Bedford Hill,NY,Bard College - Taconic Correctional Facility,CHEM 142,Basic Principles Of Chemistry,CHEM 1200,Chemistry II,,,,Bard College
Woodbourne,NY,Bard College - Woodbourne Correctional Facility,CHEM 142,Basic Principles Of Chemistry,CHEM 1200,Chemistry II,,,,Bard College
Lewiston,ME,Bates College,CHEM 108A,Chemical Reactivity/Lab,CHEM 1200,Chemistry II,,,,Bates College
Bellevue,WA,Bellevue College,CHEM 150,General Inorganic & Physical Chemistry II,CHEM 1200,Chemistry II,,,,Bellevue Community College
Paramus,NJ,Bergen Community College,CHM-240 + CHM-241,General Chemistry II + General Chemistry II - Lab,CHEM 1200,Chemistry II,,,,Bergen Community College
Pittsfield,MA,Berkshire Community College,CHM 102,Introductory Chemistry II,CHEM 1200,Chemistry II,,,,Berkshire Community College
Birmingham,AL,Birmingham Southern College,CH 149,Chemical Principles,CHEM 1200,Chemistry II,,,,Birmingham Southern College
Fall River,MA,Bristol Community College,CHM 114,Fundamentals Of Chemistry II,CHEM 1200,Chemistry II,,,,Bristol Community College
Lincroft,NJ,Brookdale Community College,CHEM102,General Chemistry II,CHEM 1200,Chemistry II,,,,Brookdale Community College
Binghamton,NY,Broome Community College,CHM 146,General Chemistry II,CHEM 1200,Chemistry II,,,,SUNY Broome Community College
Fort Lauderdale,FL,Broward College,CHM1046L,General Chemistry II Lab,CHEM 1200 + CHEM 1200,Chemistry II + Chemistry II,,,,Broward College
Fort Lauderdale,FL,Broward College,CHM1046L,General Chemistry II Lab,CHEM 1200 + CHEM 1200,Chemistry II + Chemistry II,,,,Broward College
Fort Lauderdale,FL,Broward College,CHM1046L + CHM1046L,General Chemistry II Lab + General Chemistry II Lab,CHEM 1200 + CHEM 1200,Chemistry II + Chemistry II,,,,Broward College
Fort Lauderdale,FL,Broward College,CHM1046L + CHM1046L,General Chemistry II Lab + General Chemistry II Lab,CHEM 1200 + CHEM 1200,Chemistry II + Chemistry II,,,,Broward College
Newtown,PA,Bucks County Community College,CHEM 122,Chemistry II,CHEM 1200,Chemistry II,,,,Bucks County Community College
Bristol,PA,Bucks County Community College-Lower Bucks Campus,CHEM 122,Chemistry II,CHEM 1200,Chemistry II,,,,Bucks County Community College
Perkasie,PA,Bucks County Community College-Upper Bucks Campus,CHEM 122,Chemistry II,CHEM 1200,Chemistry II,,,,Bucks County Community College
Boston,MA,Bunker Hill Community College,CHM-202,General Chemistry II & Lab,CHEM 1200,Chemistry II,,,,Bunker Hill Community College
Aptos,CA,Cabrillo College,CHEM-1B,General Chemistry II,CHEM 1200,Chemistry II,,,,Cabrillo College Course Descriptions
Cambridge, ,Cambridge Assessment International Education,Chemistry - 9701,Chemistry,CHEM 1100 + CHEM 1200,Chemistry I + Chemistry II,A Level Only,,,AICE Cambridge International Exams
Blackwood,NJ,Camden County College,CHM-112,Chemistry II - Science,CHEM 1200,Chemistry II,,,,Camden County College Academic Program Guide
West Barnstable,MA,Cape Cod Community College,CHM102,General Chemistry II,CHEM 1200,Chemistry II,,,,Cape Cod Community College
West Barnstable,MA,Cape Cod Community College,CHM152,General Chemistry II,CHEM 1200,Chemistry II,,,,Cape Cod Community College
Auburn,NY,Cayuga Community College,CHEM 104,General Chemistry II,CHEM 1200,Chemistry II,,,,Cayuga Community College
Bend,OR,Central Oregon Community College,CH 222 + CH 223,General Chemistry II + General Chemistry III,CHEM 1200,Chemistry II,,,,Central Oregon Community College
Chandler,AZ,Chandler-Gilbert Community College,CHM 151LL + CHM 152,General Chemistry I Laboratory + General Chemistry II,CHEM 1200,Chemistry II,CHEM 1200 (4cr),05/01/2023,05/01/2026,Maricopa County Community College District Course Descriptions
Chicago,IL,City Colleges Of Chicago-Central Office,CHEM 203,General Chemistry II,CHEM 1200,Chemistry II,,,,City Colleges Of Chicago
Chicago,IL,City Colleges Of Chicago-Harold Washington College,CHEM 203,General Chemistry II,CHEM 1200,Chemistry II,,,,City Colleges Of Chicago
Chicago,IL,City Colleges Of Chicago-Harry S Truman College,CHEM 203,General Chemistry II,CHEM 1200,Chemistry II,,,,City Colleges Of Chicago
Chicago,IL,City Colleges Of Chicago-Kennedy-King College,CHEM 203,General Chemistry II,CHEM 1200,Chemistry II,,,,City Colleges Of Chicago
Chicago,IL,City Colleges Of Chicago-Malcolm X College,CHEM 203,General Chemistry II,CHEM 1200,Chemistry II,,,,City Colleges Of Chicago
Chicago,IL,City Colleges Of Chicago-Olive-Harvey College,CHEM 203,General Chemistry II,CHEM 1200,Chemistry II,,,,City Colleges Of Chicago
Chicago,IL,City Colleges Of Chicago-Richard J Daley College,CHEM 203,General Chemistry II,CHEM 1200,Chemistry II,,,,City Colleges Of Chicago
Chicago,IL,City Colleges Of Chicago-Wilbur Wright College,CHEM 203,General Chemistry II,CHEM 1200,Chemistry II,,,,City Colleges Of Chicago
Atlanta,GA,Clark Atlanta University,CCHE 211 + CCHE 211L,Analytical Chemistry I + Analytical Chemistry I,CHEM 1200,Chemistry II,,,,Clark Atlanta University Undergraduate
Worcester,MA,Clark University,CHEM 102,Introductory Chemistry II,CHEM 1200,Chemistry II,,,,Clark University
Potsdam,NY,Clarkson University,CM 132,General Chemistry II,CHEM 1200,Chemistry II,,,,Clarkson University Course Descriptions
Potsdam,NY,Clarkson University,CM 106 + CM 132,Chemistry Laboratory II + General Chemistry II,CHEM 1200,Chemistry II,,,,Clarkson University Course Descriptions
Schenectady,NY,Clarkson University Capital Region Campus,CM 132,General Chemistry II,CHEM 1200,Chemistry II,,,,Clarkson University Course Descriptions
Schenectady,NY,Clarkson University Capital Region Campus,CM 106 + CM 132,Chemistry Laboratory II + General Chemistry II,CHEM 1200,Chemistry II,,,,Clarkson University Course Descriptions
Clemson,SC,Clemson University,CH 1020,General Chemistry,CHEM 1200,Chemistry II,,,,Clemson University Undergraduate
Waterville,ME,Colby College,CH142,General Chemistry II,CHEM 1200,Chemistry II,,,,Colby College
Kentfield,CA,College Of Marin,CHEM132,General Chemistry II,CHEM 1200,Chemistry II,,,,College Of Marin
Chicopee,MA,College Of Our Lady Of The Elms,CHE 122,General Chemistry,CHEM 1200,Chemistry II,,,,Elms College
San Mateo,CA,College Of San Mateo,CHEM 220,General Chemistry II,CHEM 1200,Chemistry II,,,,College Of San Mateo
Twin Falls,ID,College Of Southern Idaho,CHEM 112 + CHEM 112L,General Chemistry 2 + General Chemistry 2 Lab,CHEM 1200,Chemistry II,,,,College Of Southern Idaho
La Plata,MD,College Of Southern Maryland,CHE-1210 + CHE-1210L,General Chemistry II + General Chemistry II - Lab,CHEM 1200,Chemistry II,,,,College Of Southern Maryland
Hudson,NY,Columbia-Greene Community College,CH 102,General Chemistry II,CHEM 1200,Chemistry II,,,,Columbia-Greene Community College
Warwick,RI,Community College Of Rhode Island,CHEM 1100,General Chemistry II,CHEM 1200,Chemistry II,CHEM 1200 (4cr),05/01/2023,05/01/2026,Community College Of Rhode Island
New London,CT,Connecticut College,CHM 104,General Chemistry,CHEM 1200,Chemistry II,,,,Connecticut College
Bridgeport,CT,Connecticut State Community College Housatonic Campus,CHE* E122,General Chemistry II,CHEM 1200,Chemistry II,,,,Housatonic Community College
Waterbury,CT,Connecticut State Community College Naugatuck Campus,CHE* H122,General Chemistry II,CHEM 1200,Chemistry II,,,,Naugatuck Valley Community College
New York,NY,Cooper Union For The Advancement Of Science & Art,CH 111,General Chemistry Laboratory,CHEM 1110 + CHEM 1200,Chemistry I With Advanced Lab + Chemistry II,,,,Cooper Union
Corning,NY,Corning Community College,CHEM 1520,General Chemistry II,CHEM 1200,Chemistry II,,,,Corning Community College
Randolph,NJ,County College Of Morris,CHM-127 + CHM-128,General Chemistry II - Lecture + General Chemistry II - Laboratory,CHEM 1200 + CHEM 1200,Chemistry II + Chemistry II,,,,County College Of Morris
Randolph,NJ,County College Of Morris,CHM-127 + CHM-128,General Chemistry II - Lecture + General Chemistry II - Laboratory,CHEM 1200 + CHEM 1200,Chemistry II + Chemistry II,,,,County College Of Morris
New York,NY,Cuny Borough Of Manhattan Community College,CHE 202,College Chemistry II,CHEM 1200,Chemistry II,,09/01/2023,09/01/2026,CUNY Borough Of Manhattan Community College
Bronx,NY,Cuny Bronx Community College,CHM 12,General College Chemistry II,CHEM 1200,Chemistry II,,,,CUNY Bronx Community College
Bronx,NY,Cuny Bronx Community College,CHM 22,General Chemistry II With Qualitative Analysis,CHEM 1200,Chemistry II,,,,CUNY Bronx Community College
New York,NY,Cuny City College,CHEM 10401,General Chemistry II,CHEM 1200,Chemistry II,,,,CUNY City College
Staten Island,NY,Cuny College Of Staten Island,CHM 127 + CHM 142,General Chemistry II Laboratory + General Chemistry II,CHEM 1200,Chemistry II,,,,CUNY College Of Staten Island Undergraduate
Brooklyn,NY,Cuny Kingsborough Community College,CHM 1200,General Chemistry II,CHEM 1200,Chemistry II,,,,CUNY Kingsborough Community College
Long Island City,NY,Cuny Laguardia Community College,SCC202,General Chemistry II,CHEM 1200,Chemistry II,,,,CUNY LaGuardia Community College
Brooklyn,NY,Cuny New York City College Of Technology,CHEM 1210,General Chemistry II,CHEM 1200,Chemistry II,,,,CUNY New York City College Of Technology Fall
Queens,NY,Cuny Queens College,CHEM 1141 + CHEM 1144,Quantitative And Qualitative Analysis + General Chemistry II,CHEM 1200,Chemistry II,,,,CUNY Queens College Undergraduate
Bayside,NY,Cuny Queensborough Community College,CH152,General Chemistry II,CHEM 1200,Chemistry II,,,,CUNY Queensborough Community College
Daytona Beach,FL,Daytona State College,CHM1046 + CHM1046L,General College Chemistry II + General College Chemistry II Lab,CHEM 1200,Chemistry II,,,,Daytona State College
Media,PA,Delaware County Community College,CHE 111,General Chemistry II,CHEM 1200,Chemistry II,,,,Delaware County Community College
Granville,OH,Denison University,CHEM 132,Organic Structure And Reactivity,CHEM 1200,Chemistry II,,,,Denison University
Pleasant Hill,CA,Diablo Valley College,CHEM-121,General College Chemistry II,CHEM 1200,Chemistry II,,,,Diablo Valley College
Carlisle,PA,Dickinson College,CHEM 132,General Chemistry II With Lab,CHEM 1100 + CHEM 1100 + CHEM 1200 + CHEM 1200,Chemistry I + Chemistry I + Chemistry II + Chemistry II,,,,Dickinson College
Carlisle,PA,Dickinson College,CHEM 132,General Chemistry II With Lab,CHEM 1100 + CHEM 1100 + CHEM 1200 + CHEM 1200,Chemistry I + Chemistry I + Chemistry II + Chemistry II,,,,Dickinson College
Carlisle,PA,Dickinson College,CHEM 241,Organic Chemistry I With Lab,CHEM 1200,Chemistry II,,,,Dickinson College
Carlisle,PA,Dickinson College,CHEM 131 + CHEM 241,General Chemistry I With Lab + Organic Chemistry I With Lab,CHEM 1200,Chemistry II,,,,Dickinson College
Philadelphia,PA,Drexel University,TDEC 121,Chemical & Biological Foundations Of Engineering II,CHEM 1200,Chemistry II,,,,Drexel University
Pittsburgh,PA,Duquesne University,CHEM 122,General Chemistry II,CHEM 1200,Chemistry II,,,,Duquesne University Undergraduate
Poughkeepsie,NY,Dutchess Community College,CHE122,General Chemistry II,CHEM 1200,Chemistry II,,,,Dutchess Community College
Cheney,WA,Eastern Washington University,CHEM 152,General Chemistry,CHEM 1200,Chemistry II,,,,Eastern Washington University
Saint Petersburg,FL,Eckerd College,CH 122,General Chemistry II,CHEM 1200,Chemistry II,,,,Eckerd College
Avondale,AZ,Estrella Mountain Community College,CHM 151LL + CHM 152,General Chemistry I Laboratory + General Chemistry II,CHEM 1200,Chemistry II,CHEM 1200 (4cr),05/01/2023,05/01/2026,Maricopa County Community College District Course Descriptions
Fairfield,CT,Fairfield University,CH 12,General Inorganic Chemistry II,CHEM 1200,Chemistry II,,,,Fairfield University Undergraduate
Wroxton, ,Fairleigh Dickinson University - Wroxton,CHEM_1202 + CHEM_1204,General Chemistry II + Lab: General Chemistry II,CHEM 1200,Chemistry II,CHEM 1200 (4cr),09/01/2023,09/01/2026,Fairleigh Dickinson University Course Offerings
Madison,NJ,Fairleigh Dickinson University-Florham Campus,CHEM_1202 + CHEM_1204,General Chemistry II + Lab: General Chemistry II,CHEM 1200,Chemistry II,CHEM 1200 (4cr),09/01/2023,09/01/2026,Fairleigh Dickinson University Course Offerings
Teaneck,NJ,Fairleigh Dickinson University-Metropolitan Campus,CHEM_1202 + CHEM_1204,General Chemistry II + Lab: General Chemistry II,CHEM 1200,Chemistry II,CHEM 1200 (4cr),09/01/2023,09/01/2026,Fairleigh Dickinson University Course Offerings
Canandaigua,NY,Finger Lakes Community College,CHM 122,General Chemistry II,CHEM 1200,Chemistry II,,,,Finger Lakes Community College
Los Altos Hills,CA,Foothill College,CHEM 1B,General Chemistry,CHEM 1200,Chemistry II,,,,Foothill College
Bronx,NY,Fordham University,CHEM 1322 + CHEM 1332,General Chemistry II + General Chemistry Lab II,CHEM 1200,Chemistry II,,,,Fordham University
Winston Salem,NC,Forsyth Technical Community College,CHM 152,General Chemistry II,CHEM 1200,Chemistry II,,,,Forsyth Technical Community College
Hays,KS,Fort Hays State University,CHEM 122 + CHEM 122L,University Chemistry II + University Chemistry Laboratory II,CHEM 1200,Chemistry II,,,,Fort Hays State University
Hays,KS,Fort Hays State University,CHEM 122L,University Chemistry Laboratory II,CHEM 1200 + CHEM 1200,Chemistry II + Chemistry II,,,,Fort Hays State University
Hays,KS,Fort Hays State University,CHEM 122L,University Chemistry Laboratory II,CHEM 1200 + CHEM 1200,Chemistry II + Chemistry II,,,,Fort Hays State University
Lancaster,PA,Franklin And Marshall College,CHM 112,General Chemistry II: Reactions In The Atomic World,CHEM 1200,Chemistry II,,,,Franklin And Marshall College
Fresno,CA,Fresno City College,CHEM 1B,General Chemistry And Qualitative Analysis,CHEM 1200,Chemistry II,,,,Fresno City College
Johnstown,NY,Fulton-Montgomery Community College,CH 174,General Chemistry II,CHEM 1200,Chemistry II,,,,Fulton-Montgomery Community College
Johnstown,NY,Fulton-Montgomery Community College,CHM 174,General Chemistry II,CHEM 1200,Chemistry II,,,,Fulton-Montgomery Community College
Greenville,SC,Furman University,CHM-115,"Kinetics, Thermodynamics And The Environment",CHEM 1200,Chemistry II,,,,Furman University
Phoenix,AZ,Gateway Community College,CHM 151LL + CHM 152,General Chemistry I Laboratory + General Chemistry II,CHEM 1200,Chemistry II,CHEM 1200 (4cr),05/01/2023,05/01/2026,Maricopa County Community College District Course Descriptions
Batavia,NY,Genesee Community College,CHE102,General Chemistry 2,CHEM 1200,Chemistry II,,,,Genesee Community College
Washington,DC,Georgetown University,CHEM-056 + CHEM-058,General Chemistry Lecture For Majors + General Chemistry Laboratory For Majors,CHEM 1200,Chemistry II,,,,Georgetown University Course Descriptions
Glendale,AZ,Glendale Community College,CHM 151LL + CHM 152,General Chemistry I Laboratory + General Chemistry II,CHEM 1200,Chemistry II,CHEM 1200 (4cr),05/01/2023,05/01/2026,Maricopa County Community College District Course Descriptions
Glendale,CA,Glendale Community College,CHEM 102,General Chemistry B,CHEM 1200,Chemistry II,,,,Glendale Community College
Greenfield,MA,Greenfield Community College,CHE 112,General Chemistry II,CHEM 1200,Chemistry II,,,,Greenfield Community College
Greenville,SC,Greenville Technical College,CHM 111,College Chemistry II,CHEM 1200,Chemistry II,,,,Greenville Technical College
Grinnell,IA,Grinnell College,CHM 210,Inorganic And Analytical Chemistry,CHEM 1200,Chemistry II,,,,Grinnell College
Hagerstown,MD,Hagerstown Community College,CHM 104,General Chemistry II,CHEM 1200,Chemistry II,,,,Hagerstown Community College
Bel Air,MD,Harford Community College,CHEM 112,General Chemistry II A,CHEM 1200,Chemistry II,,,,Harford Community College
Oneonta,NY,Hartwick College,CHEM 108 + CHEM 108L,General Chemistry II + General Chemistry II Lab,CHEM 1200,Chemistry II,,,,Hartwick College
Oneonta,NY,Hartwick College,CHEM 108L,General Chemistry II Lab,CHEM 1200 + CHEM 1200,Chemistry II + Chemistry II,,,,Hartwick College
Oneonta,NY,Hartwick College,CHEM 108L,General Chemistry II Lab,CHEM 1200 + CHEM 1200,Chemistry II + Chemistry II,,,,Hartwick College
Cambridge,MA,Harvard University,CHEM E-1B,General Chemistry II,CHEM 1200,Chemistry II,,,,Harvard University Extension Programs
Butte,MT,Highlands College Of Montana Tech,CHEM 1066,General Chemistry,CHEM 1200,Chemistry II,,,,Montana Tech Of The University Of Montana
Tampa,FL,Hillsborough Community College,CHM 1046 + CHM 1046L,College Chemistry II + College Chemistry II Lab,CHEM 1200,Chemistry II,,,,Hillsborough Community College
Columbia,MD,Howard Community College,CHEM 102,General Inorganic Chemistry II,CHEM 1200,Chemistry II,,,,Howard Community College
Jersey City,NJ,Hudson County Community College,CHP 211,College Chemistry II,CHEM 1200,Chemistry II,,,,Hudson County Community College
Troy,NY,Hudson Valley Community College,CHEM 111,General Chemistry II,CHEM 1200,Chemistry II,CHEM 1200 (4cr),09/01/2023,09/01/2026,Hudson Valley Community College
Troy,NY,Hudson Valley Community College,CHEM 121,Chemistry II,CHEM 1200,Chemistry II,,,,Hudson Valley Community College
East Peoria,IL,Illinois Central College,CHEM 132,General Chemistry,CHEM 1200,Chemistry II,,,,Illinois Central College
Indianapolis,IN,Indiana University-Purdue University-Indianapolis,CHEM-C 106,Principles Of Chemistry II,CHEM 1200,Chemistry II,,,,Indiana University Purdue University Indianapolis Bulletin
Richmond,VA,J Sargeant Reynolds Community College,CHM 112,General Chemistry II,CHEM 1200,Chemistry II,,,,J Sargeant Reynolds Community College
Watertown,NY,Jefferson Community College,CHE 132,General Chemistry 2,CHEM 1200,Chemistry II,,,,Jefferson Community College
Gambier,OH,Kenyon College,CHEM 125 + CHEM 126,Nanoscience And Materials Chemistry + Introductory Chemistry Lab II,CHEM 1200,Chemistry II,,,,Kenyon College
Easton,PA,Lafayette College,CHEM 122,General Chemistry II,CHEM 1200,Chemistry II,,,,Lafayette College
Putney,VT,Landmark College,CHE1521 + CHE1522,Principles Of Chemistry I + Principles Of Chemistry II,CHEM 1100 + CHEM 1200,Chemistry I + Chemistry II,,,,Landmark College
Putney,VT,Landmark College,CHE1522,Principles Of Chemistry II,CHEM 1100 + CHEM 1100 + CHEM 1200 + CHEM 1200,Chemistry I + Chemistry I + Chemistry II + Chemistry II,,,,Landmark College
Putney,VT,Landmark College,CHE1522,Principles Of Chemistry II,CHEM 1100 + CHEM 1100 + CHEM 1200 + CHEM 1200,Chemistry I + Chemistry I + Chemistry II + Chemistry II,,,,Landmark College
Schnecksville,PA,Lehigh Carbon Community College,CHE 112,General Chemistry II,CHEM 1200,Chemistry II,,,,Lehigh Carbon Community College
Albany,OR,Linn-Benton Community College,CH 221 + CH 222 + CH 223,General Chemistry + General Chemistry + General Chemistry,CHEM 1100 + CHEM 1200,Chemistry I + Chemistry II,,,,Linn-Benton Community College
The Woodlands,TX,Lone Star College System,CHEM1412,General Chemistry II,CHEM 1200,Chemistry II,,,,Lone Star College
Los Angeles,CA,Los Angeles City College,CHEM 102,General Chemistry II,CHEM 1200,Chemistry II,,,,Los Angeles City College
Nanticoke,PA,Luzerne County Community College,CHE 152,General Chemistry II,CHEM 1200,Chemistry II,,,,Luzerne County Community College
Manchester,NH,Manchester Community College,CHEM116,General Chemistry II,CHEM 1200,Chemistry II,,,,Manchester Community College
Riverdale,NY,Manhattan College,CHEM 102 + CHEM 104,General Chemistry II + General Chemistry Laboratory II,CHEM 1200,Chemistry II,,,,Manhattan College Undergraduate
Purchase,NY,Manhattanville College,CHM 1002,Principles Of Chemistry II,CHEM 1200,Chemistry II,,,,Manhattanville College Undergraduate
Tempe,AZ,Maricopa Community College District,CHM 151LL + CHM 152,General Chemistry I Laboratory + General Chemistry II,CHEM 1200,Chemistry II,CHEM 1200 (4cr),05/01/2023,05/01/2026,Maricopa County Community College District Course Descriptions
Rancho Palos Verdes,CA,Marymount California University,SCI 221,General Chemistry II,CHEM 1200,Chemistry II,,,,Marymount California University
Lucerne,CA,Marymount California University - Lakeside Campus,SCI 221,General Chemistry II,CHEM 1200,Chemistry II,,,,Marymount California University
San Pedro,CA,Marymount California University - Waterfront Campus,SCI 221,General Chemistry II,CHEM 1200,Chemistry II,,,,Marymount California University
Brockton,MA,Massasoit Community College,CHEM-152,General Chemistry II,CHEM 1200,Chemistry II,,,,Massasoit Community College
Montreal,QC,Mcgill University,CHEM 120,General Chemistry 2,CHEM 1200,Chemistry II,,,,Mcgill University Course Descriptions
West Windsor,NJ,Mercer County Community College,CHE 102,General Chemistry II,CHEM 1200,Chemistry II,,,,Mercer County Community College
Mesa,AZ,Mesa Community College,CHM 151LL + CHM 152,General Chemistry I Laboratory + General Chemistry II,CHEM 1200,Chemistry II,CHEM 1200 (4cr),05/01/2023,05/01/2026,Maricopa County Community College District Course Descriptions
Miami,FL,Miami Dade College,CHM1046 + CHM1046L,General Chemistry And Qualitative Analysis + General Chemistry & Qualitative Analysis Lab,CHEM 1200,Chemistry II,,,,Miami Dade College
Houghton,MI,Michigan Technological University,CH 1160 + CH 1161,University Chemistry II + University Chemistry Laboratory II,CHEM 1200,Chemistry II,,,,Michigan Technological University Undergraduate
Edison,NJ,Middlesex College,CHM 124,General Chemistry II,CHEM 1200,Chemistry II,,,,Middlesex County College
Bedford,MA,Middlesex Community College,CHE 132,College Chemistry II,CHEM 1200,Chemistry II,,,,Middlesex Community College
Santa Clara,CA,Mission College,CHEM 001B,General Chemistry,CHEM 1200,Chemistry II,,,,Mission College
Rolla,MO,Missouri University Of Science And Technology,CHEM 3,General Chemistry,CHEM 1200,Chemistry II,,,,Missouri University Of Science And Technology Undergraduate
Utica,NY,Mohawk Valley Community College-Utica Branch,CH142,General Chemistry 2,CHEM 1200,Chemistry II,,,,Mohawk Valley Community College
Rochester,NY,Monroe Community College,CHE 152,General College Chemistry II,CHEM 1200,Chemistry II,,,,Monroe Community College
Butte,MT,Montana Technological University,CHEM 1066,General Chemistry,CHEM 1200,Chemistry II,,,,Montana Tech Of The University Of Montana
Rockville,MD,Montgomery College,CH 102,Principles Of Chemistry II,CHEM 1200,Chemistry II,,,,Montgomery College
Blue Bell,PA,Montgomery County Community College,CHE 152,Principles Of Chemistry II,CHEM 1200,Chemistry II,,,,Montgomery County Community College
Morrisville,NY,Morrisville State College,CHEM 142,Chemical Principles II,CHEM 1200,Chemistry II,,,,SUNY Morrisville State College
Nashua,NH,Nashua Community College,CHEM131N,General Chemistry II,CHEM 1200,Chemistry II,CHEM 1200 (4cr),05/01/2023,05/01/2026,Nashua Community College
Nashville,TN,Nashville State Community College,CHEM 1120,General Chemistry II,CHEM 1200,Chemistry II,,,,Nashville State Community College
Garden City,NY,Nassau Community College,CHE 132,College Chemistry II,CHEM 1200,Chemistry II,CHEM 1200 (4cr),09/01/2023,09/01/2026,Nassau Community College
Garden City,NY,Nassau Community College,CHE 152,General Chemistry II,CHEM 1200,Chemistry II,,,,Nassau Community College
Henniker,NH,New England College,CH 2120,General Chemistry II,CHEM 1200,Chemistry II,,,,New England College Residential Undergraduate
Newark,NJ,New Jersey Institute Of Technology,CHEM 124 + CHEM 126,General Chemistry Laboratory + General Chemistry II,CHEM 1100 + CHEM 1200,Chemistry I + Chemistry II,,,,New Jersey Institute Of Technology Undergraduate
Roswell,NM,New Mexico Military Institute,CHEM 1220L + CHEM 1224,General Chemistry II Laboratory + General Chemistry II,CHEM 1200,Chemistry II,,,,New Mexico Military Institute
New York,NY,New York Institute Of Technology-Manhattan Campus,CHEM 150,General Chemistry II,CHEM 1200,Chemistry II,,,,New York Institute Of Technology NYIT
Old Westbury,NY,New York Institute Of Technology-Old Westbury,CHEM 150,General Chemistry II,CHEM 1200,Chemistry II,,,,New York Institute Of Technology NYIT
Alfred Station,NY,New York State College Of Ceramics At Alfred University,CHEM 106 + CHEM 106L,General Chemistry II + General Chemistry II Laboratory,CHEM 1200,Chemistry II,,,,Alfred University
New York,NY,New York University,CHEM-UA 126,General Chemistry II And Laboratory,CHEM 1200,Chemistry II,,,,New York University College Of Arts And Sciences
New York,NY,New York University,V25.0102 + V25.0104,General Chemistry II + General Chemistry II Laboratory,CHEM 1200,Chemistry II,,,,New York University College Of Arts And Sciences
Raleigh,NC,North Carolina State University At Raleigh,CH 201 + CH 202,Chemistry - A Quantitative Science + Quantitative Chemistry Laboratory,CHEM 1200,Chemistry II,,,,North Carolina State University Undergraduate
Saranac Lake,NY,North Country Community College,CHE 102,General Chemistry II,CHEM 1200,Chemistry II,,,,North Country Community College
Seattle,WA,North Seattle College,CHE 140,General Chemistry,CHEM 1200,Chemistry II,,,,Seattle Community College District
Danvers,MA,North Shore Community College,CHE104,General Chemistry 2,CHEM 1200,Chemistry II,,,,North Shore Community College
Haverhill,MA,Northern Essex Community College,CHM122,General Chemistry II,CHEM 1200,Chemistry II,,,,Northern Essex Community College
Johnson,VT,Northern Vermont University,CHE 1032,General Chemistry II,CHEM 1200,Chemistry II,,,,Northern Vermont University Undergraduate
Lyndonvile,VT,Northern Vermont University - Lyndon,CHE 1032,General Chemistry II,CHEM 1200,Chemistry II,,,,Northern Vermont University Undergraduate
Lawrence,MA,Northern Vermont University - Northern Essex Community College,CHE 1032,General Chemistry II,CHEM 1200,Chemistry II,,,,Northern Vermont University Undergraduate
Annandale,VA,Northern Virginia Community College,CHM 112,General Chemistry II,CHEM 1200,Chemistry II,CHEM 1200 (4cr),05/01/2023,05/01/2026,Northern Virginia Community College
Evanston,IL,Northwestern University,CHEM 172-0 + CHEM 182-0,Advanced General Physical Chemistry + Advanced General Physical Chemistry Laboratory,CHEM 1200,Chemistry II,,,,Northwestern University Undergraduate
Northfield,VT,Norwich University,CH 104,General Chemistry II,CHEM 1200,Chemistry II,,,,Norwich University Course Descriptions
Bloomfield Hills,MI,Oakland Community College,CHE 1520,General Chemistry II,CHEM 1200,Chemistry II,CHEM 1200 (4cr),05/01/2023,05/01/2026,Oakland Community College
Des Plaines,IL,Oakton College,CHM 122,General College Chemistry II,CHEM 1200,Chemistry II,,,,Oakton Community College
Oberlin,OH,Oberlin College,CHEM 102,Principles Of Chemistry,CHEM 1200,Chemistry II,,,,Oberlin College
Columbus,OH,Ohio State University,CHEM 1220,General Chemistry II,CHEM 1200,Chemistry II,,,,Ohio State University Course Offerings
Wooster,OH,Ohio State University Agricultural Technical Inst,CHEM 1220,General Chemistry II,CHEM 1200,Chemistry II,,,,Ohio State University Course Offerings
Lima,OH,Ohio State University-Lima Campus,CHEM 1220,General Chemistry II,CHEM 1200,Chemistry II,,,,Ohio State University Course Offerings
Mansfield,OH,Ohio State University-Mansfield Campus,CHEM 1220,General Chemistry II,CHEM 1200,Chemistry II,,,,Ohio State University Course Offerings
Marion,OH,Ohio State University-Marion Campus,CHEM 1220,General Chemistry II,CHEM 1200,Chemistry II,,,,Ohio State University Course Offerings
Newark,OH,Ohio State University-Newark Campus,CHEM 1220,General Chemistry II,CHEM 1200,Chemistry II,,,,Ohio State University Course Offerings
Norfolk,VA,Old Dominion University,CHEM 116N,Foundations Of Chemistry,CHEM 1200,Chemistry II,,,,Old Dominion University Undergraduate
Syracuse,NY,Onondaga Community College,CHE 104,General Chemistry II,CHEM 1200,Chemistry II,,,,Onondaga Community College
Syracuse,NY,Onondaga Community College,CHE 172 + CHE 172L,General Chemistry II + General Chemistry II Laboratory,CHEM 1200,Chemistry II,,,,Onondaga Community College
Middletown,NY,Orange County Community College,CHM 102,General Chemistry 2,CHEM 1200,Chemistry II,CHEM 1200 (4cr),05/01/2023,05/01/2026,SUNY Orange County Community College
Corvallis,OR,Oregon State University,CH 222,General Chemistry,CHEM 1200,Chemistry II,,,,Oregon State University
Corvallis,OR,Oregon State University,CH 231 + CH 232 + CH 233 + CH 261 + CH 262 + CH 263,General Chemistry + General Chemistry + General Chemistry + Laboratory For Chemistry 231 + Laboratory For Chemistry 232 + Laboratory For Chemistry 233,CHEM 1100 + CHEM 1200,Chemistry I + Chemistry II,,,,Oregon State University
Bend,OR,Oregon State University-Cascades Campus,CH 222,General Chemistry,CHEM 1200,Chemistry II,,,,Oregon State University
Bend,OR,Oregon State University-Cascades Campus,CH 231 + CH 232 + CH 233 + CH 261 + CH 262 + CH 263,General Chemistry + General Chemistry + General Chemistry + Laboratory For Chemistry 231 + Laboratory For Chemistry 232 + Laboratory For Chemistry 233,CHEM 1100 + CHEM 1200,Chemistry I + Chemistry II,,,,Oregon State University
Camden,NJ,Our Lady Of Lourdes School Of Nursing,CHM-112,Chemistry II - Science,CHEM 1200,Chemistry II,,,,Camden County College Academic Program Guide
New York,NY,Pace University-New York,CHE 112,General Chemistry II,CHEM 1200,Chemistry II,,,,Pace University Course Descriptions
Pleasantville,NY,Pace University-Pleasantville Briarcliff,CHE 112,General Chemistry II,CHEM 1200,Chemistry II,,,,Pace University Course Descriptions
White Plains,NY,Pace University-White Plains,CHE 112,General Chemistry II,CHEM 1200,Chemistry II,,,,Pace University Course Descriptions
Phoenix,AZ,Paradise Valley Community College,CHM 151LL + CHM 152,General Chemistry I Laboratory + General Chemistry II,CHEM 1200,Chemistry II,CHEM 1200 (4cr),05/01/2023,05/01/2026,Maricopa County Community College District Course Descriptions
Pasadena,CA,Pasadena City College,CHEM 001B,General Chemistry And Chemical Analysis II,CHEM 1200,Chemistry II,,,,Pasadena City College
Paterson,NJ,Passaic County Community College,CH 112,General Chemistry II,CHEM 1200,Chemistry II,,,,Passaic County Community College
Middletown,PA,Pennsylvania State Univ-Harrisburg Capital College,CHEM 112,Chemical Principles II,CHEM 1200,Chemistry II,,,,Pennsylvania State University Undergraduate
Middletown,PA,Pennsylvania State Univ-Harrisburg Capital College,CHEM 013 + CHEM 112,Chemical Principles + Chemical Principles II,CHEM 1200,Chemistry II,,,,Pennsylvania State University Undergraduate
Center Valley,PA,Pennsylvania State Univ-Lehigh Vly Berks-Lehigh,CHEM 112,Chemical Principles II,CHEM 1200,Chemistry II,,,,Pennsylvania State University Undergraduate
Center Valley,PA,Pennsylvania State Univ-Lehigh Vly Berks-Lehigh,CHEM 013 + CHEM 112,Chemical Principles + Chemical Principles II,CHEM 1200,Chemistry II,,,,Pennsylvania State University Undergraduate
Schuylkill Haven,PA,Pennsylvania State Univ-Schuylkill-Capital College,CHEM 112,Chemical Principles II,CHEM 1200,Chemistry II,,,,Pennsylvania State University Undergraduate
Schuylkill Haven,PA,Pennsylvania State Univ-Schuylkill-Capital College,CHEM 013 + CHEM 112,Chemical Principles + Chemical Principles II,CHEM 1200,Chemistry II,,,,Pennsylvania State University Undergraduate
Abington,PA,Pennsylvania State University-Abington College,CHEM 112,Chemical Principles II,CHEM 1200,Chemistry II,,,,Pennsylvania State University Undergraduate
Abington,PA,Pennsylvania State University-Abington College,CHEM 013 + CHEM 112,Chemical Principles + Chemical Principles II,CHEM 1200,Chemistry II,,,,Pennsylvania State University Undergraduate
Altoona,PA,Pennsylvania State University-Altoona College,CHEM 112,Chemical Principles II,CHEM 1200,Chemistry II,,,,Pennsylvania State University Undergraduate
Altoona,PA,Pennsylvania State University-Altoona College,CHEM 013 + CHEM 112,Chemical Principles + Chemical Principles II,CHEM 1200,Chemistry II,,,,Pennsylvania State University Undergraduate
Monaca,PA,Pennsylvania State University-Beaver,CHEM 112,Chemical Principles II,CHEM 1200,Chemistry II,,,,Pennsylvania State University Undergraduate
Monaca,PA,Pennsylvania State University-Beaver,CHEM 013 + CHEM 112,Chemical Principles + Chemical Principles II,CHEM 1200,Chemistry II,,,,Pennsylvania State University Undergraduate
Reading,PA,Pennsylvania State University-Berks-Lehigh Valley,CHEM 112,Chemical Principles II,CHEM 1200,Chemistry II,,,,Pennsylvania State University Undergraduate
Reading,PA,Pennsylvania State University-Berks-Lehigh Valley,CHEM 013 + CHEM 112,Chemical Principles + Chemical Principles II,CHEM 1200,Chemistry II,,,,Pennsylvania State University Undergraduate
Media,PA,Pennsylvania State University-Delaware,CHEM 112,Chemical Principles II,CHEM 1200,Chemistry II,,,,Pennsylvania State University Undergraduate
Media,PA,Pennsylvania State University-Delaware,CHEM 013 + CHEM 112,Chemical Principles + Chemical Principles II,CHEM 1200,Chemistry II,,,,Pennsylvania State University Undergraduate
Dubois,PA,Pennsylvania State University-Du Bois,CHEM 112,Chemical Principles II,CHEM 1200,Chemistry II,,,,Pennsylvania State University Undergraduate
Dubois,PA,Pennsylvania State University-Du Bois,CHEM 013 + CHEM 112,Chemical Principles + Chemical Principles II,CHEM 1200,Chemistry II,,,,Pennsylvania State University Undergraduate
Erie,PA,Pennsylvania State University-Erie Behrend College,CHEM 112,Chemical Principles II,CHEM 1200,Chemistry II,,,,Pennsylvania State University Undergraduate
Erie,PA,Pennsylvania State University-Erie Behrend College,CHEM 013 + CHEM 112,Chemical Principles + Chemical Principles II,CHEM 1200,Chemistry II,,,,Pennsylvania State University Undergraduate
Lemont Furnace,PA,Pennsylvania State University-Fayette,CHEM 112,Chemical Principles II,CHEM 1200,Chemistry II,,,,Pennsylvania State University Undergraduate
Lemont Furnace,PA,Pennsylvania State University-Fayette,CHEM 013 + CHEM 112,Chemical Principles + Chemical Principles II,CHEM 1200,Chemistry II,,,,Pennsylvania State University Undergraduate
Hazleton,PA,Pennsylvania State University-Hazleton,CHEM 112,Chemical Principles II,CHEM 1200,Chemistry II,,,,Pennsylvania State University Undergraduate
Hazleton,PA,Pennsylvania State University-Hazleton,CHEM 013 + CHEM 112,Chemical Principles + Chemical Principles II,CHEM 1200,Chemistry II,,,,Pennsylvania State University Undergraduate
Mckeesport,PA,Pennsylvania State University-Mckeesport,CHEM 112,Chemical Principles II,CHEM 1200,Chemistry II,,,,Pennsylvania State University Undergraduate
Mckeesport,PA,Pennsylvania State University-Mckeesport,CHEM 013 + CHEM 112,Chemical Principles + Chemical Principles II,CHEM 1200,Chemistry II,,,,Pennsylvania State University Undergraduate
Mont Alto,PA,Pennsylvania State University-Mont Alto Campus,CHEM 112,Chemical Principles II,CHEM 1200,Chemistry II,,,,Pennsylvania State University Undergraduate
Mont Alto,PA,Pennsylvania State University-Mont Alto Campus,CHEM 013 + CHEM 112,Chemical Principles + Chemical Principles II,CHEM 1200,Chemistry II,,,,Pennsylvania State University Undergraduate
Upper Burrell,PA,Pennsylvania State University-New Kensington,CHEM 112,Chemical Principles II,CHEM 1200,Chemistry II,,,,Pennsylvania State University Undergraduate
Upper Burrell,PA,Pennsylvania State University-New Kensington,CHEM 013 + CHEM 112,Chemical Principles + Chemical Principles II,CHEM 1200,Chemistry II,,,,Pennsylvania State University Undergraduate
Malvern,PA,Pennsylvania State University-Penn State Great Valley,CHEM 112,Chemical Principles II,CHEM 1200,Chemistry II,,,,Pennsylvania State University Undergraduate
Malvern,PA,Pennsylvania State University-Penn State Great Valley,CHEM 013 + CHEM 112,Chemical Principles + Chemical Principles II,CHEM 1200,Chemistry II,,,,Pennsylvania State University Undergraduate
Sharon,PA,Pennsylvania State University-Shenango,CHEM 112,Chemical Principles II,CHEM 1200,Chemistry II,,,,Pennsylvania State University Undergraduate
Sharon,PA,Pennsylvania State University-Shenango,CHEM 013 + CHEM 112,Chemical Principles + Chemical Principles II,CHEM 1200,Chemistry II,,,,Pennsylvania State University Undergraduate
Lehman,PA,Pennsylvania State University-Wilkes-Barre,CHEM 112,Chemical Principles II,CHEM 1200,Chemistry II,,,,Pennsylvania State University Undergraduate
Lehman,PA,Pennsylvania State University-Wilkes-Barre,CHEM 013 + CHEM 112,Chemical Principles + Chemical Principles II,CHEM 1200,Chemistry II,,,,Pennsylvania State University Undergraduate
University Park,PA,Pennsylvania State University-World Campus,CHEM 112,Chemical Principles II,CHEM 1200,Chemistry II,,,,Pennsylvania State University Undergraduate
University Park,PA,Pennsylvania State University-World Campus,CHEM 013 + CHEM 112,Chemical Principles + Chemical Principles II,CHEM 1200,Chemistry II,,,,Pennsylvania State University Undergraduate
Dunmore,PA,Pennsylvania State University-Worthington Scranton,CHEM 112,Chemical Principles II,CHEM 1200,Chemistry II,,,,Pennsylvania State University Undergraduate
Dunmore,PA,Pennsylvania State University-Worthington Scranton,CHEM 013 + CHEM 112,Chemical Principles + Chemical Principles II,CHEM 1200,Chemistry II,,,,Pennsylvania State University Undergraduate
York,PA,Pennsylvania State University-York,CHEM 112,Chemical Principles II,CHEM 1200,Chemistry II,,,,Pennsylvania State University Undergraduate
York,PA,Pennsylvania State University-York,CHEM 013 + CHEM 112,Chemical Principles + Chemical Principles II,CHEM 1200,Chemistry II,,,,Pennsylvania State University Undergraduate
California, ,Pennsylvania Western University,CHEM161,Principles Of Chemistry II,CHEM 1200,Chemistry II,,,,Edinboro University Of Pennsylvania Undergraduate
Phoenix,AZ,Phoenix College,CHM 151LL + CHM 152,General Chemistry I Laboratory + General Chemistry II,CHEM 1200,Chemistry II,CHEM 1200 (4cr),05/01/2023,05/01/2026,Maricopa County Community College District Course Descriptions
Tucson,AZ,Pima Community College,CHM 152,General Chemistry II,CHEM 1200,Chemistry II,,,,Pima Community College
Claremont,CA,Pitzer College,CHEM 15L,Basic Principles Of Chemistry,CHEM 1200,Chemistry II,,,,Pitzer College
Brooklyn,NY,Polytechnic Institute Of New York University,CM 1024,General Chemistry II,CHEM 1200,Chemistry II,,,,Polytechnic Institute Of New York University
West Lafayette,IN,Purdue University-Main Campus,CHM 116,General Chemistry,CHEM 1200,Chemistry II,,,,Purdue University Courses - West Lafayette
West Lafayette,IN,Purdue University-Main Campus,CHM 124,General Chemistry For Engineers II,CHEM 1200,Chemistry II,,,,Purdue University Courses - West Lafayette
Hamden,CT,Quinnipiac University,CHE 111 + CHE 111L,General Chemistry II + General Chemistry II Lab,CHEM 1200,Chemistry II,,,,Quinnipiac University
Worcester,MA,Quinsigamond Community College,CHM 104,Principles Of Chemistry II,CHEM 1200,Chemistry II,,,,Quinsigamond Community College
Worcester,MA,Quinsigamond Community College,CHM 124,Principles Of Chemistry For Engineers II,CHEM 1200,Chemistry II,,,,Quinsigamond Community College
Branchburg,NJ,Raritan Valley Community College,CHEM 104,General Chemistry II,CHEM 1200,Chemistry II,,,,Raritan Valley Community College
Portland,OR,Reed College,CHEM 102,Chemical Reactivity,CHEM 1200,Chemistry II,,,,Reed College
Providence,RI,Rhode Island College,CHEM 104,General Chemistry II,CHEM 1200,Chemistry II,,,,Rhode Island College
Houston,TX,Rice University,CHEM 122 + CHEM 124,General Chemistry II + General Chemistry Laboratory II,CHEM 1200,Chemistry II,,,,Rice University General Announcements
Whittier,CA,Rio Hondo College,CHEM 131 + CHEM 131L,General Chemistry + General Chemistry,CHEM 1200,Chemistry II,,,,Rio Hondo College
Tempe,AZ,Rio Salado College,CHM 151LL + CHM 152,General Chemistry I Laboratory + General Chemistry II,CHEM 1200,Chemistry II,CHEM 1200 (4cr),05/01/2023,05/01/2026,Maricopa County Community College District Course Descriptions
Riverside,CA,Riverside City College,CHE-1B,"General Chemistry, II",CHEM 1200,Chemistry II,,,,Riverside City College
Moon Township,PA,Robert Morris University,CHEM2210 + CHEM2215,Chemistry II + Chemistry II Lab,CHEM 1200,Chemistry II,,,,Robert Morris University Course Descriptions
Rochester,NY,Roberts Wesleyan College,CHM 112,Principles Of Chemistry II,CHEM 1200,Chemistry II,,,,Roberts Wesleyan College Undergraduate
Rochester,NY,Rochester Institute Of Technology,CHMG-142 + CHMG-146,General And Analytical Chemistry II + General And Analytical Chemistry II Lab,CHEM 1200,Chemistry II,,,,Rochester Institute Of Technology Undergraduate
Bristol,RI,Roger Williams University,CHEM 192,Principles Of Chemistry II And Lab,CHEM 1200,Chemistry II,,,,Roger Williams University
Bristol,RI,Roger Williams University School Of Law,CHEM 192,Principles Of Chemistry II And Lab,CHEM 1200,Chemistry II,,,,Roger Williams University
Grants Pass,OR,Rogue Community College,CHEM222,General Chemistry II,CHEM 1200,Chemistry II,,,,Rogue Community College
Sewell,NJ,Rowan College Of South Jersey,CHM 112,General Chemistry II,CHEM 1200,Chemistry II,,,,Rowan College Of South Jersey Gloucester Campus
Troy,NY,Russell Sage College,CHM 112,General Chemistry II,CHEM 1200,Chemistry II,,,,Russell Sage College
Troy,NY,Russell Sage College,CHM 112,General Chemistry II,CHEM 1200,Chemistry II,,,,Sage College Of Albany
Mission Viejo,CA,Saddleback College,CHEM 1B,General Chemistry,CHEM 1200,Chemistry II,,,,Saddleback College
Staten Island,NY,Saint John's University - Staten Island Campus,CHE 1220,General Chemistry II,CHEM 1200,Chemistry II,,,,St. Johns University
Northfield,MN,Saint Olaf College,CHEM 126,Energies And Rates Of Chemical Reactions,CHEM 1200,Chemistry II,,,,Saint Olaf College
Pasadena,TX,San Jacinto College,CHEM 1412,General Chemistry II,CHEM 1200,Chemistry II,,,,San Jacinto Community College District
Houston,TX,San Jacinto College-North Campus,CHEM 1412,General Chemistry II,CHEM 1200,Chemistry II,,,,San Jacinto Community College District
Houston,TX,San Jacinto College-South Campus,CHEM 1412,General Chemistry II,CHEM 1200,Chemistry II,,,,San Jacinto Community College District
Houston,TX,San Jacinto Community College District - Generation Park Campus,CHEM 1412,General Chemistry II,CHEM 1200,Chemistry II,,,,San Jacinto Community College District
San Jose,CA,San Jose City College,CHEM 001B,General Chemistry,CHEM 1200,Chemistry II,,,,San Jose City College
Santa Barbara,CA,Santa Barbara City College,CHEM 156,General Chemistry II,CHEM 1200,Chemistry II,,,,Santa Barbara City College
Santa Monica,CA,Santa Monica College,CHEM 12,General Chemistry II,CHEM 1200,Chemistry II,,,,Santa Monica College
Schenectady,NY,Schenectady County Community College,CHM 122,General Chemistry II,CHEM 1200,Chemistry II,CHEM 1200 (4 cr),05/01/2023,05/01/2026,Schenectady County Community College
Kerrville,TX,Schreiner University,CHEM 1302,General Chemistry II,CHEM 1200,Chemistry II,,,,Schreiner University
Scottsdale,AZ,Scottsdale Community College,CHM 151LL + CHM 152,General Chemistry I Laboratory + General Chemistry II,CHEM 1200,Chemistry II,CHEM 1200 (4cr),05/01/2023,05/01/2026,Maricopa County Community College District Course Descriptions
Seattle,WA,Seattle Central College,CHE 140,General Chemistry,CHEM 1200,Chemistry II,,,,Seattle Community College District
Shoreline,WA,Shoreline Community College,CHEM 172 + CHEM 173 + CHEM 182 + CHEM 183,General-Inorganic Chemistry II + General-Inorganic Chemistry III + General-Inorganic Chemistry II (Lecture- Lab) + General-Inorganic Chemistry III (Lecture- Lab),CHEM 1200,Chemistry II,,,,Shoreline Community College
Seattle,WA,"Shoreline Community College - Cnc Machinists Program , Georgetown Ssc",CHEM 172 + CHEM 173 + CHEM 182 + CHEM 183,General-Inorganic Chemistry II + General-Inorganic Chemistry III + General-Inorganic Chemistry II (Lecture- Lab) + General-Inorganic Chemistry III (Lecture- Lab),CHEM 1200,Chemistry II,,,,Shoreline Community College
Seattle,WA,Shoreline Community College - Dental Hygiene,CHEM 172 + CHEM 173 + CHEM 182 + CHEM 183,General-Inorganic Chemistry II + General-Inorganic Chemistry III + General-Inorganic Chemistry II (Lecture- Lab) + General-Inorganic Chemistry III (Lecture- Lab),CHEM 1200,Chemistry II,,,,Shoreline Community College
Loudonville,NY,Siena College,CHEM - 120,General Chemistry II,CHEM 1200,Chemistry II,,,,Siena College Undergraduate
Saratoga Springs,NY,Skidmore College,CH 106,Chemical Principles II,CHEM 1200,Chemistry II,,,,Skidmore College
Saratoga Springs,NY,Skidmore College,CH 207H,Intermediate Topics In Chemistry,CHEM 1200,Chemistry II,,,,Skidmore College
Phoenix,AZ,South Mountain Community College,CHM 151LL + CHM 152,General Chemistry I Laboratory + General Chemistry II,CHEM 1200,Chemistry II,CHEM 1200 (4cr),05/01/2023,05/01/2026,Maricopa County Community College District Course Descriptions
Seattle,WA,South Seattle College,CHE 140,General Chemistry,CHEM 1200,Chemistry II,,,,Seattle Community College District
Dowagiac,MI,Southwestern Michigan College,CHEM 102,General Chemistry 2,CHEM 1200,Chemistry II,,,,Southwestern Michigan College
Springfield,MA,Springfield Technical Community College,CHEM-203,General Chemistry 2,CHEM 1200,Chemistry II,,,,Springfield Technical Community College
Springfield,MA,Springfield Technical Community College,CHM-112 + CHM-112L,General Chemistry 2 + Lab: General Chemistry 2,CHEM 1200,Chemistry II,,,,Springfield Technical Community College
Canton,NY,St Lawrence University,CHEM 104,General Chemistry,CHEM 1200,Chemistry II,,,,Saint Lawrence University
Clearwater,FL,St Petersburg College,CHM 1046 + CHM 1046L,General Chemistry And Qualitative Analysis II + General Chemistry And Qualitative Analysis Laboratory II,CHEM 1200,Chemistry II,,,,St. Petersburg College
Saint Bonaventure,NY,St. Bonaventure University,CHML-101 + CHML-102,Gen Chem I Lab + Gen Chem II Lab,CHEM 1100 + CHEM 1200,Chemistry I + Chemistry II,,,,St. Bonaventure University
Rochester,NY,St. John Fisher University,CHEM-104C + CHEM-104L,General Chemistry II + General Chem II Lab,CHEM 1200,Chemistry II,,,,Saint John Fisher College Undergraduate
Queens,NY,St. John's University,CHE 1220,General Chemistry II,CHEM 1200,Chemistry II,,,,St. Johns University
Saint Louis,MO,St. Louis Community College-Florissant Valley,CHM 106,General Chemistry II,CHEM 1200,Chemistry II,,,,St. Louis Community College Spring
Saint Louis,MO,St. Louis Community College-Forest Park,CHM 106,General Chemistry II,CHEM 1200,Chemistry II,,,,St. Louis Community College Spring
Kirkwood,MO,St. Louis Community College-Meramec,CHM 106,General Chemistry II,CHEM 1200,Chemistry II,,,,St. Louis Community College Spring
Wildwood,MO,St. Louis Community College-Wildwood,CHM 106,General Chemistry II,CHEM 1200,Chemistry II,,,,St. Louis Community College Spring
Stanford,CA,Stanford University,CHEM 31B,Chemical Principles II,CHEM 1200,Chemistry II,,,,Stanford University Course Descriptions
Hoboken,NJ,Stevens Institute Of Technology,CH 116 + CH 118,General Chemistry II + General Chemistry Laboratory II,CHEM 1200,Chemistry II,,,,Stevens Institute Of Technology
Stony Brook,NY,Stony Brook University,CHE 142 + CHE 144,Honors Chemistry II + Molecular Science Laboratory II,CHEM 1200,Chemistry II,,,,SUNY Stony Brook Undergraduate Bulletin And Course Descriptions Spring
Selden,NY,Suffolk County Community College-Ammerman Campus,CHE134,College Chemistry II,CHEM 1200,Chemistry II,,,,Suffolk County Community College
Selden,NY,Suffolk County Community College-Central Report,CHE134,College Chemistry II,CHEM 1200,Chemistry II,,,,Suffolk County Community College
Riverhead,NY,Suffolk County Community College-Eastern Campus,CHE134,College Chemistry II,CHEM 1200,Chemistry II,,,,Suffolk County Community College
Brentwood,NY,Suffolk County Community College-Western Campus,CHE134,College Chemistry II,CHEM 1200,Chemistry II,,,,Suffolk County Community College
Loch Sheldrake,NY,Sullivan County Community College,SCI 2202,General Chemistry II,CHEM 1200,Chemistry II,,,,SUNY Sullivan County Community College
Vestal,NY,Suny At Binghamton,CHEM 108,Gen Chem II Chem/Bchem Majors,CHEM 1200,Chemistry II,,,,SUNY Binghamton University
Fredonia,NY,Suny At Fredonia,CHEM 126,General Chemistry Laboratory II,CHEM 1200 + CHEM 1200,Chemistry II + Chemistry II,,,,SUNY Fredonia General
Fredonia,NY,Suny At Fredonia,CHEM 126,General Chemistry Laboratory II,CHEM 1200 + CHEM 1200,Chemistry II + Chemistry II,,,,SUNY Fredonia General
Fredonia,NY,Suny At Fredonia,CHEM 126 + CHEM 126,General Chemistry Laboratory II + General Chemistry Laboratory II,CHEM 1200 + CHEM 1200,Chemistry II + Chemistry II,,,,SUNY Fredonia General
Fredonia,NY,Suny At Fredonia,CHEM 126 + CHEM 126,General Chemistry Laboratory II + General Chemistry Laboratory II,CHEM 1200 + CHEM 1200,Chemistry II + Chemistry II,,,,SUNY Fredonia General
Canton,NY,Suny Canton College Of Technology,CHEM 155,College Chemistry II,CHEM 1200,Chemistry II,,,,SUNY Canton College Of Technology
Geneseo,NY,Suny College At Geneseo,CHEM 204,Principles Of Chemistry II,CHEM 1200 + CHEM 1200,Chemistry II + Chemistry II,,,,SUNY Geneseo Undergraduate
Geneseo,NY,Suny College At Geneseo,CHEM 204,Principles Of Chemistry II,CHEM 1200 + CHEM 1200,Chemistry II + Chemistry II,,,,SUNY Geneseo Undergraduate
Geneseo,NY,Suny College At Geneseo,CHEM 204 + CHEM 209,Principles Of Chemistry II + Intermediate Chemistry Laboratory,CHEM 1200,Chemistry II,,,,SUNY Geneseo Undergraduate
Oneonta,NY,Suny College At Oneonta,CHEM 112,General Chemistry II,CHEM 1200,Chemistry II,,,,SUNY Oneonta Undergraduate
Plattsburgh,NY,Suny College At Plattsburgh,CHE 112,Fundamental Principles Of Chemistry II,CHEM 1200,Chemistry II,,,,SUNY College At Plattsburgh Undergraduate And Graduate
Potsdam,NY,Suny College At Potsdam,CHEM 106,General Chemistry 2,CHEM 1200,Chemistry II,,,,SUNY Potsdam
Cobleskill,NY,Suny College Of Agriculture And Technology At Cobleskill,CHEM 112 + CHEM 112X,General Chemistry II + General Chemistry II Lab,CHEM 1200,Chemistry II,,,,SUNY College Of Agriculture And Technology At Cobleskill
Syracuse,NY,Suny College Of Environmental Science And Forestry,FCH 152 + FCH 153,General Chemistry II + General Chemistry Laboratory II,CHEM 1200,Chemistry II,,,,SUNY College Of Environmental Science And Forestry
Alfred,NY,Suny College Of Technology At Alfred,CHEM - 2984,Chemical Principles II,CHEM 1200,Chemistry II,,,,Alfred State College
Delhi,NY,Suny College Of Technology At Delhi,CHEM 185,General Chemistry II,CHEM 1200,Chemistry II,,,,SUNY Delhi College Of Technology
Cortland,NY,Suny Cortland,CHE 221,General Chemistry I,CHEM 1100 + CHEM 1100 + CHEM 1200 + CHEM 1200,Chemistry I + Chemistry I + Chemistry II + Chemistry II,,,,SUNY Cortland Undergraduate
Cortland,NY,Suny Cortland,CHE 221,General Chemistry I,CHEM 1100 + CHEM 1100 + CHEM 1200 + CHEM 1200,Chemistry I + Chemistry I + Chemistry II + Chemistry II,,,,SUNY Cortland Undergraduate
Throggs Neck,NY,Suny Maritime College,CHEM 123 + CHEM 124,General Chemistry II + General Chemistry II Laboratory,CHEM 1200,Chemistry II,,,,SUNY Maritime College
Throggs Neck,NY,Suny Maritime College,CHEM 124,General Chemistry II Laboratory,CHEM 1200 + CHEM 1200,Chemistry II + Chemistry II,,,,SUNY Maritime College
Throggs Neck,NY,Suny Maritime College,CHEM 124,General Chemistry II Laboratory,CHEM 1200 + CHEM 1200,Chemistry II + Chemistry II,,,,SUNY Maritime College
New Paltz,NY,Suny New Paltz,CHE202 + CHE212,General Chemistry II + General Chemistry II Lab,CHEM 1200,Chemistry II,,01/01/2024,01/01/2027,SUNY New Paltz Undergraduate
Utica,NY,Suny Polytechnic Institute,CHE 131,Introductory Chemistry II,CHEM 1200,Chemistry II,,,,SUNY Polytechnic Institute Undergraduate
Suffern,NY,Suny Rockland Community College,CHM 102,Inorganic Chemistry II,CHEM 1200,Chemistry II,,,,SUNY Rockland Community College
Stone Ridge,NY,Suny Ulster County Community College,CHE 104,General Chemistry II,CHEM 1200,Chemistry II,,,,SUNY Ulster County Community College
Valhalla,NY,Suny Westchester Community College,CHEM 111,Inorganic Chemistry 2 (And Lab),CHEM 1200,Chemistry II,,,,SUNY Westchester Community College
Selinsgrove,PA,Susquehanna University,CHEM-104,General Chemistry II: Teams,CHEM 1200,Chemistry II,,,,Susquehanna University
Syracuse,NY,Syracuse University,CHE 116 + CHE 117,General Chemistry Lecture II + General Chemistry Laboratory II,CHEM 1200,Chemistry II,,09/01/2023,09/01/2026,Syracuse University Undergraduate
Syracuse,NY,Syracuse University,CHE 119 + CHE 139,General Chemistry Lecture II (Honors And Majors) + General Chemistry Laboratory II (Honors And Majors),CHEM 1200,Chemistry II,,,,Syracuse University Undergraduate
Philadelphia,PA,Temple University,CHEM 1032 + CHEM 1034,General Chemistry II + General Chemistry Laboratory II,CHEM 1200,Chemistry II,,,,Temple University Undergraduate
New York,NY,The College Board Ap/Clep,AP,Chemistry Ap Chemistry,CHEM 1100 + CHEM 1200,Chemistry I + Chemistry II,Effective for admits Fall 2020 :Accepted scores of 5.,09/01/2023,05/01/2024,The College Board AP/CLEP
Albany,NY,The College Of Saint Rose,CHM 191 + CHM 191L,Gen Chemistry 2 + Gen Chemistry 2 Lab,CHEM 1200,Chemistry II,CHEM 1200 (4cr),09/01/2023,09/01/2026,College Of Saint Rose Undergraduate Studies
University Park,PA,The Pennsylvania State University,CHEM 112,Chemical Principles II,CHEM 1200,Chemistry II,,,,Pennsylvania State University Undergraduate
University Park,PA,The Pennsylvania State University,CHEM 013 + CHEM 112,Chemical Principles + Chemical Principles II,CHEM 1200,Chemistry II,,,,Pennsylvania State University Undergraduate
Albany,NY,The Sage College-Albany Campus,CHM 112,General Chemistry II,CHEM 1200,Chemistry II,,,,Sage College Of Albany
Tuscaloosa,AL,The University Of Alabama,CH102,General Chemistry,CHEM 1200,Chemistry II,,,,University Of Alabama Undergraduate
Dryden,NY,Tompkins-Cortland Community College,CHEM108,General Chemistry II,CHEM 1200,Chemistry II,,,,Tompkins Cortland Community College (TC3)
Hartford,CT,Trinity College,CHEM 112,Introductory Chemistry II And Laboratory,CHEM 1200,Chemistry II,,,,Trinity College Of Hartford
River Grove,IL,Triton College,CHM 141,General Chemistry II,CHEM 1200,Chemistry II,,,,Triton College
Chicago,IL,Triton College - Intl Union Of Operating Engr Local 399 Trning Fac.,CHM 141,General Chemistry II,CHEM 1200,Chemistry II,,,,Triton College
Medford,MA,Tufts University,CHEM 0012,General Chemistry,CHEM 1200,Chemistry II,,,,Tufts University Course Descriptions
New Orleans,LA,Tulane University,CHEM 108 + CHEM 118,General Chemistry II + General Chemistry Laboratory II,CHEM 1200,Chemistry II,,,,Tulane University
Schenectady,NY,Union College,CHM 102,Introductory Chemistry 2,CHEM 1200,Chemistry II,,,,Union College
Cranford,NJ,Union County College,CHE 112 + CHEL 112,General Chemistry II + General Chemistry II Laboratory,CHEM 1200,Chemistry II,CHEM 1200 (4cr),05/01/2023,05/01/2026,Union County College
West Point,NY,United States Military Academy,CH102,General Chemistry II,CHEM 1200,Chemistry II,,,,United State Military Academy Course Descriptions
Annapolis,MD,United States Naval Academy,SC112,Foundations Of Chem II,CHEM 1200,Chemistry II,,,,United States Naval Academy Course Descriptions
Albany,NY,"University At Albany, State University Of New York",N ENG 116 + N ENG 117,Chemical Principles Of Nanoscale Science And Engineering II + Chemical Principles Of Nanoscale Science And Engineering Laboratory II,CHEM 1200,Chemistry II,,,,SUNY University At Albany Undergraduate Bulletin
Buffalo,NY,"University At Buffalo, State University Of New York",CHE 102,General Chemistry,CHEM 1200,Chemistry II,,,,SUNY University At Buffalo Undergraduate
Buffalo,NY,"University At Buffalo, State University Of New York",CHE 106,Chemistry: Principles And Applications,CHEM 1200,Chemistry II,,,,SUNY University At Buffalo Undergraduate
Anchorage,AK,University Of Alaska Anchorage,CHEM A106 + CHEM A106L,General Chemistry II + General Chemistry II Laboratory,CHEM 1200,Chemistry II,,,,University Of Alaska Anchorage
Los Angeles,CA,University Of California-Los Angeles,CHEM 20B + CHEM 20L,Chemical Energetics And Change + General Chemistry Laboratory,CHEM 1200,Chemistry II,,,,University Of California Los Angeles
Riverside,CA,University Of California-Riverside,CHEM 001B + CHEM 01LB,General Chemistry + General Chemistry Laboratory,CHEM 1200,Chemistry II,CHEM 1200 (4 cr),05/01/2023,05/01/2026,University Of California Riverside
Orlando,FL,University Of Central Florida,CHM 2046C,Honors Chemistry Fundamentals II,CHEM 1200,Chemistry II,,,,University Of Central Florida Undergraduate
Storrs,CT,University Of Connecticut,CHEM 1128Q,General Chemistry II,CHEM 1200,Chemistry II,CHEM 1200 (4 cr),05/01/2023,05/01/2026,University Of Connecticut Undergraduate
Groton,CT,University Of Connecticut-Avery Point,CHEM 1128Q,General Chemistry II,CHEM 1200,Chemistry II,CHEM 1200 (4 cr),05/01/2023,05/01/2026,University Of Connecticut Undergraduate
Hartford,CT,University Of Connecticut-Hartford Campus,CHEM 1128Q,General Chemistry II,CHEM 1200,Chemistry II,CHEM 1200 (4 cr),05/01/2023,05/01/2026,University Of Connecticut Undergraduate
Stamford,CT,University Of Connecticut-Stamford,CHEM 1128Q,General Chemistry II,CHEM 1200,Chemistry II,CHEM 1200 (4 cr),05/01/2023,05/01/2026,University Of Connecticut Undergraduate
Waterbury,CT,University Of Connecticut-Waterbury Campus,CHEM 1128Q,General Chemistry II,CHEM 1200,Chemistry II,CHEM 1200 (4 cr),05/01/2023,05/01/2026,University Of Connecticut Undergraduate
Newark,DE,University Of Delaware,CHEM 104,General Chemistry,CHEM 1200,Chemistry II,,,,University Of Delaware Undergraduate
Newark,DE,University Of Delaware,CHEM 112,General Chemistry,CHEM 1200,Chemistry II,,,,University Of Delaware Undergraduate
Detroit,MI,University Of Detroit Mercy,CHM 1080,General Chemistry II,CHEM 1200,Chemistry II,,,,University Of Detroit Mercy Undergraduate
West Hartford,CT,University Of Hartford,CH 111P,College Chemistry,CHEM 1200,Chemistry II,,,,University Of Hartford Undergraduate
Honolulu,HI,University Of Hawai'i At Manoa,CHEM 162 + CHEM 162L,General Chemistry II + General Chemistry Lab II,CHEM 1200,Chemistry II,,,,University Of Hawaii Manoa
Iowa City,IA,University Of Iowa,CHEM: 1120,Principles Of Chemistry II,CHEM 1200,Chemistry II,,,,University Of Iowa
Orono,ME,University Of Maine,CHY 122 + CHY 124,General Chemistry II + General Chemistry Laboratory II,CHEM 1200,Chemistry II,,,,University Of Maine Undergraduate
Baltimore,MD,University Of Maryland-Baltimore County,CHEM 102 + CHEM 102L,Principles Of Chemistry II + Introductory Chemistry Lab I,CHEM 1200,Chemistry II,,,,University Of Maryland Baltimore County Undergraduate
Amherst,MA,University Of Massachusetts-Amherst,CHEM 112,Gen Chem-Sci,CHEM 1200,Chemistry II,,,,University Of Massachusetts Amherst Course Descriptions
Amherst,MA,University Of Massachusetts-Amherst,CHEM 122H,General Chemistry,CHEM 1200,Chemistry II,,,,University Of Massachusetts Amherst Course Descriptions
North Dartmouth,MA,University Of Massachusetts-Dartmouth,CHM 152 + CHM 162,Principles Of Modern Chemistry II + Introduction To Applied Chemistry II,CHEM 1200,Chemistry II,,,,University Of Massachusetts Dartmouth
Lowell,MA,University Of Massachusetts-Lowell,CHEM.1240L + CHEM.1360,Chemistry II Laboratory + Honors Chemistry II,CHEM 1200,Chemistry II,,,,University Of Massachusetts Lowell Undergraduate
Ann Arbor,MI,University Of Michigan-Ann Arbor,CHE 230,Introduction To Material And Energy Balances,CHEM 1200,Chemistry II,,,,University Of Michigan College Of Engineering
Minneapolis,MN,University Of Minnesota Twin Cities,CHEM 1062 + CHEM 1066,Chemical Principles II + Chemical Principles II Laboratory,CHEM 1200,Chemistry II,,,,University Of Minnesota Twin Cities Undergraduate
Montevallo,AL,University Of Montevallo,CHEM 122,General Chemistry II,CHEM 1200,Chemistry II,,,,University Of Montevallo Undergraduate
Portland,ME,University Of New England-Portland Campus,CHE 111,General Chemistry II,CHEM 1200,Chemistry II,,,,University Of New England Course Descriptions
Biddeford,ME,University Of New England-University Campus,CHE 111,General Chemistry II,CHEM 1200,Chemistry II,,,,University Of New England Course Descriptions
Durham,NH,University Of New Hampshire-Main Campus,CHEM 404,General Chemistry II,CHEM 1200,Chemistry II,,,,University Of New Hampshire Undergraduate
Durham,NH,University Of New Hampshire-Main Campus,CHEM 404,General Chemistry,CHEM 1200,Chemistry II,,,,University Of New Hampshire Manchester
Manchester,NH,University Of New Hampshire-Manchester,CHEM 404,General Chemistry,CHEM 1200,Chemistry II,,,,University Of New Hampshire Manchester
Albuquerque,NM,University Of New Mexico-Main Campus,CHEM 122 + CHEM 124L,General Chemistry II + General Chemistry II Laboratory,CHEM 1200,Chemistry II,,,,University Of New Mexico Albuquerque
Jacksonville,FL,University Of North Florida,CHM 2046C,General Chemistry II,CHEM 1200,Chemistry II,,,,University Of North Florida Undergraduate Catalog
Dahlonega,GA,University Of North Georgia,CHEM 1212K,Principles Of Chemistry II,CHEM 1100 + CHEM 1100 + CHEM 1200 + CHEM 1200,Chemistry I + Chemistry I + Chemistry II + Chemistry II,,,,University Of North Georgia Undergraduate
Dahlonega,GA,University Of North Georgia,CHEM 1212K,Principles Of Chemistry II,CHEM 1100 + CHEM 1100 + CHEM 1200 + CHEM 1200,Chemistry I + Chemistry I + Chemistry II + Chemistry II,,,,University Of North Georgia Undergraduate
Dahlonega,GA,University Of North Georgia,CHEM 1212K + CHEM 1212K,Principles Of Chemistry II + Principles Of Chemistry II,CHEM 1100 + CHEM 1100 + CHEM 1200 + CHEM 1200,Chemistry I + Chemistry I + Chemistry II + Chemistry II,,,,University Of North Georgia Undergraduate
Dahlonega,GA,University Of North Georgia,CHEM 1212K + CHEM 1212K,Principles Of Chemistry II + Principles Of Chemistry II,CHEM 1100 + CHEM 1100 + CHEM 1200 + CHEM 1200,Chemistry I + Chemistry I + Chemistry II + Chemistry II,,,,University Of North Georgia Undergraduate
Saint Paul,MN,University Of Northwestern St. Paul,CHE1022 + CHE1022L + CHE1121 + CHE1121L,Principles Of Chemistry II + Principles Of Chemistry II + General Chemistry I + General Chemistry I,CHEM 1100 + CHEM 1200,Chemistry I + Chemistry II,,,,University Of Northwestern Traditional Undergraduate & Dual Enrollment
Norman,OK,University Of Oklahoma,CHEM 1415,General Chemistry,CHEM 1200,Chemistry II,,,,University Of Oklahoma
Lawton,OK,University Of Oklahoma - Douglass Learning Center,CHEM 1415,General Chemistry,CHEM 1200,Chemistry II,,,,University Of Oklahoma
Ft Benning,GA,University Of Oklahoma - Ft. Benning Ga - Ap,CHEM 1415,General Chemistry,CHEM 1200,Chemistry II,,,,University Of Oklahoma
Nellis Afb,NV,University Of Oklahoma - Nellis Air Force Base,CHEM 1415,General Chemistry,CHEM 1200,Chemistry II,,,,University Of Oklahoma
Bradford,PA,University Of Pittsburgh-Bradford,CHEM 0102,General Chemistry 2,CHEM 1200,Chemistry II,,,,University Of Pittsburgh Bradford
Pittsburgh,PA,University Of Pittsburgh-Main Campus,CHEM 0120,General Chemistry 2,CHEM 1200,Chemistry II,,,,University Of Pittsburgh Undergraduate
Pittsburgh,PA,University Of Pittsburgh-Main Campus,CHEM 0970,General Chem For Engineers 2,CHEM 1200,Chemistry II,,,,University Of Pittsburgh Undergraduate
San Juan,PR,University Of Puerto Rico-Rio Piedras,QUIM 3002,QuMica General II,CHEM 1200,Chemistry II,,,,University Of Puerto Rico Rio Piedras
Rochester,NY,University Of Rochester,CHM 132,"Chemistry Concepts, Systems, Practice II",CHEM 1200,Chemistry II,,,,University Of Rochester Undergraduate Studies
Columbia,SC,University Of South Carolina Columbia,CHEM 112 + CHEM 112L,General Chemistry II + General Chemistry II Lab,CHEM 1200,Chemistry II,,,,University Of South Carolina At Columbia Undergraduate
Tampa,FL,University Of South Florida,CHM 2046 + CHM 2046L,General Chemistry II + General Chemistry II Laboratory,CHEM 1200,Chemistry II,,,,University Of South Florida Undergraduate
Sarasota,FL,University Of South Florida Sarasota-Manatee,CHM 2046 + CHM 2046L,General Chemistry II + General Chemistry II Laboratory,CHEM 1200,Chemistry II,,,,University Of South Florida Undergraduate
St. Petersburg,FL,University Of South Florida-St. Petersburg,CHM 2046 + CHM 2046L,General Chemistry II + General Chemistry II Laboratory,CHEM 1200,Chemistry II,,,,University Of South Florida Undergraduate
Portland,ME,University Of Southern Maine,CHY 115 + CHY 116,Principles Of Chemistry II + Laboratory Techniques II,CHEM 1200,Chemistry II,,,,University Of Southern Maine Undergraduate
Saint Paul,MN,University Of St Thomas,CHEM 112,General Chemistry II,CHEM 1200,Chemistry II,,,,University Of St Thomas Undergraduate
Sydney,NSW,University Of Sydney,CHEM1102,Chemistry 1B,CHEM 1200,Chemistry II,,,,University Of Sydney Arts And Social Sciences Undergraduate
Knoxville,TN,University Of Tennessee,CHEM 130,General Chemistry II,CHEM 1200,Chemistry II,,,,University Of Tennessee Knoxville Undergraduate
Burlington,VT,University Of Vermont And State Agricultural College,CHEM 032,General Chemistry 2,CHEM 1200,Chemistry II,,,,University Of Vermont Undergraduate
Seattle,WA,University Of Washington,CHEM 162,General Chemistry,CHEM 1200,Chemistry II,,,,University Of Washington Course Descriptions
Carrollton,GA,University Of West Georgia,CHEM 1212 + CHEM 1212L,Principles Of Chemistry II + Principles Of Chemistry II Lab,CHEM 1200,Chemistry II,,,,University Of West Georgia Undergraduate
Utica,NY,Utica University,CHE 212,General Chemistry II,CHEM 1200,Chemistry II,,,,Utica University Winter/Spring Undergraduate
Randolph Center,VT,Vermont State University,CHE 1032,General Chemistry II,CHEM 1200,Chemistry II,,,,Northern Vermont University Undergraduate
Villanova,PA,Villanova University,CHM 1502 + CHM 1512,Quant Anal Lab + Quantitative Analysis,CHEM 1200,Chemistry II,,,,Villanova University
Lexington,VA,Virginia Military Institute,CH 118 + CH 138,Laboratory For Ch 138 + Introductory College Chemistry II,CHEM 1200,Chemistry II,,,,Virginia Military Institute
Hampton,VA,Virginia Peninsula Community College,CHM 112,General Chemistry II,CHEM 1200,Chemistry II,,,,Virginia Peninsula Community College
Blacksburg,VA,Virginia Polytechnic Institute And State University,CHEM 1036 + CHEM 1046,General Chemistry + General Chemistry Laboratory,CHEM 1200,Chemistry II,,,,Virginia Polytechnic Institute And State University
Chestertown,MD,Washington College,CHE 112,General Chemistry II,CHEM 1200,Chemistry II,,,,Washington College
Saratoga,CA,West Valley College,CHEM 001B,General Chemistry,CHEM 1200,Chemistry II,,01/01/2024,01/01/2027,West Valley College
Danbury,CT,Western Connecticut State University,CHE 111,General Chemistry II,CHEM 1200,Chemistry II,,,,Western Connecticut State University
Bowling Green,KY,Western Kentucky University,CHEM 222 + CHEM 223,College Chemistry II + College Chemistry II Laboratory,CHEM 1200,Chemistry II,,,,Western Kentucky University Undergraduate
Wilmington,DE,Widener University-Delaware Campus,CHEM 146 + CHEM 148,General Chemistry II + General Chemistry Lab II,CHEM 1200,Chemistry II,,,,Widener University Undergraduate
Harrisburg,PA,Widener University-Harrisburg Campus,CHEM 146 + CHEM 148,General Chemistry II + General Chemistry Lab II,CHEM 1200,Chemistry II,,,,Widener University Undergraduate
Chester,PA,Widener University-Main Campus,CHEM 146 + CHEM 148,General Chemistry II + General Chemistry Lab II,CHEM 1200,Chemistry II,,,,Widener University Undergraduate
Palatine,IL,William Rainey Harper College,CHM 122,General Chemistry II,CHEM 1200,Chemistry II,,,,Harper College
New Orleans,LA,Xavier University Of Louisiana,CHEM 1020 + CHEM 1020D + CHEM 1021L,General Chemistry II + General Chemistry II + General Chemistry II Laboratory,CHEM 1200,Chemistry II,,,,Xavier University Of Louisiana
Prescott,AZ,Yavapai College,CHM 152,General Chemistry II,CHEM 1200,Chemistry II,,,,Yavapai College
York,PA,York College Pennsylvania,CHM 136,General Chemistry II,CHEM 1200,Chemistry II,,,,York College Of Pennsylvania Undergraduate
