City,State,Institution,Transfer Course ID,Transfer Course Name,RPI Course ID,RPI Course Name,Note,Begin,End,Transfer Catalog
Queensbury,NY,Adirondack Community College,CHM 204,Organic Chemistry II,CHEM 2240 + CHEM 2260,Organic Chemistry Laboratory II + Organic Chemistry II,,,,SUNY Adirondack Community College
Albany,NY,Albany College Of Pharmacy And Health Sciences,CHE 221,Organic Chemistry II,CHEM 2240 + CHEM 2260,Organic Chemistry Laboratory II + Organic Chemistry II,,,,Albany College Of Pharmacy And Health Sciences
Annandale-On-Hudson,NY,Bard College,CHEM 202,Organic Chemistry II,CHEM 2240 + CHEM 2260,Organic Chemistry Laboratory II + Organic Chemistry II,,,,Bard High School Early College Queens Spring
Great Barrington,MA,Bard College At Simon's Rock,CHEM 202,Organic Chemistry II,CHEM 2240 + CHEM 2260,Organic Chemistry Laboratory II + Organic Chemistry II,,,,Bard High School Early College Queens Spring
Paramus,NJ,Bergen Community College,CHM-262,Organic Chemistry II,CHEM 2240 + CHEM 2260,Organic Chemistry Laboratory II + Organic Chemistry II,,,,Bergen Community College
Waltham,MA,Brandeis University,CHEM 29b,Organic Chemistry Laboratory II,CHEM 2240,Organic Chemistry Laboratory II,,,,Brandeis University
Binghamton,NY,Broome Community College,CHM 246L,Organic Chemistry II Laboratory,CHEM 2240,Organic Chemistry Laboratory II,,,,SUNY Broome Community College
Boston,MA,Bunker Hill Community College,CHM-252,Organic Chemistry II And Lab,CHEM 2240 + CHEM 2260,Organic Chemistry Laboratory II + Organic Chemistry II,,,,Bunker Hill Community College
Worcester,MA,Clark University,CHEM 132,Organic Chemistry In Depth,CHEM 2240 + CHEM 2260,Organic Chemistry Laboratory II + Organic Chemistry II,,,,Clark University
Waterville,ME,Colby College,CH242,Organic Chemistry II,CHEM 2240 + CHEM 2260,Organic Chemistry Laboratory II + Organic Chemistry II,,,,Colby College
Grayslake,IL,College Of Lake County,CHM 223,Organic Chemistry II,CHEM 2240 + CHEM 2260,Organic Chemistry Laboratory II + Organic Chemistry II,,,,College Of Lake County
Twin Falls,ID,College Of Southern Idaho,CHEM 299 + CHEM 299L,Organic Chemistry 2 + Organic Chemistry 2 Lab,CHEM 2240 + CHEM 2260,Organic Chemistry Laboratory II + Organic Chemistry II,,,,College Of Southern Idaho
Hudson,NY,Columbia-Greene Community College,CH 202,Organic Chemistry II,CHEM 2240 + CHEM 2260,Organic Chemistry Laboratory II + Organic Chemistry II,,,,Columbia-Greene Community College
Baltimore,MD,Community College Of Baltimore County,CHEM 202 + CHEM 203,Organic Chemistry II + Organic Chemistry II Laboratory,CHEM 2240 + CHEM 2260,Organic Chemistry Laboratory II + Organic Chemistry II,,,,Community College Of Baltimore County
Ithaca,NY,Cornell University-Endowed Colleges,CHEM 252,Elementary Experimental Organic Chemistry,CHEM 2240,Organic Chemistry Laboratory II,,,,Cornell University
Corning,NY,Corning Community College,CHEM 2020,Organic Chemistry II,CHEM 2240 + CHEM 2260,Organic Chemistry Laboratory II + Organic Chemistry II,,,,Corning Community College
Randolph,NJ,County College Of Morris,CHM-234,Organic Chemistry II - Laboratory,CHEM 2240,Organic Chemistry Laboratory II,,,,County College Of Morris
Bronx,NY,Cuny Bronx Community College,CHM 32,Organic Chemistry II,CHEM 2240 + CHEM 2260,Organic Chemistry Laboratory II + Organic Chemistry II,,,,CUNY Bronx Community College
Brooklyn,NY,Cuny New York City College Of Technology,CHEM 2323,Organic Chemistry II,CHEM 2240 + CHEM 2260,Organic Chemistry Laboratory II + Organic Chemistry II,,,,CUNY New York City College Of Technology Fall
Bayside,NY,Cuny Queensborough Community College,CH252,Organic Chemistry II,CHEM 2240 + CHEM 2260,Organic Chemistry Laboratory II + Organic Chemistry II,,,,CUNY Queensborough Community College
Daytona Beach,FL,Daytona State College,CHM2211 + CHM2211L,Organic Chemistry II + Organic Chemistry II Lab,CHEM 2240 + CHEM 2260,Organic Chemistry Laboratory II + Organic Chemistry II,,,,Daytona State College
Pleasant Hill,CA,Diablo Valley College,CHEM-227,Organic Chemistry II,CHEM 2240 + CHEM 2260,Organic Chemistry Laboratory II + Organic Chemistry II,,,,Diablo Valley College
Poughkeepsie,NY,Dutchess Community College,CHE232,Organic Chemistry II,CHEM 2240 + CHEM 2260,Organic Chemistry Laboratory II + Organic Chemistry II,,,,Dutchess Community College
Richmond,IN,Earlham College,CHEM 321,Organic Chemistry II,CHEM 2240 + CHEM 2260,Organic Chemistry Laboratory II + Organic Chemistry II,,,,Earlham College Curriculum Guide
Wroxton, ,Fairleigh Dickinson University - Wroxton,CHEM2264,Organic Chemistry Laboratory II,CHEM 2240,Organic Chemistry Laboratory II,,,,Fairleigh Dickinson University Undergraduate
Madison,NJ,Fairleigh Dickinson University-Florham Campus,CHEM2264,Organic Chemistry Laboratory II,CHEM 2240,Organic Chemistry Laboratory II,,,,Fairleigh Dickinson University Undergraduate
Teaneck,NJ,Fairleigh Dickinson University-Metropolitan Campus,CHEM2264,Organic Chemistry Laboratory II,CHEM 2240,Organic Chemistry Laboratory II,,,,Fairleigh Dickinson University Undergraduate
Bronx,NY,Fordham University,CHEM 2522 + CHEM 2532,Organic Chemistry II + Organic Chemistry Lab II For Chem Majors,CHEM 2240 + CHEM 2260,Organic Chemistry Laboratory II + Organic Chemistry II,,,,Fordham University
Batavia,NY,Genesee Community College,CHE202,Organic Chemistry 2,CHEM 2240 + CHEM 2260,Organic Chemistry Laboratory II + Organic Chemistry II,,,,Genesee Community College
Clinton,NY,Hamilton College,CHEM 255,Organic Chemistry II,CHEM 2240 + CHEM 2260,Organic Chemistry Laboratory II + Organic Chemistry II,,,,Hamilton College
Bel Air,MD,Harford Community College,CHEM 208,Organic Chemistry II,CHEM 2240 + CHEM 2260,Organic Chemistry Laboratory II + Organic Chemistry II,,,,Harford Community College
Columbia,MD,Howard Community College,CHEM 202,Organic Chemistry II,CHEM 2240 + CHEM 2260,Organic Chemistry Laboratory II + Organic Chemistry II,,,,Howard Community College
Troy,NY,Hudson Valley Community College,CHEM 211,Organic Chemistry II,CHEM 2240 + CHEM 2260,Organic Chemistry Laboratory II + Organic Chemistry II,,09/01/2023,09/01/2026,Hudson Valley Community College
Irvine,CA,Irvine Valley College,CHEM 12B,Organic Chemistry,CHEM 2240 + CHEM 2260,Organic Chemistry Laboratory II + Organic Chemistry II,,,,Irvine Valley College
Watertown,NY,Jefferson Community College,CHE 211,Organic Chemistry 1,CHEM 2240 + CHEM 2250,Organic Chemistry Laboratory II + Organic Chemistry I,,,,Jefferson Community College
Los Angeles,CA,Los Angeles City College,CHEM 212,Organic Chemistry For Science Majors II,CHEM 2240 + CHEM 2260,Organic Chemistry Laboratory II + Organic Chemistry II,,,,Los Angeles City College
Rancho Palos Verdes,CA,Marymount California University,SCI 251,Organic Chemistry II,CHEM 2240 + CHEM 2260,Organic Chemistry Laboratory II + Organic Chemistry II,,,,Marymount California University
Lucerne,CA,Marymount California University - Lakeside Campus,SCI 251,Organic Chemistry II,CHEM 2240 + CHEM 2260,Organic Chemistry Laboratory II + Organic Chemistry II,,,,Marymount California University
San Pedro,CA,Marymount California University - Waterfront Campus,SCI 251,Organic Chemistry II,CHEM 2240 + CHEM 2260,Organic Chemistry Laboratory II + Organic Chemistry II,,,,Marymount California University
North Andover,MA,Merrimack College,CHM 2220,Organic Chemistry II,CHEM 2240 + CHEM 2260,Organic Chemistry Laboratory II + Organic Chemistry II,,,,Merrimack College Undergraduate
Edison,NJ,Middlesex College,CHM-222 + CHM-228,Organic Chemistry II - Lecture + Organic Chemistry II - Lab,CHEM 2240 + CHEM 2260,Organic Chemistry Laboratory II + Organic Chemistry II,,,,Middlesex College
Utica,NY,Mohawk Valley Community College-Utica Branch,CH248,Organic Chemistry 2,CHEM 2240 + CHEM 2260,Organic Chemistry Laboratory II + Organic Chemistry II,,,,Mohawk Valley Community College
Rochester,NY,Monroe Community College,CHE 252,Organic Chemistry II,CHEM 2240 + CHEM 2260,Organic Chemistry Laboratory II + Organic Chemistry II,,,,Monroe Community College
Rockville,MD,Montgomery College,CH 204,Organic Chemistry II,CHEM 2240 + CHEM 2260,Organic Chemistry Laboratory II + Organic Chemistry II,,,,Montgomery College
Garden City,NY,Nassau Community College,CHE 202,Organic Chemistry II,CHEM 2240 + CHEM 2260,Organic Chemistry Laboratory II + Organic Chemistry II,,,,Nassau Community College
Newark,NJ,New Jersey Institute Of Technology,CHEM 243 + CHEM 244 + CHEM 244A,Organic Chemistry I + Organic Chemistry II + Organic Chemistry II Laboratory,CHEM 2230 + CHEM 2240 + CHEM 2250 + CHEM 2260,Organic Chemistry Laboratory I + Organic Chemistry Laboratory II + Organic Chemistry I + Organic Chemistry II,,,,New Jersey Institute Of Technology Undergraduate
New York,NY,New York University,CHEM-UA 226,Organic Chemistry II And Laboratory,CHEM 2240 + CHEM 2260,Organic Chemistry Laboratory II + Organic Chemistry II,,,,New York University College Of Arts And Sciences
Maryville,MO,Northwest Missouri State University,CHEM 24344 + CHEM 24345,Organic Chemistry II + Organic Chemistry II Laboratory,CHEM 2240 + CHEM 2260,Organic Chemistry Laboratory II + Organic Chemistry II,,,,Northwest Missouri State University Undergraduate
Oberlin,OH,Oberlin College,CHEM 325,Organic Mechanism And Synthesis,CHEM 2240 + CHEM 2260,Organic Chemistry Laboratory II + Organic Chemistry II,,,,Oberlin College
Syracuse,NY,Onondaga Community College,CHE 206 + CHE 206L,Organic Chemistry II + Organic Chemistry II Laboratory,CHEM 2240 + CHEM 2260,Organic Chemistry Laboratory II + Organic Chemistry II,,,,Onondaga Community College
Middletown,NY,Orange County Community College,CHM 202,Organic Chemistry 2,CHEM 2240 + CHEM 2260,Organic Chemistry Laboratory II + Organic Chemistry II,CHEM 2260 (3cr) + CHEM 2240 (1cr),05/01/2023,05/01/2026,SUNY Orange County Community College
New York,NY,Pace University-New York,CHE 224,Organic Chemistry II,CHEM 2240 + CHEM 2260,Organic Chemistry Laboratory II + Organic Chemistry II,,,,Pace University Course Descriptions
Pleasantville,NY,Pace University-Pleasantville Briarcliff,CHE 224,Organic Chemistry II,CHEM 2240 + CHEM 2260,Organic Chemistry Laboratory II + Organic Chemistry II,,,,Pace University Course Descriptions
White Plains,NY,Pace University-White Plains,CHE 224,Organic Chemistry II,CHEM 2240 + CHEM 2260,Organic Chemistry Laboratory II + Organic Chemistry II,,,,Pace University Course Descriptions
Providence,RI,Providence College,CHM 224L,Organic Chemistry II Lab,CHEM 2240,Organic Chemistry Laboratory II,,,,Providence College School Of Continuing Education
Branchburg,NJ,Raritan Valley Community College,CHEM 212,Organic Chemistry II,CHEM 2240 + CHEM 2260,Organic Chemistry Laboratory II + Organic Chemistry II,,,,Raritan Valley Community College
Rochester,NY,Roberts Wesleyan College,CHM 212,Organic Chemistry II,CHEM 2240 + CHEM 2260,Organic Chemistry Laboratory II + Organic Chemistry II,,,,Roberts Wesleyan College Undergraduate
Manchester,NH,Saint Anselm College,CH 28,Organic Chemistry II,CHEM 2240 + CHEM 2260,Organic Chemistry Laboratory II + Organic Chemistry II,,,,Saint Anselm College
Northfield,MN,Saint Olaf College,CHEM 254,Synthesis Laboratory II,CHEM 2240,Organic Chemistry Laboratory II,,,,Saint Olaf College
Pasadena,TX,San Jacinto College,CHEM 2425,Organic Chemistry II,CHEM 2240 + CHEM 2260,Organic Chemistry Laboratory II + Organic Chemistry II,,,,San Jacinto Community College District
Houston,TX,San Jacinto College-North Campus,CHEM 2425,Organic Chemistry II,CHEM 2240 + CHEM 2260,Organic Chemistry Laboratory II + Organic Chemistry II,,,,San Jacinto Community College District
Houston,TX,San Jacinto College-South Campus,CHEM 2425,Organic Chemistry II,CHEM 2240 + CHEM 2260,Organic Chemistry Laboratory II + Organic Chemistry II,,,,San Jacinto Community College District
Houston,TX,San Jacinto Community College District - Generation Park Campus,CHEM 2425,Organic Chemistry II,CHEM 2240 + CHEM 2260,Organic Chemistry Laboratory II + Organic Chemistry II,,,,San Jacinto Community College District
San Jose,CA,San Jose City College,CHEM 012B,Organic Chemistry,CHEM 2240 + CHEM 2260,Organic Chemistry Laboratory II + Organic Chemistry II,,,,San Jose City College
Santa Monica,CA,Santa Monica College,CHEM 24,Organic Chemistry II Laboratory,CHEM 2240,Organic Chemistry Laboratory II,,,,Santa Monica College
Schenectady,NY,Schenectady County Community College,CHM 229,Organic Chemistry II,CHEM 2240 + CHEM 2260,Organic Chemistry Laboratory II + Organic Chemistry II,,,,Schenectady County Community College
Loudonville,NY,Siena College,CHEM - 220,Organic Chemistry II,CHEM 2240 + CHEM 2260,Organic Chemistry Laboratory II + Organic Chemistry II,,,,Siena College Undergraduate
Canton,NY,St Lawrence University,CHEM 222,Organic Chemistry,CHEM 2240 + CHEM 2260,Organic Chemistry Laboratory II + Organic Chemistry II,,,,Saint Lawrence University
Rochester,NY,St. John Fisher University,CHEM-202L,Organic Chemistry II Lab,CHEM 2240,Organic Chemistry Laboratory II,,,,Saint John Fisher College Undergraduate
Selden,NY,Suffolk County Community College-Ammerman Campus,CHE251,Organic Chemistry II,CHEM 2240 + CHEM 2260,Organic Chemistry Laboratory II + Organic Chemistry II,,,,Suffolk County Community College
Selden,NY,Suffolk County Community College-Central Report,CHE251,Organic Chemistry II,CHEM 2240 + CHEM 2260,Organic Chemistry Laboratory II + Organic Chemistry II,,,,Suffolk County Community College
Riverhead,NY,Suffolk County Community College-Eastern Campus,CHE251,Organic Chemistry II,CHEM 2240 + CHEM 2260,Organic Chemistry Laboratory II + Organic Chemistry II,,,,Suffolk County Community College
Brentwood,NY,Suffolk County Community College-Western Campus,CHE251,Organic Chemistry II,CHEM 2240 + CHEM 2260,Organic Chemistry Laboratory II + Organic Chemistry II,,,,Suffolk County Community College
Vestal,NY,Suny At Binghamton,CHEM 335,Organic Chemistry Laboratory,CHEM 2230 + CHEM 2240,Organic Chemistry Laboratory I + Organic Chemistry Laboratory II,,,,SUNY Binghamton University
Geneseo,NY,Suny College At Geneseo,CHEM 216,Organic Chemistry Laboratory,CHEM 2230 + CHEM 2230 + CHEM 2240 + CHEM 2240 + CHEM 2250 + CHEM 2250 + CHEM 2260 + CHEM 2260,Organic Chemistry Laboratory I + Organic Chemistry Laboratory I + Organic Chemistry Laboratory II + Organic Chemistry Laboratory II + Organic Chemistry I + Organic Chemistry I + Organic Chemistry II + Organic Chemistry II,,,,SUNY Geneseo Undergraduate
Geneseo,NY,Suny College At Geneseo,CHEM 216,Organic Chemistry Laboratory,CHEM 2230 + CHEM 2230 + CHEM 2240 + CHEM 2240 + CHEM 2250 + CHEM 2250 + CHEM 2260 + CHEM 2260,Organic Chemistry Laboratory I + Organic Chemistry Laboratory I + Organic Chemistry Laboratory II + Organic Chemistry Laboratory II + Organic Chemistry I + Organic Chemistry I + Organic Chemistry II + Organic Chemistry II,,,,SUNY Geneseo Undergraduate
Geneseo,NY,Suny College At Geneseo,CHEM 216 + CHEM 223 + CHEM 224 + CHEM 313,Organic Chemistry Laboratory + Principles Of Organic Chemistry I + Principles Of Organic Chemistry II + Laboratory Techniques In Organic Chemistry I,CHEM 2230 + CHEM 2230 + CHEM 2240 + CHEM 2240 + CHEM 2250 + CHEM 2250 + CHEM 2260 + CHEM 2260,Organic Chemistry Laboratory I + Organic Chemistry Laboratory I + Organic Chemistry Laboratory II + Organic Chemistry Laboratory II + Organic Chemistry I + Organic Chemistry I + Organic Chemistry II + Organic Chemistry II,,,,SUNY Geneseo Undergraduate
Geneseo,NY,Suny College At Geneseo,CHEM 216 + CHEM 223 + CHEM 224 + CHEM 313,Organic Chemistry Laboratory + Principles Of Organic Chemistry I + Principles Of Organic Chemistry II + Laboratory Techniques In Organic Chemistry I,CHEM 2230 + CHEM 2230 + CHEM 2240 + CHEM 2240 + CHEM 2250 + CHEM 2250 + CHEM 2260 + CHEM 2260,Organic Chemistry Laboratory I + Organic Chemistry Laboratory I + Organic Chemistry Laboratory II + Organic Chemistry Laboratory II + Organic Chemistry I + Organic Chemistry I + Organic Chemistry II + Organic Chemistry II,,,,SUNY Geneseo Undergraduate
Plattsburgh,NY,Suny College At Plattsburgh,CHE 242,Organic Chemistry II,CHEM 2240 + CHEM 2260,Organic Chemistry Laboratory II + Organic Chemistry II,,,,SUNY College At Plattsburgh Undergraduate And Graduate
Cobleskill,NY,Suny College Of Agriculture And Technology At Cobleskill,CHEM 232 + CHEM 232X,Organic Chemistry II + Organic Chemistry II Lab,CHEM 2240 + CHEM 2260,Organic Chemistry Laboratory II + Organic Chemistry II,,,,SUNY College Of Agriculture And Technology At Cobleskill
New Paltz,NY,Suny New Paltz,CHE309,Organic Chemistry II Lab,CHEM 2240,Organic Chemistry Laboratory II,,,,SUNY New Paltz Undergraduate
Suffern,NY,Suny Rockland Community College,CHM 202,Organic Chemistry II,CHEM 2240 + CHEM 2260,Organic Chemistry Laboratory II + Organic Chemistry II,,,,SUNY Rockland Community College
Stone Ridge,NY,Suny Ulster County Community College,CHE 202,Organic Chemistry II,CHEM 2240 + CHEM 2260,Organic Chemistry Laboratory II + Organic Chemistry II,,,,SUNY Ulster County Community College
Albany,NY,The College Of Saint Rose,CHM 202 + CHM 202L,Organic Chemistry 2 + Organic Chemistry 2 Lab,CHEM 2240 + CHEM 2260,Organic Chemistry Laboratory II + Organic Chemistry II,,,,College Of Saint Rose Undergraduate Studies
Richardson,TX,The University Of Texas At Dallas,CHEM 2125,Introductory Organic Chemistry Laboratory II,CHEM 2240,Organic Chemistry Laboratory II,,,,University Of Texas At Dallas Undergraduate
Dryden,NY,Tompkins-Cortland Community College,CHEM206,Organic Chemistry II,CHEM 2240 + CHEM 2260,Organic Chemistry Laboratory II + Organic Chemistry II,,,,Tompkins Cortland Community College (TC3)
Medford,MA,Tufts University,CHEM 0054,Organic Chemistry II Lab,CHEM 2240,Organic Chemistry Laboratory II,,,,Tufts University Course Descriptions
Schenectady,NY,Union College,CHM 232,Organic Chemistry 2,CHEM 2240 + CHEM 2260,Organic Chemistry Laboratory II + Organic Chemistry II,,,,Union College
Buffalo,NY,"University At Buffalo, State University Of New York",CHE 202,Organic Chemistry II,CHEM 2240 + CHEM 2260,Organic Chemistry Laboratory II + Organic Chemistry II,,,,SUNY University At Buffalo Undergraduate
Orono,ME,University Of Maine,CHY 254,Organic Chemistry Laboratory II,CHEM 2240,Organic Chemistry Laboratory II,,,,University Of Maine Undergraduate
Florence,AL,University Of North Alabama,CH 312L,Organic Chemistry Laboratory,CHEM 2240,Organic Chemistry Laboratory II,,,,University Of North Alabama Undergraduate
Saint Paul,MN,University Of Northwestern St. Paul,CHE3101 + CHE3101L + CHE3102 + CHE3102L,Organic Chemistry I + Organic Chemistry I + Organic Chemistry II + Organic Chemistry II,CHEM 2230 + CHEM 2240 + CHEM 2250 + CHEM 2260,Organic Chemistry Laboratory I + Organic Chemistry Laboratory II + Organic Chemistry I + Organic Chemistry II,,,,University Of Northwestern Traditional Undergraduate & Dual Enrollment
Notre Dame,IN,University Of Notre Dame,CHEM 236 + CHEM 236L,Organic Chemistry M II + Organic Chemistry M Laboratory II,CHEM 2240 + CHEM 2260,Organic Chemistry Laboratory II + Organic Chemistry II,,,,University Of Notre Dame Undergraduate
Pittsburgh,PA,University Of Pittsburgh-Main Campus,CHEM 0310 + CHEM 0320 + CHEM 0345,Organic Chemistry 1 + Organic Chemistry 2 + Organic Laboratory,CHEM 2230 + CHEM 2240 + CHEM 2250 + CHEM 2260,Organic Chemistry Laboratory I + Organic Chemistry Laboratory II + Organic Chemistry I + Organic Chemistry II,,,,University Of Pittsburgh Undergraduate
Knoxville,TN,University Of Tennessee,CHEM 369,"Organic Chemistry Laboratory – Preprofessional, Non-Chemistry Majors",CHEM 2230 + CHEM 2240,Organic Chemistry Laboratory I + Organic Chemistry Laboratory II,,,,University Of Tennessee Knoxville Undergraduate
Burlington,VT,University Of Vermont And State Agricultural College,CHEM 142,Organic Chemistry 2,CHEM 2240 + CHEM 2260,Organic Chemistry Laboratory II + Organic Chemistry II,,,,University Of Vermont Undergraduate
Madison,WI,University Of Wisconsin-Madison,CHEM 343 + CHEM 344 + CHEM 345 + CHEM 345,Introductory Organic Chemistry + Introductory Organic Chemistry Laboratory + Intermediate Organic Chemistry + Intermediate Organic Chemistry,CHEM 2230 + CHEM 2240 + CHEM 2250 + CHEM 2260,Organic Chemistry Laboratory I + Organic Chemistry Laboratory II + Organic Chemistry I + Organic Chemistry II,,,,University Of Wisconsin Madison Course Descriptions
Utica,NY,Utica University,CHE 332,Organic Chemistry II,CHEM 2240 + CHEM 2260,Organic Chemistry Laboratory II + Organic Chemistry II,,,,Utica University Winter/Spring Undergraduate
Staten Island,NY,Wagner College,CH 212L,Organic Chemistry II Laboratory,CHEM 2240,Organic Chemistry Laboratory II,,,,Wagner College Undergraduate And Graduate
Worcester,MA,Worcester State University,CH-204,Organic Chemistry Laboratory II,CHEM 2240,Organic Chemistry Laboratory II,,,,Worcester State University
