City,State,Institution,Transfer Course ID,Transfer Course Name,RPI Course ID,RPI Course Name,Note,Begin,End,Transfer Catalog
Queensbury,NY,Adirondack Community College,CIS 122,Introduction To Internet Development,CSCI 1000,Computer Science Elective,,,,SUNY Adirondack Community College
Queensbury,NY,Adirondack Community College,CIS 133,Network Fundamentals (Ccna1),CSCI 1000,Computer Science Elective,,,,SUNY Adirondack Community College
Queensbury,NY,Adirondack Community College,CIS 134,Routing Protocols And Concepts (Ccna2),CSCI 1000,Computer Science Elective,,,,SUNY Adirondack Community College
Queensbury,NY,Adirondack Community College,CIS 137,Lan Switching And Wireless (Ccna3),CSCI 1000,Computer Science Elective,,,,SUNY Adirondack Community College
Queensbury,NY,Adirondack Community College,CIS 138,Accessing The Wan (Ccna4),CSCI 1000,Computer Science Elective,,,,SUNY Adirondack Community College
Queensbury,NY,Adirondack Community College,CIS 144,Intermediate Programming In A Windows Environment,CSCI 1000,Computer Science Elective,,,,SUNY Adirondack Community College
Queensbury,NY,Adirondack Community College,CIS 145,Fortran 77 Programming,CSCI 1000,Computer Science Elective,,,,SUNY Adirondack Community College
Queensbury,NY,Adirondack Community College,CIS 151,Server Side Scripting,CSCI 1000,Computer Science Elective,,,,SUNY Adirondack Community College
Queensbury,NY,Adirondack Community College,CIS 231,Systems Analysis And Design,CSCI 1000,Computer Science Elective,,,,SUNY Adirondack Community College
Queensbury,NY,Adirondack Community College,CIS 232,Server Administration,CSCI 1000,Computer Science Elective,,,,SUNY Adirondack Community College
Queensbury,NY,Adirondack Community College,CIS 233,Enterprise Networking (Ccnp1),CSCI 1000,Computer Science Elective,,,,SUNY Adirondack Community College
Queensbury,NY,Adirondack Community College,CIS 237,Database Management Systems,CSCI 1000,Computer Science Elective,,,,SUNY Adirondack Community College
Queensbury,NY,Adirondack Community College,CIS 244,Computer Systems And Programming,CSCI 1000,Computer Science Elective,,,,SUNY Adirondack Community College
Alfred,NY,Alfred University,CSCI 205,Database Systems,CSCI 1000,Computer Science Elective,,,,Alfred University
Washington,DC,American University,CSC-280 + CSC-281,Introduction To Computer Science I + Introduction To Computer Science II,CSCI 1000 + CSCI 1100,Computer Science Elective + Computer Science I,,,,American University
Sierra Vista,AZ,Arizona State University - Cochise,CSE 240,Introduction To Programming Languages,CSCI 1000,Computer Science Elective,,,,Arizona State University Course Descriptions Fall
Sierra Vista,AZ,Arizona State University - Cochise,CSE 294,Special Topics,CSCI 1000,Computer Science Elective,,,,Arizona State University Course Descriptions Fall
Lake Havasu City,AZ,Arizona State University - Lake Havasu,CSE 240,Introduction To Programming Languages,CSCI 1000,Computer Science Elective,,,,Arizona State University Course Descriptions Fall
Lake Havasu City,AZ,Arizona State University - Lake Havasu,CSE 294,Special Topics,CSCI 1000,Computer Science Elective,,,,Arizona State University Course Descriptions Fall
Mesa,AZ,Arizona State University - Mesa City Center,CSE 240,Introduction To Programming Languages,CSCI 1000,Computer Science Elective,,,,Arizona State University Course Descriptions Fall
Mesa,AZ,Arizona State University - Mesa City Center,CSE 294,Special Topics,CSCI 1000,Computer Science Elective,,,,Arizona State University Course Descriptions Fall
Tucson,AZ,Arizona State University - Pima,CSE 240,Introduction To Programming Languages,CSCI 1000,Computer Science Elective,,,,Arizona State University Course Descriptions Fall
Tucson,AZ,Arizona State University - Pima,CSE 294,Special Topics,CSCI 1000,Computer Science Elective,,,,Arizona State University Course Descriptions Fall
Casa Grande,AZ,Arizona State University - Pinal,CSE 240,Introduction To Programming Languages,CSCI 1000,Computer Science Elective,,,,Arizona State University Course Descriptions Fall
Casa Grande,AZ,Arizona State University - Pinal,CSE 294,Special Topics,CSCI 1000,Computer Science Elective,,,,Arizona State University Course Descriptions Fall
Thatcher,AZ,Arizona State University - The Gila Valley,CSE 240,Introduction To Programming Languages,CSCI 1000,Computer Science Elective,,,,Arizona State University Course Descriptions Fall
Thatcher,AZ,Arizona State University - The Gila Valley,CSE 294,Special Topics,CSCI 1000,Computer Science Elective,,,,Arizona State University Course Descriptions Fall
Prescott Valley,AZ,Arizona State University - Yavapai,CSE 240,Introduction To Programming Languages,CSCI 1000,Computer Science Elective,,,,Arizona State University Course Descriptions Fall
Prescott Valley,AZ,Arizona State University - Yavapai,CSE 294,Special Topics,CSCI 1000,Computer Science Elective,,,,Arizona State University Course Descriptions Fall
Yuma,AZ,Arizona State University - Yuma,CSE 240,Introduction To Programming Languages,CSCI 1000,Computer Science Elective,,,,Arizona State University Course Descriptions Fall
Yuma,AZ,Arizona State University - Yuma,CSE 294,Special Topics,CSCI 1000,Computer Science Elective,,,,Arizona State University Course Descriptions Fall
Phoenix,AZ,Arizona State University-Downtown Phoenix,CSE 240,Introduction To Programming Languages,CSCI 1000,Computer Science Elective,,,,Arizona State University Course Descriptions Fall
Phoenix,AZ,Arizona State University-Downtown Phoenix,CSE 294,Special Topics,CSCI 1000,Computer Science Elective,,,,Arizona State University Course Descriptions Fall
Mesa,AZ,Arizona State University-Polytechnic,CSE 240,Introduction To Programming Languages,CSCI 1000,Computer Science Elective,,,,Arizona State University Course Descriptions Fall
Mesa,AZ,Arizona State University-Polytechnic,CSE 294,Special Topics,CSCI 1000,Computer Science Elective,,,,Arizona State University Course Descriptions Fall
Scottsdale,AZ,Arizona State University-Skysong,CSE 240,Introduction To Programming Languages,CSCI 1000,Computer Science Elective,,,,Arizona State University Course Descriptions Fall
Scottsdale,AZ,Arizona State University-Skysong,CSE 294,Special Topics,CSCI 1000,Computer Science Elective,,,,Arizona State University Course Descriptions Fall
Tempe,AZ,Arizona State University-Tempe,CSE 240,Introduction To Programming Languages,CSCI 1000,Computer Science Elective,,,,Arizona State University Course Descriptions Fall
Tempe,AZ,Arizona State University-Tempe,CSE 294,Special Topics,CSCI 1000,Computer Science Elective,,,,Arizona State University Course Descriptions Fall
Glendale,AZ,Arizona State University-West,CSE 240,Introduction To Programming Languages,CSCI 1000,Computer Science Elective,,,,Arizona State University Course Descriptions Fall
Glendale,AZ,Arizona State University-West,CSE 294,Special Topics,CSCI 1000,Computer Science Elective,,,,Arizona State University Course Descriptions Fall
Great Barrington,MA,Bard College At Simon's Rock,CMPT 243,Algorithms And Data Structures,CSCI 1000,Computer Science Elective,,,,Simon'S Rock College Of Bard
Bellevue,WA,Bellevue College,CS 211,Fundamentals Of Computer Science II,CSCI 1000,Computer Science Elective,,,,Bellevue College
Paramus,NJ,Bergen Community College,CIS-265,Advanced Programming Concepts,CSCI 1000,Computer Science Elective,,,,Bergen Community College
Paramus,NJ,Bergen Community College,INF-160,Networking Technologies And Data Communications,CSCI 1000,Computer Science Elective,,,,Bergen Community College
Pittsfield,MA,Berkshire Community College,CIS 125,C++ Programming II,CSCI 1000,Computer Science Elective,,,,Berkshire Community College
Pittsfield,MA,Berkshire Community College,CIS 132,Computer Science II With Java,CSCI 1000,Computer Science Elective,,,,Berkshire Community College
Pittsfield,MA,Berkshire Community College,CIS 155,Web Development,CSCI 1000,Computer Science Elective,,,,Berkshire Community College
Pittsfield,MA,Berkshire Community College,CIS 201,Advanced Cobol,CSCI 1000,Computer Science Elective,,,,Berkshire Community College
Pittsfield,MA,Berkshire Community College,CIS 203,Systems Design,CSCI 1000,Computer Science Elective,,,,Berkshire Community College
Pittsfield,MA,Berkshire Community College,CIS 232,Computer Science II With Java,CSCI 1000,Computer Science Elective,,,,Berkshire Community College
Chestnut Hill,MA,Boston College,CS 054,Web Application Development,CSCI 1000,Computer Science Elective,,,,Boston College
Binghamton,NY,Broome Community College,CST 113,Introduction To Programming,CSCI 1000,Computer Science Elective,,,,SUNY Broome Community College
Binghamton,NY,Broome Community College,CST 120,Java Programming,CSCI 1000,Computer Science Elective,,,,SUNY Broome Community College
Binghamton,NY,Broome Community College,CST 170,Digital Logic,CSCI 1000,Computer Science Elective,,,,SUNY Broome Community College
Newtown,PA,Bucks County Community College,CISC 135,Programming For Mobile Devices,CSCI 1000,Computer Science Elective,,,,Bucks County Community College
Newtown,PA,Bucks County Community College,CISC 215,Database Design And Application Development,CSCI 1000,Computer Science Elective,,,,Bucks County Community College
Bristol,PA,Bucks County Community College-Lower Bucks Campus,CISC 135,Programming For Mobile Devices,CSCI 1000,Computer Science Elective,,,,Bucks County Community College
Bristol,PA,Bucks County Community College-Lower Bucks Campus,CISC 215,Database Design And Application Development,CSCI 1000,Computer Science Elective,,,,Bucks County Community College
Perkasie,PA,Bucks County Community College-Upper Bucks Campus,CISC 135,Programming For Mobile Devices,CSCI 1000,Computer Science Elective,,,,Bucks County Community College
Perkasie,PA,Bucks County Community College-Upper Bucks Campus,CISC 215,Database Design And Application Development,CSCI 1000,Computer Science Elective,,,,Bucks County Community College
Boston,MA,Bunker Hill Community College,CIT-120,Introduction To Computer Science And Object Oriented Programming (Oop),CSCI 1000,Computer Science Elective,,,,Bunker Hill Community College
Boston,MA,Bunker Hill Community College,CIT-242,Data Structures,CSCI 1000,Computer Science Elective,,,,Bunker Hill Community College
Boston,MA,Bunker Hill Community College,CSC-120,Intro To Comp Sci & Object Oriented Prog,CSCI 1000,Computer Science Elective,CSCI 1000 (4cr),05/01/2023,05/01/2026,Bunker Hill Community College
Cambridge, ,Cambridge Assessment International Education,Computer Science - 9618,Computer Science,CSCI 1000,Computer Science Elective,A Level Only,,,AICE Cambridge International Exams
Blackwood,NJ,Camden County College,CSC-111 + CSC-121,Introduction To Programming + Structured Programming (C++),CSCI 1000,Computer Science Elective,,,,Camden County College Academic Program Guide
West Barnstable,MA,Cape Cod Community College,CSC110 + CSC130,Computer Programming I: Java + Computer Programming II: Java,CSCI 1000 + CSCI 1100,Computer Science Elective + Computer Science I,,,,Cape Cod Community College
Minneapolis,MN,Capella University,IT3212 + IT3215 + IT3301,Introduction To Web Development + Introduction To Javascript + User Experience And Interaction Design,CSCI 1000,Computer Science Elective,,,,Capella University
Auburn,NY,Cayuga Community College,CS 215,Systems Analysis And Design,CSCI 1000,Computer Science Elective,,,,Cayuga Community College
Auburn,NY,Cayuga Community College,CS 235,Web Page Design And Development,CSCI 1000,Computer Science Elective,,,,Cayuga Community College
Burlington,VT,Champlain College,CSI 140,Introduction To Programming,CSCI 1000,Computer Science Elective,,,,Champlain College Undergraduate
Chandler,AZ,Chandler-Gilbert Community College,CSC 110AB,Introduction To Computer Science (Java),CSCI 1000,Computer Science Elective,CSCI 1000 (4cr),01/01/2024,01/01/2027,Maricopa County Community College District Course Descriptions
San Mateo,CA,College Of San Mateo,CIS 132,Introduction To Databases,CSCI 1000,Computer Science Elective,,,,College Of San Mateo
San Mateo,CA,College Of San Mateo,CIS 151,Computer Networking,CSCI 1000,Computer Science Elective,,,,College Of San Mateo
San Mateo,CA,College Of San Mateo,CIS 278,(Cs1) Programming Methods: C++,CSCI 1000,Computer Science Elective,,,,College Of San Mateo
Santa Clarita,CA,College Of The Canyons,CMPSCI 235,C Programming,CSCI 1000,Computer Science Elective,,,,College Of The Canyons
Wooster,OH,College Of Wooster,CSCI 40000,Tutorial,CSCI 1000,Computer Science Elective,,,,College Of Wooster
Hudson,NY,Columbia-Greene Community College,CS 118,Computer And Programming Theory,CSCI 1000,Computer Science Elective,,,,Columbia-Greene Community College
Hudson,NY,Columbia-Greene Community College,CS 154,Java Programming,CSCI 1000,Computer Science Elective,,,,Columbia-Greene Community College
Hudson,NY,Columbia-Greene Community College,CS 160,Visual Basic,CSCI 1000,Computer Science Elective,,,,Columbia-Greene Community College
Hudson,NY,Columbia-Greene Community College,CS 255,Discrete And Data Structures,CSCI 1000,Computer Science Elective,,,,Columbia-Greene Community College
Waterbury,CT,Connecticut State Community College Naugatuck Campus,CSC* H205,Visual Basic I,CSCI 1000,Computer Science Elective,,,,Naugatuck Valley Community College
Winsted,CT,Connecticut State Community College Northwestern Campus,CSC* 233,Database Development I,CSCI 1000,Computer Science Elective,,,,Northwestern Connecticut Community College
Winsted,CT,Connecticut State Community College Northwestern Campus,CSC* 250,Systems Analysis & Design,CSCI 1000,Computer Science Elective,,,,Northwestern Connecticut Community College
Winsted,CT,Connecticut State Community College Northwestern Campus,CST* 154,Web Coding And Development,CSCI 1000,Computer Science Elective,,,,Northwestern Connecticut Community College
Randolph,NJ,County College Of Morris,CMP-108,Game Design Concepts,CSCI 1000,Computer Science Elective,,,,County College Of Morris
Randolph,NJ,County College Of Morris,CMP-120,Foundations Of Information Security,CSCI 1000,Computer Science Elective,CSCI 1000 (3cr),09/01/2023,09/01/2026,County College Of Morris
Randolph,NJ,County College Of Morris,CMP-123,Systems Analysis And Design,CSCI 1000,Computer Science Elective,,,,County College Of Morris
Randolph,NJ,County College Of Morris,CMP 208,C Programming Language (C#),CSCI 1000,Computer Science Elective,,,,County College Of Morris
Randolph,NJ,County College Of Morris,CMP 240,Advanced Object-Oriented Technology (Java),CSCI 1000,Computer Science Elective,,,,County College Of Morris
Randolph,NJ,County College Of Morris,TEL-109 + TEL-110 + TEL-233,Introduction To Telecommunications + Routing I + Network Operating Systems,CSCI 1000,Computer Science Elective,,,,County College Of Morris
New Bern,NC,Craven Community College,CSC 134 + CSC 151,C++ Programming + Java Programming,CSCI 1000 + CSCI 1100,Computer Science Elective + Computer Science I,,,,Craven Community College
New York,NY,Cuny Borough Of Manhattan Community College,SCI 120,Computer Methods In Science,CSCI 1000,Computer Science Elective,CSCI 1000 (4cr),09/01/2023,09/01/2026,CUNY Borough Of Manhattan Community College
Brooklyn,NY,Cuny Brooklyn College,CISC 3110,Advanced Programming Techniques,CSCI 1000,Computer Science Elective,,,,CUNY Brooklyn College Undergraduate
Staten Island,NY,Cuny College Of Staten Island,CSC 270,Introduction To Scientific Computing,CSCI 1000,Computer Science Elective,,,,CUNY College Of Staten Island Undergraduate
Brooklyn,NY,Cuny Kingsborough Community College,CS 01400,Computers And Assembly Language Programming,CSCI 1000,Computer Science Elective,,,,CUNY Kingsborough Community College
Long Island City,NY,Cuny Laguardia Community College,MAC232,Unix Network Operating Systems,CSCI 1000,Computer Science Elective,,,,CUNY LaGuardia Community College
Long Island City,NY,Cuny Laguardia Community College,MAT231,Introduction To Discrete Mathematics,CSCI 1000 + CSCI 1000 + CSCI 2200 + CSCI 2200,Computer Science Elective + Computer Science Elective + Foundations Of Computer Science + Foundations Of Computer Science,,,,CUNY LaGuardia Community College
Long Island City,NY,Cuny Laguardia Community College,MAT231,Introduction To Discrete Mathematics,CSCI 1000 + CSCI 1000 + CSCI 2200 + CSCI 2200,Computer Science Elective + Computer Science Elective + Foundations Of Computer Science + Foundations Of Computer Science,,,,CUNY LaGuardia Community College
Long Island City,NY,Cuny Laguardia Community College,MAT231 + MAT231,Introduction To Discrete Mathematics + Introduction To Discrete Mathematics,CSCI 1000 + CSCI 1000 + CSCI 2200 + CSCI 2200,Computer Science Elective + Computer Science Elective + Foundations Of Computer Science + Foundations Of Computer Science,,,,CUNY LaGuardia Community College
Long Island City,NY,Cuny Laguardia Community College,MAT231 + MAT231,Introduction To Discrete Mathematics + Introduction To Discrete Mathematics,CSCI 1000 + CSCI 1000 + CSCI 2200 + CSCI 2200,Computer Science Elective + Computer Science Elective + Foundations Of Computer Science + Foundations Of Computer Science,,,,CUNY LaGuardia Community College
Brooklyn,NY,Cuny New York City College Of Technology,CST 1204,Database Systems Fundamentals,CSCI 1000,Computer Science Elective,,,,CUNY New York City College Of Technology Fall
Queens,NY,Cuny Queens College,CSCI 111,Introduction To Algorithmic Problem Solving,CSCI 1000,Computer Science Elective,CSCI 1000 (3cr),05/01/2023,05/01/2026,CUNY Queens College Undergraduate
Hanover,NH,Dartmouth College,COSC 18,Structure And Interpretation Of Computer Programs,CSCI 1000,Computer Science Elective,,,,Dartmouth College Thayer School Of Engineering
Media,PA,Delaware County Community College,DPR 205,Introduction To Java Programming,CSCI 1000,Computer Science Elective,,,,Delaware County Community College
Pleasant Hill,CA,Diablo Valley College,COMSC-165,Advanced Programming With C And C++,CSCI 1000,Computer Science Elective,,,,Diablo Valley College
Carlisle,PA,Dickinson College,COMP 131,Introduction To Computer Science I,CSCI 1000,Computer Science Elective,,,,Dickinson College
Redmond,WA,Digipen Institute Of Technology,CS 110,Game Implementation Techniques I,CSCI 1000,Computer Science Elective,,,,DigiPen Institute Of Technology
Redmond,WA,Digipen Institute Of Technology,CS 180,Operating Systems I: Man-Machine Interface,CSCI 1000,Computer Science Elective,,,,DigiPen Institute Of Technology
Madison,NJ,Drew University,CSCI 151,Object Oriented Programming In Java,CSCI 1000,Computer Science Elective,,,,Drew University College Of Liberal Arts
Philadelphia,PA,Drexel University,CS 172,Computer Programming II,CSCI 1000,Computer Science Elective,,,,Drexel University Undergraduate
Philadelphia,PA,Drexel University,CS 122 + CS 123 + CS 172,Computation Lab II + Computation Lab III + Computer Programming II,CSCI 1000,Computer Science Elective,,,,Drexel University
Pittsburgh,PA,Duquesne University,COSC 215,Data Structures In Java,CSCI 1000,Computer Science Elective,,,,Duquesne University Undergraduate
Poughkeepsie,NY,Dutchess Community College,CIS114,Computer Programming In C,CSCI 1000 + CSCI 1100,Computer Science Elective + Computer Science I,,,,Dutchess Community College
Poughkeepsie,NY,Dutchess Community College,CIS117,Data Communication Concepts,CSCI 1000,Computer Science Elective,,,,Dutchess Community College
Poughkeepsie,NY,Dutchess Community College,CIS124,Computer Operating Systems,CSCI 1000,Computer Science Elective,,,,Dutchess Community College
Poughkeepsie,NY,Dutchess Community College,CIS211,Applied Database Concepts,CSCI 1000,Computer Science Elective,,,,Dutchess Community College
Poughkeepsie,NY,Dutchess Community College,CIS213,Data Analytics For Business,CSCI 1000,Computer Science Elective,,,,Dutchess Community College
Poughkeepsie,NY,Dutchess Community College,CIS227,Computer Architecture And Organization,CSCI 1000,Computer Science Elective,,,,Dutchess Community College
Poughkeepsie,NY,Dutchess Community College,CIS228,Web Site Administration,CSCI 1000,Computer Science Elective,,,,Dutchess Community College
Poughkeepsie,NY,Dutchess Community College,CIS233,Advanced Visual Programming,CSCI 1000,Computer Science Elective,,,,Dutchess Community College
Lynnwood,WA,Edmonds College,CS 142 + CS 143,Computer Science II Java + Computer Science III Java,CSCI 1000,Computer Science Elective,,,,Edmonds College
Lynnwood,WA,Edmonds College,CS 143,Computer Science III Java,CSCI 1000 + CSCI 1000,Computer Science Elective + Computer Science Elective,,,,Edmonds College
Lynnwood,WA,Edmonds College,CS 143,Computer Science III Java,CSCI 1000 + CSCI 1000,Computer Science Elective + Computer Science Elective,,,,Edmonds College
Buffalo,NY,Erie Community College,CS 121,Computer Science I,CSCI 1000,Computer Science Elective,,,,Erie Community College
Buffalo,NY,Erie Community College,CS 132,Computer Science II,CSCI 1000,Computer Science Elective,,,,Erie Community College
Buffalo,NY,Erie Community College,CS 211,Computer Networks And Internetworks,CSCI 1000,Computer Science Elective,,,,Erie Community College
Buffalo,NY,Erie Community College,CS 232,Advanced Data Structures,CSCI 1000 + CSCI 1000 + CSCI 1200 + CSCI 1200,Computer Science Elective + Computer Science Elective + Data Structures + Data Structures,,,,Erie Community College
Buffalo,NY,Erie Community College,CS 232,Advanced Data Structures,CSCI 1000 + CSCI 1000 + CSCI 1200 + CSCI 1200,Computer Science Elective + Computer Science Elective + Data Structures + Data Structures,,,,Erie Community College
Buffalo,NY,Erie Community College,CS 209 + CS 232,Programming In Java + Advanced Data Structures,CSCI 1000 + CSCI 1000 + CSCI 1200 + CSCI 1200,Computer Science Elective + Computer Science Elective + Data Structures + Data Structures,,,,Erie Community College
Buffalo,NY,Erie Community College,CS 209 + CS 232,Programming In Java + Advanced Data Structures,CSCI 1000 + CSCI 1000 + CSCI 1200 + CSCI 1200,Computer Science Elective + Computer Science Elective + Data Structures + Data Structures,,,,Erie Community College
Avondale,AZ,Estrella Mountain Community College,CSC 110AB,Introduction To Computer Science (Java),CSCI 1000,Computer Science Elective,CSCI 1000 (4cr),01/01/2024,01/01/2027,Maricopa County Community College District Course Descriptions
Fairfield,CT,Fairfield University,SW 0300,Software Engineering Methods,CSCI 1000,Computer Science Elective,,,,Fairfield University Course Descriptions
Fairfield,CT,Fairfield University,SW 0416,Mobile Application Development,CSCI 1000,Computer Science Elective,,,,Fairfield University Course Descriptions
Fairfield,CT,Fairfield University,CS 0232 + CS 0343 + SW 0416,Data Structures + Design And Analysis Of Algorithms + Mobile Application Development,CSCI 1000,Computer Science Elective,,,,Fairfield University Course Descriptions
Melbourne,FL,Florida Institute Of Technology-Florida Tech Online,CSE 1502,Introduction To Software Development With C++,CSCI 1000,Computer Science Elective,CSCI 1000 (3 cr),01/01/2024,01/01/2027,Florida Institute Of Technology
Melbourne,FL,Florida Institute Of Technology-Melbourne,CSE 1502,Introduction To Software Development With C++,CSCI 1000,Computer Science Elective,CSCI 1000 (3 cr),01/01/2024,01/01/2027,Florida Institute Of Technology
Lancaster,PA,Franklin And Marshall College,CPS 112,Computer Science II,CSCI 1000,Computer Science Elective,,,,Franklin And Marshall College
Johnstown,NY,Fulton-Montgomery Community College,CIS 160,Database Design And Programming,CSCI 1000,Computer Science Elective,,,,Fulton-Montgomery Community College
Johnstown,NY,Fulton-Montgomery Community College,CIS 170,Web Site Development,CSCI 1000,Computer Science Elective,,,,Fulton-Montgomery Community College
Johnstown,NY,Fulton-Montgomery Community College,CIS 235,Systems Analysis And Design,CSCI 1000,Computer Science Elective,,,,Fulton-Montgomery Community College
Johnstown,NY,Fulton-Montgomery Community College,CIS 241,Networking Concepts,CSCI 1000,Computer Science Elective,,,,Fulton-Montgomery Community College
Johnstown,NY,Fulton-Montgomery Community College,COT 131,Cisco Networking I,CSCI 1000,Computer Science Elective,,,,Fulton-Montgomery Community College
Johnstown,NY,Fulton-Montgomery Community College,CS 125,C++ Programming,CSCI 1000,Computer Science Elective,,,,Fulton-Montgomery Community College
Phoenix,AZ,Gateway Community College,CSC 110AB,Introduction To Computer Science (Java),CSCI 1000,Computer Science Elective,CSCI 1000 (4cr),01/01/2024,01/01/2027,Maricopa County Community College District Course Descriptions
Fairfax,VA,George Mason University,CS 211,Object-Oriented Programming,CSCI 1000,Computer Science Elective,CSCI 1000 (3 cr),05/01/2023,05/01/2026,George Mason University
Washington,DC,George Washington University,CSCI 1010,Computer Science Orientation,CSCI 1000,Computer Science Elective,,,,George Washington University
Washington,DC,George Washington University,CSCI 2113,Software Engineering,CSCI 1000,Computer Science Elective,,,,George Washington University
Glendale,AZ,Glendale Community College,CSC 110AB,Introduction To Computer Science (Java),CSCI 1000,Computer Science Elective,CSCI 1000 (4cr),01/01/2024,01/01/2027,Maricopa County Community College District Course Descriptions
Baltimore,MD,Goucher College,CS 116,Introduction To Computer Science,CSCI 1000,Computer Science Elective,,,,Goucher College Undergraduate
Baltimore,MD,Goucher College,CS 119,Foundations Of Computer Science,CSCI 1000,Computer Science Elective,,,,Goucher College Undergraduate
Greenfield,MA,Greenfield Community College,CIS 245,Advanced Database Programming,CSCI 1000,Computer Science Elective,,,,Greenfield Community College
Greenfield,MA,Greenfield Community College,CIS 250,Advanced Basic,CSCI 1000,Computer Science Elective,,,,Greenfield Community College
Greenfield,MA,Greenfield Community College,CIS 251,Java Programming,CSCI 1000,Computer Science Elective,,,,Greenfield Community College
Greenville,SC,Greenville Technical College,CPT 236,Introduction To Java Programming,CSCI 1000,Computer Science Elective,,,,Greenville Technical College
Grinnell,IA,Grinnell College,CSC 151,Functional Problem Solving,CSCI 1000,Computer Science Elective,,,,Grinnell College
Oneonta,NY,Hartwick College,CISC 250,Artificial Intelligence For Business,CSCI 1000 + CSCI 1100,Computer Science Elective + Computer Science I,,,,Hartwick College
Claremont,CA,Harvey Mudd College,CSCI 5GR + CSCI 60,Introduction To Biology And Computer Science + Principles Of Computer Science,CSCI 1000 + CSCI 1100,Computer Science Elective + Computer Science I,,,,Harvey Mudd College
Holyoke,MA,Holyoke Community College,CSI 218,Programming Fundamentals II,CSCI 1000,Computer Science Elective,,,,Holyoke Community College
Columbia,MD,Howard Community College,CMSY 156,Introduction To Python,CSCI 1000,Computer Science Elective,,,,Howard Community College
Jersey City,NJ,Hudson County Community College,CSC 101,Scientific Programming,CSCI 1000,Computer Science Elective,,,,Hudson County Community College
Jersey City,NJ,Hudson County Community College,CSC 242 + CSC 245,Computer Forensics And Investigation + Ethical Hacking,CSCI 1000,Computer Science Elective,,,,Hudson County Community College
Troy,NY,Hudson Valley Community College,CISS 120,Networking I- Intro To Data Communication,CSCI 1000,Computer Science Elective,,,,Hudson Valley Community College
Troy,NY,Hudson Valley Community College,CISS 125,Computer And Information Security,CSCI 1000,Computer Science Elective,,,,Hudson Valley Community College
Troy,NY,Hudson Valley Community College,CISS 150,Operating Systems,CSCI 1000,Computer Science Elective,,,,Hudson Valley Community College
Troy,NY,Hudson Valley Community College,CISS 180,Introduction To Robotics,CSCI 1000,Computer Science Elective,,,,Hudson Valley Community College
Troy,NY,Hudson Valley Community College,CISS 200,Cobol Programming,CSCI 1000,Computer Science Elective,,,,Hudson Valley Community College
Troy,NY,Hudson Valley Community College,CISS 201,Advanced Cobol Programming,CSCI 1000,Computer Science Elective,,,,Hudson Valley Community College
Troy,NY,Hudson Valley Community College,CISS 210,Information Systems Analysis And Design,CSCI 1000,Computer Science Elective,,,,Hudson Valley Community College
Troy,NY,Hudson Valley Community College,CISS 231,Advanced Visual Basic Programming,CSCI 1000,Computer Science Elective,,,,Hudson Valley Community College
Troy,NY,Hudson Valley Community College,CISS 233,C# Programming,CSCI 1000,Computer Science Elective,,,,Hudson Valley Community College
Troy,NY,Hudson Valley Community College,CISS 271,Advanced Switching And Network Management,CSCI 1000,Computer Science Elective,,,,Hudson Valley Community College
Troy,NY,Hudson Valley Community College,CISS 272,"Wireless, Voip And Advanced Networking Troubleshooting",CSCI 1000,Computer Science Elective,,,,Hudson Valley Community College
Chicago,IL,Illinois Institute Of Technology,CS 116,Object-Oriented Programming II,CSCI 1000 + CSCI 1000 + CSCI 1200,Computer Science Elective + Computer Science Elective + Data Structures,,,,Illinois Institute Of Technology Undergraduate
Chicago,IL,Illinois Institute Of Technology,CS 116,Object-Oriented Programming II,CSCI 1000 + CSCI 1000 + CSCI 1200,Computer Science Elective + Computer Science Elective + Data Structures,,,,Illinois Institute Of Technology Undergraduate
Chicago,IL,Illinois Institute Of Technology,CS 331,Data Structures And Algorithms,CSCI 1000 + CSCI 1000 + CSCI 1200 + CSCI 1200,Computer Science Elective + Computer Science Elective + Data Structures + Data Structures,,,,Illinois Institute Of Technology Undergraduate
Chicago,IL,Illinois Institute Of Technology,CS 331,Data Structures And Algorithms,CSCI 1000 + CSCI 1000 + CSCI 1200 + CSCI 1200,Computer Science Elective + Computer Science Elective + Data Structures + Data Structures,,,,Illinois Institute Of Technology Undergraduate
Chicago,IL,Illinois Institute Of Technology,CS 331 + CS 331,Data Structures And Algorithms + Data Structures And Algorithms,CSCI 1000 + CSCI 1000 + CSCI 1200 + CSCI 1200,Computer Science Elective + Computer Science Elective + Data Structures + Data Structures,,,,Illinois Institute Of Technology Undergraduate
Chicago,IL,Illinois Institute Of Technology,CS 331 + CS 331,Data Structures And Algorithms + Data Structures And Algorithms,CSCI 1000 + CSCI 1000 + CSCI 1200 + CSCI 1200,Computer Science Elective + Computer Science Elective + Data Structures + Data Structures,,,,Illinois Institute Of Technology Undergraduate
Ithaca,NY,Ithaca College,COMP 20500,Advanced Web Programming,CSCI 1000,Computer Science Elective,,,,Ithaca College
Ithaca,NY,Ithaca College,COMP 22000,Introduction To Data Structures,CSCI 1000 + CSCI 1000 + CSCI 1200 + CSCI 1200,Computer Science Elective + Computer Science Elective + Data Structures + Data Structures,,,,Ithaca College
Ithaca,NY,Ithaca College,COMP 22000,Introduction To Data Structures,CSCI 1000 + CSCI 1000 + CSCI 1200 + CSCI 1200,Computer Science Elective + Computer Science Elective + Data Structures + Data Structures,,,,Ithaca College
Ithaca,NY,Ithaca College,COMP 22000 + COMP 22000,Introduction To Data Structures + Introduction To Data Structures,CSCI 1000 + CSCI 1000 + CSCI 1200 + CSCI 1200,Computer Science Elective + Computer Science Elective + Data Structures + Data Structures,,,,Ithaca College
Ithaca,NY,Ithaca College,COMP 22000 + COMP 22000,Introduction To Data Structures + Introduction To Data Structures,CSCI 1000 + CSCI 1000 + CSCI 1200 + CSCI 1200,Computer Science Elective + Computer Science Elective + Data Structures + Data Structures,,,,Ithaca College
Galesburg,IL,Knox College,CS 142,Program Design And Methodology,CSCI 1000,Computer Science Elective,,,,Knox College
Schnecksville,PA,Lehigh Carbon Community College,CIS 225,Computer Organization And Architecture,CSCI 1000,Computer Science Elective,,,,Lehigh Carbon Community College
Schnecksville,PA,Lehigh Carbon Community College,CIS 250,Operating Systems,CSCI 1000,Computer Science Elective,,,,Lehigh Carbon Community College
Brookville,NY,Liu Post,CS 136,Networks And It,CSCI 1000,Computer Science Elective,,,,LIU Post Undergraduate
The Woodlands,TX,Lone Star College System,COSC 2336,Programming Fundamentals III,CSCI 1000,Computer Science Elective,,,,Lone Star College
The Woodlands,TX,Lone Star College System,COSC2325,Computer Organization,CSCI 1000,Computer Science Elective,,,,Lone Star College
Riverdale,NY,Manhattan College,CIS 201,Computer Hardware & Software,CSCI 1000,Computer Science Elective,,,,Manhattan College Undergraduate
Riverdale,NY,Manhattan College,CIS 310,Business Data And Information Management,CSCI 1000 + MGMT 4140,Computer Science Elective + Computer Information Systems,,,,Manhattan College Undergraduate
Riverdale,NY,Manhattan College,CMPT 258,Database Systems I,CSCI 1000,Computer Science Elective,,,,Manhattan College Undergraduate
Tempe,AZ,Maricopa Community College District,CSC 110AB,Introduction To Computer Science (Java),CSCI 1000,Computer Science Elective,CSCI 1000 (4cr),01/01/2024,01/01/2027,Maricopa County Community College District Course Descriptions
Montreal,QC,Mcgill University,COMP 208,Computer Programming For Physical Sciences And Engineering,CSCI 1000,Computer Science Elective,,,,Mcgill University Course Descriptions
Montreal,QC,Mcgill University,COMP 302,Programming Languages And Paradigms,CSCI 1000,Computer Science Elective,,,,Mcgill University Course Descriptions
Montreal,QC,Mcgill University,COMP 421,Database Systems,CSCI 1000,Computer Science Elective,,,,Mcgill University Course Descriptions
Mesa,AZ,Mesa Community College,CSC 110AB,Introduction To Computer Science (Java),CSCI 1000,Computer Science Elective,CSCI 1000 (4cr),01/01/2024,01/01/2027,Maricopa County Community College District Course Descriptions
Edison,NJ,Middlesex College,CSC-236,Data Structures In Java,CSCI 1000,Computer Science Elective,,,,Middlesex College
Edison,NJ,Middlesex College,CSC-239,Database Concepts,CSCI 1000,Computer Science Elective,,,,Middlesex College
Utica,NY,Mohawk Valley Community College-Utica Branch,CI130,Programming In C++,CSCI 1000,Computer Science Elective,CSCI 1000 (3 cr),09/01/2023,09/01/2026,Mohawk Valley Community College
Utica,NY,Mohawk Valley Community College-Utica Branch,CI142,Computer Forensics,CSCI 1000,Computer Science Elective,,,,Mohawk Valley Community College
Utica,NY,Mohawk Valley Community College-Utica Branch,IS280,Web Development 2,CSCI 1000,Computer Science Elective,,,,Mohawk Valley Community College
Rochester,NY,Monroe Community College,CSC 202,Programming Embedded Microcontrollers In C And Assembly,CSCI 1000,Computer Science Elective,,,,Monroe Community College
Walnut,CA,Mt. San Antonio College,CISP 31 + CISP 31L,Programming In C++ + Programming In C++ Laboratory,CSCI 1000,Computer Science Elective,,,,Mount San Antonio College
East Grenwich,RI,New England Institute Of Technology,IT 267,It Ethics And Professional Development,CSCI 1000,Computer Science Elective,,,,New England Institute Of Technology
East Grenwich,RI,New England Institute Of Technology,NE 267,Introduction To Information Security,CSCI 1000,Computer Science Elective,,,,New England Institute Of Technology
Socorro,NM,New Mexico Institute Of Mining And Technology,ES 111,Computer Programming For Engineers,CSCI 1000,Computer Science Elective,,,,New Mexico Tech
New York,NY,New York Institute Of Technology-Manhattan Campus,CSCI 180,Programming II,CSCI 1000,Computer Science Elective,,,,New York Institute Of Technology Undergraduate Course Descriptions
Old Westbury,NY,New York Institute Of Technology-Old Westbury,CSCI 180,Programming II,CSCI 1000,Computer Science Elective,,,,New York Institute Of Technology Undergraduate Course Descriptions
Alfred Station,NY,New York State College Of Ceramics At Alfred University,CSCI 205,Database Systems,CSCI 1000,Computer Science Elective,,,,Alfred University
New York,NY,New York University,CS-UY 1122,Introduction To Computer Science,CSCI 1000,Computer Science Elective,,,,New York University Tandon School Of Engineering
New York,NY,New York University,CS-UY 1134,Data Structures And Algorithms,CSCI 1000 + CSCI 1000 + CSCI 1100 + CSCI 1100,Computer Science Elective + Computer Science Elective + Computer Science I + Computer Science I,,,,New York University Tandon School Of Engineering
New York,NY,New York University,CS-UY 1134,Data Structures And Algorithms,CSCI 1000 + CSCI 1000 + CSCI 1100 + CSCI 1100,Computer Science Elective + Computer Science Elective + Computer Science I + Computer Science I,,,,New York University Tandon School Of Engineering
Concord,NH,Nhti-Concord's Community College,IT 250,Introducing Routing And Switching In The Enterprise,CSCI 1000,Computer Science Elective,,,,NHTI Concord'S Community College Course Descriptions
Concord,NH,Nhti-Concord's Community College,IT 252,Designing And Supporting Computer Networks,CSCI 1000,Computer Science Elective,,,,NHTI Concord'S Community College Course Descriptions
Concord,NH,Nhti-Concord's Community College,IT 254,Advanced Routing,CSCI 1000,Computer Science Elective,,,,NHTI Concord'S Community College Course Descriptions
Concord,NH,Nhti-Concord's Community College,IT 262,Network Security I,CSCI 1000,Computer Science Elective,,,,NHTI Concord'S Community College Course Descriptions
Concord,NH,Nhti-Concord's Community College,CP 107 + CP 240 + IT 262,Introduction To Programming With C++ + Programming For Windows Operating Systems + Network Security I,CSCI 1000,Computer Science Elective,,,,NHTI Concord'S Community College Course Descriptions
Seattle,WA,North Seattle College,CSC 110,Introduction To Computer Programming,CSCI 1000,Computer Science Elective,,,,Seattle Colleges
Annandale,VA,Northern Virginia Community College,CSC 200,Introduction To Computer Science,CSCI 1000,Computer Science Elective,,,,Northern Virginia Community College
Annandale,VA,Northern Virginia Community College,ITE 221,Pc Hardware And Os Architecture,CSCI 1000,Computer Science Elective,,,,Northern Virginia Community College
Annandale,VA,Northern Virginia Community College,ITN 100,Introduction To Telecommunications,CSCI 1000,Computer Science Elective,,,,Northern Virginia Community College
Annandale,VA,Northern Virginia Community College,ITP 100,Software Design,CSCI 1000,Computer Science Elective,,,,Northern Virginia Community College
Des Plaines,IL,Oakton College,CSC 255,Objects And Algorithms,CSCI 1000,Computer Science Elective,,,,Oakton Community College
Oberlin,OH,Oberlin College,CSCI 241,Systems Programming,CSCI 1000,Computer Science Elective,,,,Oberlin College
Stillwater,OK,Oklahoma State University-Main Campus,CS 2351,Unix Programming,CSCI 1000,Computer Science Elective,,,,Oklahoma State University
Norfolk,VA,Old Dominion University,CS 250,Problem Solving And Programming II,CSCI 1000,Computer Science Elective,,,,Old Dominion University Undergraduate
Syracuse,NY,Onondaga Community College,CSC 109,Algorithm Development,CSCI 1000,Computer Science Elective,,,,Onondaga Community College
Syracuse,NY,Onondaga Community College,CSC 162 + CSC 265,Visual Basic I Programming + Visual Basic Programming II,CSCI 1000,Computer Science Elective,,,,Onondaga Community College
Middletown,NY,Orange County Community College,CIT 111,Internet And Html,CSCI 1000,Computer Science Elective,,,,SUNY Orange County Community College
Middletown,NY,Orange County Community College,CSC 102,Computer Science 2,CSCI 1000,Computer Science Elective,,,,SUNY Orange County Community College
Middletown,NY,Orange County Community College,CSC 201,Data Structures,CSCI 1000,Computer Science Elective,,,,SUNY Orange County Community College
Klamath Falls,OR,Oregon Institute Of Technology,CST 116,C++ Programming I,CSCI 1000,Computer Science Elective,,,,Oregon Institute Of Technology
Klamath Falls,OR,Oregon Institute Of Technology,CST 120,Embedded C,CSCI 1000,Computer Science Elective,,,,Oregon Institute Of Technology
Klamath Falls,OR,Oregon Institute Of Technology,CST 126,C++ Programming II,CSCI 1000,Computer Science Elective,,,,Oregon Institute Of Technology
Corvallis,OR,Oregon State University,CS 391,Social And Ethical Issues In Computer Science,CSCI 1000,Computer Science Elective,,,,Oregon State University
Bend,OR,Oregon State University-Cascades Campus,CS 391,Social And Ethical Issues In Computer Science,CSCI 1000,Computer Science Elective,,,,Oregon State University
Camden,NJ,Our Lady Of Lourdes School Of Nursing,CSC-111 + CSC-121,Introduction To Programming + Structured Programming (C++),CSCI 1000,Computer Science Elective,,,,Camden County College Academic Program Guide
Phoenix,AZ,Paradise Valley Community College,CSC 110AB,Introduction To Computer Science (Java),CSCI 1000,Computer Science Elective,CSCI 1000 (4cr),01/01/2024,01/01/2027,Maricopa County Community College District Course Descriptions
Middletown,PA,Pennsylvania State Univ-Harrisburg Capital College,CMPSC 201C,Computer Programming For Engineers Using C,CSCI 1000,Computer Science Elective,,,,Pennsylvania State University Undergraduate
Center Valley,PA,Pennsylvania State Univ-Lehigh Vly Berks-Lehigh,CMPSC 201C,Computer Programming For Engineers Using C,CSCI 1000,Computer Science Elective,,,,Pennsylvania State University Undergraduate
Schuylkill Haven,PA,Pennsylvania State Univ-Schuylkill-Capital College,CMPSC 201C,Computer Programming For Engineers Using C,CSCI 1000,Computer Science Elective,,,,Pennsylvania State University Undergraduate
Abington,PA,Pennsylvania State University-Abington College,CMPSC 201C,Computer Programming For Engineers Using C,CSCI 1000,Computer Science Elective,,,,Pennsylvania State University Undergraduate
Altoona,PA,Pennsylvania State University-Altoona College,CMPSC 201C,Computer Programming For Engineers Using C,CSCI 1000,Computer Science Elective,,,,Pennsylvania State University Undergraduate
Monaca,PA,Pennsylvania State University-Beaver,CMPSC 201C,Computer Programming For Engineers Using C,CSCI 1000,Computer Science Elective,,,,Pennsylvania State University Undergraduate
Reading,PA,Pennsylvania State University-Berks-Lehigh Valley,CMPSC 201C,Computer Programming For Engineers Using C,CSCI 1000,Computer Science Elective,,,,Pennsylvania State University Undergraduate
Media,PA,Pennsylvania State University-Delaware,CMPSC 201C,Computer Programming For Engineers Using C,CSCI 1000,Computer Science Elective,,,,Pennsylvania State University Undergraduate
Dubois,PA,Pennsylvania State University-Du Bois,CMPSC 201C,Computer Programming For Engineers Using C,CSCI 1000,Computer Science Elective,,,,Pennsylvania State University Undergraduate
Erie,PA,Pennsylvania State University-Erie Behrend College,CMPSC 201C,Computer Programming For Engineers Using C,CSCI 1000,Computer Science Elective,,,,Pennsylvania State University Undergraduate
Lemont Furnace,PA,Pennsylvania State University-Fayette,CMPSC 201C,Computer Programming For Engineers Using C,CSCI 1000,Computer Science Elective,,,,Pennsylvania State University Undergraduate
Hazleton,PA,Pennsylvania State University-Hazleton,CMPSC 201C,Computer Programming For Engineers Using C,CSCI 1000,Computer Science Elective,,,,Pennsylvania State University Undergraduate
Mckeesport,PA,Pennsylvania State University-Mckeesport,CMPSC 201C,Computer Programming For Engineers Using C,CSCI 1000,Computer Science Elective,,,,Pennsylvania State University Undergraduate
Mont Alto,PA,Pennsylvania State University-Mont Alto Campus,CMPSC 201C,Computer Programming For Engineers Using C,CSCI 1000,Computer Science Elective,,,,Pennsylvania State University Undergraduate
Upper Burrell,PA,Pennsylvania State University-New Kensington,CMPSC 201C,Computer Programming For Engineers Using C,CSCI 1000,Computer Science Elective,,,,Pennsylvania State University Undergraduate
Malvern,PA,Pennsylvania State University-Penn State Great Valley,CMPSC 201C,Computer Programming For Engineers Using C,CSCI 1000,Computer Science Elective,,,,Pennsylvania State University Undergraduate
Sharon,PA,Pennsylvania State University-Shenango,CMPSC 201C,Computer Programming For Engineers Using C,CSCI 1000,Computer Science Elective,,,,Pennsylvania State University Undergraduate
Lehman,PA,Pennsylvania State University-Wilkes-Barre,CMPSC 201C,Computer Programming For Engineers Using C,CSCI 1000,Computer Science Elective,,,,Pennsylvania State University Undergraduate
University Park,PA,Pennsylvania State University-World Campus,CMPSC 201C,Computer Programming For Engineers Using C,CSCI 1000,Computer Science Elective,,,,Pennsylvania State University Undergraduate
Dunmore,PA,Pennsylvania State University-Worthington Scranton,CMPSC 201C,Computer Programming For Engineers Using C,CSCI 1000,Computer Science Elective,,,,Pennsylvania State University Undergraduate
York,PA,Pennsylvania State University-York,CMPSC 201C,Computer Programming For Engineers Using C,CSCI 1000,Computer Science Elective,,,,Pennsylvania State University Undergraduate
Phoenix,AZ,Phoenix College,CSC 110AB,Introduction To Computer Science (Java),CSCI 1000,Computer Science Elective,CSCI 1000 (4cr),01/01/2024,01/01/2027,Maricopa County Community College District Course Descriptions
Chestnut Hill,MA,Pine Manor College,CSC 101,Introduction To Computer Science,CSCI 1000,Computer Science Elective,,,,Pine Manor College
Brooklyn,NY,Polytechnic Institute Of New York University,CS-UY 1122,Introduction To Computer Science,CSCI 1000,Computer Science Elective,,,,New York University Tandon School Of Engineering
Brooklyn,NY,Polytechnic Institute Of New York University,CS-UY 1134,Data Structures And Algorithms,CSCI 1000 + CSCI 1000 + CSCI 1100 + CSCI 1100,Computer Science Elective + Computer Science Elective + Computer Science I + Computer Science I,,,,New York University Tandon School Of Engineering
Brooklyn,NY,Polytechnic Institute Of New York University,CS-UY 1134,Data Structures And Algorithms,CSCI 1000 + CSCI 1000 + CSCI 1100 + CSCI 1100,Computer Science Elective + Computer Science Elective + Computer Science I + Computer Science I,,,,New York University Tandon School Of Engineering
Anderson,IN,Purdue University - Purdue Polytechnic Anderson,CS 15900,C Programming,CSCI 1000 + CSCI 1190,Computer Science Elective + Beginning Programming For Engineers,,,,Purdue University
Columbus,IN,Purdue University - Purdue Polytechnic Columbus,CS 15900,C Programming,CSCI 1000 + CSCI 1190,Computer Science Elective + Beginning Programming For Engineers,,,,Purdue University
Indianapolis,IN,Purdue University - Purdue Polytechnic Indianapolis,CS 15900,C Programming,CSCI 1000 + CSCI 1190,Computer Science Elective + Beginning Programming For Engineers,,,,Purdue University
Kokomo,IN,Purdue University - Purdue Polytechnic Kokomo,CS 15900,C Programming,CSCI 1000 + CSCI 1190,Computer Science Elective + Beginning Programming For Engineers,,,,Purdue University
Lafayette,IN,Purdue University - Purdue Polytechnic Lafayette,CS 15900,C Programming,CSCI 1000 + CSCI 1190,Computer Science Elective + Beginning Programming For Engineers,,,,Purdue University
New Albany,IN,Purdue University - Purdue Polytechnic New Albany,CS 15900,C Programming,CSCI 1000 + CSCI 1190,Computer Science Elective + Beginning Programming For Engineers,,,,Purdue University
Richmond,IN,Purdue University - Purdue Polytechnic Richmond,CS 15900,C Programming,CSCI 1000 + CSCI 1190,Computer Science Elective + Beginning Programming For Engineers,,,,Purdue University
South Bend,IN,Purdue University - Purdue Polytechnic South Bend,CS 15900,C Programming,CSCI 1000 + CSCI 1190,Computer Science Elective + Beginning Programming For Engineers,,,,Purdue University
Vincennes,IN,Purdue University - Purdue Polytechnic Vincennes,CS 15900,C Programming,CSCI 1000 + CSCI 1190,Computer Science Elective + Beginning Programming For Engineers,,,,Purdue University
West Lafayette,IN,Purdue University-Main Campus,C S 158,C Programming,CSCI 1000,Computer Science Elective,,,,Purdue University Courses - West Lafayette
West Lafayette,IN,Purdue University-Main Campus,CS 15900,C Programming,CSCI 1000 + CSCI 1190,Computer Science Elective + Beginning Programming For Engineers,,,,Purdue University
Hamden,CT,Quinnipiac University,CSC 110 + CSC 110L,Programming And Problem Solving + Programming And Problem Solving Lab,CSCI 1000,Computer Science Elective,,,,Quinnipiac University
Branchburg,NJ,Raritan Valley Community College,CISY 119,Networking Essentials,CSCI 1000,Computer Science Elective,,,,Raritan Valley Community College
Branchburg,NJ,Raritan Valley Community College,CISY 225,Web Page Development I,CSCI 1000,Computer Science Elective,,,,Raritan Valley Community College
Denver,CO,Regis University,CS 208 + CS 241,Computer Science Fundamentals + Control Structures,CSCI 1000,Computer Science Elective,,,,Regis University
South Prince George,VA,Richard Bland The College Of William And Mary,CSCI - 221 + CSCI - 222,Programming For Computer Science & Engineering Majors I + Programming For Computer Science & Engineering Majors II,CSCI 1000 + CSCI 1100,Computer Science Elective + Computer Science I,,,,Richard Bland College Of William And Mary
Tempe,AZ,Rio Salado College,CSC 110AB,Introduction To Computer Science (Java),CSCI 1000,Computer Science Elective,CSCI 1000 (4cr),01/01/2024,01/01/2027,Maricopa County Community College District Course Descriptions
Rochester,NY,Rochester Institute Of Technology,CSCI-142,Computer Science II,CSCI 1000,Computer Science Elective,,,,Rochester Institute Of Technology Undergraduate
Rochester,NY,Rochester Institute Of Technology,CSEC-101,Fundamentals Of Computing Security,CSCI 1000,Computer Science Elective,,,,Rochester Institute Of Technology Undergraduate
Rochester,NY,Rochester Institute Of Technology,ISTE-120,Computational Problem Solving In The Information Domain I,CSCI 1000,Computer Science Elective,,,,Rochester Institute Of Technology Undergraduate
Rochester,NY,Rochester Institute Of Technology,NSSA-220,Task Automation Using Interpretive Languages,CSCI 1000,Computer Science Elective,,,,Rochester Institute Of Technology Undergraduate
Rochester,NY,Rochester Institute Of Technology,NSSA-241,Introduction To Routing And Switching,CSCI 1000,Computer Science Elective,,,,Rochester Institute Of Technology Undergraduate
Rochester,NY,Rochester Institute Of Technology,SWEN-220,Mathematical Models Of Software,CSCI 1000,Computer Science Elective,,,,Rochester Institute Of Technology Undergraduate
Rochester,NY,Rochester Institute Of Technology,SWEN-250,Personal Software Engineering,CSCI 1000,Computer Science Elective,,,,Rochester Institute Of Technology Undergraduate
Pemberton,NJ,Rowan College At Burlington County,CIS 101,Computing Essentials,CSCI 1000,Computer Science Elective,,,,Rowan College At Burlington County
Troy,NY,Russell Sage College,CSI 225,Assembler Language And Computer Organization,CSCI 1000,Computer Science Elective,,,,Russell Sage College
Sacramento,CA,Sacramento City College,CISP 301 + CISP 360,Algorithm Design And Implementation + Introduction To Structured Programming,CSCI 1000 + CSCI 1100,Computer Science Elective + Computer Science I,,,,Sacramento City College
Staten Island,NY,Saint John's University - Staten Island Campus,CSS 1005,Fundamentals Of Cyber Security,CSCI 1000,Computer Science Elective,,,,St. Johns University
Staten Island,NY,Saint John's University - Staten Island Campus,CUS 1124,Introduction To Data Structures,CSCI 1000,Computer Science Elective,,,,St. Johns University
Staten Island,NY,Saint John's University - Staten Island Campus,CUS 1155,Java And World Wide Web Applications,CSCI 1000,Computer Science Elective,,,,St. Johns University
Staten Island,NY,Saint John's University - Staten Island Campus,CUS 1185,Data Security And Cryptography,CSCI 1000,Computer Science Elective,,,,St. Johns University
Staten Island,NY,Saint John's University - Staten Island Campus,CUS 1186,Theory Of Computation,CSCI 1000,Computer Science Elective,,,,St. Johns University
Colchester,VT,Saint Michaels College,CS 101,Introduction To Multimedia Computing,CSCI 1000,Computer Science Elective,,,,Saint Michael'S College Undergraduate
San Francisco,CA,San Francisco State University,CSC 212,Introduction To Software Development,CSCI 1000,Computer Science Elective,,,,San Francisco State University
Santa Barbara,CA,Santa Barbara City College,CS 133,Introduction To Programming For Engineers,CSCI 1000 + CSCI 1190,Computer Science Elective + Beginning Programming For Engineers,,,,Santa Barbara City College
Santa Barbara,CA,Santa Barbara City College,CS 137,C Programming,CSCI 1000,Computer Science Elective,,,,Santa Barbara City College
Santa Barbara,CA,Santa Barbara City College,CS 189,Programming Practicum,CSCI 1000,Computer Science Elective,,,,Santa Barbara City College
Santa Clara,CA,Santa Clara University,COEN 12 + COEN 79 + COEN 79L,Abstract Data Types And Data Structures + Object-Oriented Programming And Advanced Data Structures + Object-Oriented Programming And Advanced Data Structures Laboratory,CSCI 1000 + CSCI 1200,Computer Science Elective + Data Structures,,,,Santa Clara University Undergraduate
Santa Monica,CA,Santa Monica College,CS 50,C Programming,CSCI 1000,Computer Science Elective,,,,Santa Monica College
Santa Rosa,CA,Santa Rosa Junior College,CS 50.33 + CS 55.13,Web Projects + Server-Side Web Development,CSCI 1000,Computer Science Elective,CSCI 1000 (4cr),05/01/2023,05/01/2026,Santa Rosa Junior College
Schenectady,NY,Schenectady County Community College,CIS 121,Introduction To Computers,CSCI 1000,Computer Science Elective,,,,Schenectady County Community College
Schenectady,NY,Schenectady County Community College,CIS 225,Operating Systems,CSCI 1000,Computer Science Elective,,,,Schenectady County Community College
Schenectady,NY,Schenectady County Community College,CIS 229,Systems Analysis And Design,CSCI 1000,Computer Science Elective,,,,Schenectady County Community College
Scottsdale,AZ,Scottsdale Community College,CSC 110AB,Introduction To Computer Science (Java),CSCI 1000,Computer Science Elective,CSCI 1000 (4cr),01/01/2024,01/01/2027,Maricopa County Community College District Course Descriptions
Seattle,WA,Seattle Central College,CSC 110,Introduction To Computer Programming,CSCI 1000,Computer Science Elective,,,,Seattle Colleges
Seattle,WA,Seattle University,CPSC 1430 + CPSC 2430,Programming And Problem Solving II + Data Structures,CSCI 1000 + CSCI 1200,Computer Science Elective + Data Structures,,,,Seattle University Undergraduate
Loudonville,NY,Siena College,CSIS - 115,Database Design And Applications For Business,CSCI 1000,Computer Science Elective,,,,Siena College Undergraduate
Loudonville,NY,Siena College,CSIS - 200,Topics In Computer Science,CSCI 1000,Computer Science Elective,,,,Siena College Undergraduate
Loudonville,NY,Siena College,CSIS - 210,Data Structures,CSCI 1000,Computer Science Elective,,,,Siena College Undergraduate
Phoenix,AZ,South Mountain Community College,CSC 110AB,Introduction To Computer Science (Java),CSCI 1000,Computer Science Elective,CSCI 1000 (4cr),01/01/2024,01/01/2027,Maricopa County Community College District Course Descriptions
Olympia,WA,South Puget Sound Community College,CIS 168,Programming Logic,CSCI 1000,Computer Science Elective,,,,South Puget Sound Community College
Seattle,WA,South Seattle College,CSC 110,Introduction To Computer Programming,CSCI 1000,Computer Science Elective,,,,Seattle Colleges
South Portland,ME,Southern Maine Community College,CPT-105 + CPT-106,Microcomputer Hardware II + Microcomputer Communications II,CSCI 1000,Computer Science Elective,,,,Southern Maine Community College
Springfield,MA,Springfield Technical Community College,CSCI-211,Intermediate Topics In Java Programming,CSCI 1000,Computer Science Elective,,,,Springfield Technical Community College
Springfield,MA,Springfield Technical Community College,CSCI-310,Machine And Assembly Language,CSCI 1000,Computer Science Elective,,,,Springfield Technical Community College
Canton,NY,St Lawrence University,CS 219,Techniques Of Computer Science,CSCI 1000,Computer Science Elective,,,,Saint Lawrence University
Canton,NY,St Lawrence University,CS 256,Data Structures,CSCI 1000,Computer Science Elective,,,,Saint Lawrence University
Queens,NY,St. John's University,CSS 1005,Fundamentals Of Cyber Security,CSCI 1000,Computer Science Elective,,,,St. Johns University
Queens,NY,St. John's University,CUS 1124,Introduction To Data Structures,CSCI 1000,Computer Science Elective,,,,St. Johns University
Queens,NY,St. John's University,CUS 1155,Java And World Wide Web Applications,CSCI 1000,Computer Science Elective,,,,St. Johns University
Queens,NY,St. John's University,CUS 1185,Data Security And Cryptography,CSCI 1000,Computer Science Elective,,,,St. Johns University
Queens,NY,St. John's University,CUS 1186,Theory Of Computation,CSCI 1000,Computer Science Elective,,,,St. Johns University
Stanford,CA,Stanford University,CS 148,Introduction To Computer Graphics And Imaging,CSCI 1000,Computer Science Elective,,,,Stanford University Course Descriptions
Hoboken,NJ,Stevens Institute Of Technology,CS 146,Introduction To Web Programming And Project Development,CSCI 1000,Computer Science Elective,,,,Stevens Institute Of Technology
Stony Brook,NY,Stony Brook University,CSE 214,Data Structures,CSCI 1000,Computer Science Elective,,,,SUNY Stony Brook Undergraduate Bulletin And Course Descriptions Spring
Stony Brook,NY,Stony Brook University,ESG 111,Programming For Engineers,CSCI 1000,Computer Science Elective,,,,SUNY Stony Brook Undergraduate Bulletin And Course Descriptions Spring
Selden,NY,Suffolk County Community College-Ammerman Campus,CST141,Principles Of Computing With Java,CSCI 1000,Computer Science Elective,,,,Suffolk County Community College
Selden,NY,Suffolk County Community College-Ammerman Campus,TE51 + TE52,Cisco Computer Networking I + Cisco Computer Networking II,CSCI 1000,Computer Science Elective,,,,Suffolk County Community College
Selden,NY,Suffolk County Community College-Central Report,CST141,Principles Of Computing With Java,CSCI 1000,Computer Science Elective,,,,Suffolk County Community College
Selden,NY,Suffolk County Community College-Central Report,TE51 + TE52,Cisco Computer Networking I + Cisco Computer Networking II,CSCI 1000,Computer Science Elective,,,,Suffolk County Community College
Riverhead,NY,Suffolk County Community College-Eastern Campus,CST141,Principles Of Computing With Java,CSCI 1000,Computer Science Elective,,,,Suffolk County Community College
Riverhead,NY,Suffolk County Community College-Eastern Campus,TE51 + TE52,Cisco Computer Networking I + Cisco Computer Networking II,CSCI 1000,Computer Science Elective,,,,Suffolk County Community College
Brentwood,NY,Suffolk County Community College-Western Campus,CST141,Principles Of Computing With Java,CSCI 1000,Computer Science Elective,,,,Suffolk County Community College
Brentwood,NY,Suffolk County Community College-Western Campus,TE51 + TE52,Cisco Computer Networking I + Cisco Computer Networking II,CSCI 1000,Computer Science Elective,,,,Suffolk County Community College
Loch Sheldrake,NY,Sullivan County Community College,CPT 1208,Operating Systems And Networking,CSCI 1000,Computer Science Elective,,,,SUNY Sullivan County Community College
Loch Sheldrake,NY,Sullivan County Community College,CPT 1301,Logic And Problem Solving,CSCI 1000,Computer Science Elective,,,,SUNY Sullivan County Community College
Loch Sheldrake,NY,Sullivan County Community College,CPT 2211,Database Management,CSCI 1000,Computer Science Elective,,,,SUNY Sullivan County Community College
Loch Sheldrake,NY,Sullivan County Community College,CPT 2611,Systems Analysis,CSCI 1000,Computer Science Elective,,,,SUNY Sullivan County Community College
Vestal,NY,Suny At Binghamton,CS 205,Advanced Computer Applications,CSCI 1000,Computer Science Elective,,,,SUNY Binghamton University
Vestal,NY,Suny At Binghamton,CS 210,Computer Systems I: Machine Organization,CSCI 1000,Computer Science Elective,,,,SUNY Binghamton University
Fredonia,NY,Suny At Fredonia,CSIT 121,Computer Science I,CSCI 1000,Computer Science Elective,,,,SUNY Fredonia General
Oneonta,NY,Suny College At Oneonta,CSCI 109,Programming For Non-Majors,CSCI 1000,Computer Science Elective,,,,SUNY Oneonta Undergraduate
Oneonta,NY,Suny College At Oneonta,CSCI 394,Special Topics In Computer Science,CSCI 1000,Computer Science Elective,,,,SUNY Oneonta Undergraduate
Plattsburgh,NY,Suny College At Plattsburgh,CSC 121,Introduction To Computing And The Web,CSCI 1000,Computer Science Elective,,,,SUNY College At Plattsburgh Undergraduate And Graduate
Cobleskill,NY,Suny College Of Agriculture And Technology At Cobleskill,CITA 210,Visual Programming & Dev Tools,CSCI 1000,Computer Science Elective,,,,SUNY College Of Agriculture And Technology At Cobleskill
Cobleskill,NY,Suny College Of Agriculture And Technology At Cobleskill,CITA 220,Systems Analysis,CSCI 1000,Computer Science Elective,,,,SUNY College Of Agriculture And Technology At Cobleskill
Cobleskill,NY,Suny College Of Agriculture And Technology At Cobleskill,CITA 190 + CITA 220,Linux Operating System + Systems Analysis,CSCI 1000,Computer Science Elective,,,,SUNY College Of Agriculture And Technology At Cobleskill
Alfred,NY,Suny College Of Technology At Alfred,CISY 5553,Scientific Progmng In C & C++,CSCI 1000,Computer Science Elective,,,,Alfred State College
Suffern,NY,Suny Rockland Community College,CYB 106,Networking I/ Ccna 1 & 2,CSCI 1000,Computer Science Elective,CSCI 1000 (4 cr),01/01/2024,01/01/2027,SUNY Rockland Community College
Suffern,NY,Suny Rockland Community College,CYB 11000,Introduction To Linux,CSCI 1000,Computer Science Elective,CSCI 1000 (4 cr),01/01/2024,01/01/2027,SUNY Rockland Community College
Suffern,NY,Suny Rockland Community College,CYB 11300,Introduction To Python,CSCI 1000,Computer Science Elective,CSCI 1000 (4 cr),01/01/2024,01/01/2027,SUNY Rockland Community College
Stone Ridge,NY,Suny Ulster County Community College,CIS 116,Operating Systems And Utilities,CSCI 1000,Computer Science Elective,,,,SUNY Ulster County Community College
Stone Ridge,NY,Suny Ulster County Community College,CSC 110,Engineering Programming Using Fortran,CSCI 1000,Computer Science Elective,,,,SUNY Ulster County Community College
Stone Ridge,NY,Suny Ulster County Community College,CSC 128,Javascript And Web Page Programming,CSCI 1000,Computer Science Elective,,,,SUNY Ulster County Community College
Stone Ridge,NY,Suny Ulster County Community College,CSC 270,Special Topics In Computer Science,CSCI 1000,Computer Science Elective,,,,SUNY Ulster County Community College
Valhalla,NY,Suny Westchester Community College,COMSC 108,.Net Gui Development,CSCI 1000,Computer Science Elective,,,,SUNY Westchester Community College Spring
Valhalla,NY,Suny Westchester Community College,COMSC 116,Linux Operating System,CSCI 1000,Computer Science Elective,,,,SUNY Westchester Community College
Selinsgrove,PA,Susquehanna University,CSCI-181 + CSCI-281,Principles Of Computer Science + Data Structures,CSCI 1000 + CSCI 1100,Computer Science Elective + Computer Science I,,,,Susquehanna University
Syracuse,NY,Syracuse University,CIS 252,Elements Of Computer Science,CSCI 1000,Computer Science Elective,,,,Syracuse University Undergraduate
Syracuse,NY,Syracuse University,CIS 351,Data Structures,CSCI 1000,Computer Science Elective,,,,Syracuse University Undergraduate
Syracuse,NY,Syracuse University,CPS 155,Introduction To Cyber Security,CSCI 1000,Computer Science Elective,,,,Syracuse University Undergraduate
Syracuse,NY,Syracuse University,CSE 384,Systems And Network Programming,CSCI 1000,Computer Science Elective,,,,Syracuse University Undergraduate
Syracuse,NY,Syracuse University,CSE 389,Web System Architecture And Programming,CSCI 1000,Computer Science Elective,,,,Syracuse University Undergraduate
New York,NY,The College Board Ap/Clep,AP,Computer Science Principles Ap Computer Science Principles,CSCI 1000,Computer Science Elective,"Effective for admits Fall 2020: Accepted scores of 5.
Cannot be combined with Computer Science A.",09/01/2023,05/01/2024,The College Board AP/CLEP
Ewing,NJ,The College Of New Jersey,CSC 310,Discrete Structures Of Computer Science,CSCI 1000,Computer Science Elective,,,,The College Of New Jersey Undergraduate
Albany,NY,The College Of Saint Rose,CIS 205,Windows Programming 1,CSCI 1000,Computer Science Elective,,,,College Of Saint Rose Undergraduate Studies
Albany,NY,The College Of Saint Rose,CSC 111,Intro Computer Science,CSCI 1000,Computer Science Elective,CSCI 1000 (3cr),09/01/2023,09/01/2026,College Of Saint Rose Undergraduate Studies
Albany,NY,The College Of Saint Rose,CSC 252,Problem Solving W/Java,CSCI 1000,Computer Science Elective,,,,College Of Saint Rose Undergraduate Studies
University Park,PA,The Pennsylvania State University,CMPSC 201C,Computer Programming For Engineers Using C,CSCI 1000,Computer Science Elective,,,,Pennsylvania State University Undergraduate
Tuscaloosa,AL,The University Of Alabama,CS100,Cs I For Majors,CSCI 1000,Computer Science Elective,,,,University Of Alabama Undergraduate
Trenton,NJ,Thomas Edison State University,COS-116,C Programming,CSCI 1000 + CSCI 1190,Computer Science Elective + Beginning Programming For Engineers,,,,Thomas Edison State University Undergraduate
Trenton,NJ,Thomas Edison State University,COS-213,C++ Programming,CSCI 1000,Computer Science Elective,,,,Thomas Edison State University Undergraduate
Dryden,NY,Tompkins-Cortland Community College,CAPS133,Advanced Databases,CSCI 1000,Computer Science Elective,,,,Tompkins Cortland Community College (TC3)
Dryden,NY,Tompkins-Cortland Community College,CIS 132,Network Design,CSCI 1000,Computer Science Elective,,,,Tompkins Cortland Community College (TC3)
Dryden,NY,Tompkins-Cortland Community College,CIS 213,Programming In C++,CSCI 1000 + CSCI 1010,Computer Science Elective + Introduction To Computer Programming,,,,Tompkins Cortland Community College (TC3)
Schenectady,NY,Union College,CSC 106,Can Computers Think? Introduction To Computer Science,CSCI 1000,Computer Science Elective,,,,Union College
Schenectady,NY,Union College,CSC 108,Scientific Computing: Introduction To Computer Science,CSCI 1000,Computer Science Elective,,,,Union College
Usafa,CO,United States Air Force Academy,Comp Sci 110,Introduction To Computing And Cyber Operations,CSCI 1000,Computer Science Elective,,,,United States Air Force Academy
Annapolis,MD,United States Naval Academy,SI110,Cyber Security I,CSCI 1000,Computer Science Elective,,,,United States Naval Academy
Albany,NY,"University At Albany, State University Of New York",C INF 124X,Computer Security Basics,CSCI 1000,Computer Science Elective,,,,SUNY University At Albany Undergraduate Bulletin
Albany,NY,"University At Albany, State University Of New York",C INF 131,Introduction To Data Analytics: Seeking Information In Data With Computation,CSCI 1000,Computer Science Elective,,,,SUNY University At Albany Undergraduate Bulletin
Albany,NY,"University At Albany, State University Of New York",I CEN 201,Introduction To Computer Science,CSCI 1000,Computer Science Elective,,,,SUNY University At Albany Undergraduate Bulletin
Albany,NY,"University At Albany, State University Of New York",I CSI 213,Data Structures,CSCI 1000,Computer Science Elective,CSCI 1000 (4cr),05/01/2023,05/01/2026,SUNY University At Albany Undergraduate Bulletin
Akron,OH,University Of Akron Main Campus,3460:209,Computer Science I,CSCI 1000,Computer Science Elective,,,,University Of Akron Undergraduate
Anchorage,AK,University Of Alaska Anchorage,CSCE A302,Design Patterns In Java,CSCI 1000,Computer Science Elective,,,,University Of Alaska Anchorage
Tucson,AZ,University Of Arizona,CSC 110,Introduction To Computer Programming I,CSCI 1000,Computer Science Elective,,,,University Of Arizona Fall Course Descriptions
La Jolla,CA,University Of California-San Diego,CSE 12 + CSE 15L,Basic Data Structures And Object-Oriented Design + Software Tools And Techniques Laboratory,CSCI 1000 + CSCI 1000,Computer Science Elective + Computer Science Elective,,,,University Of California San Diego
La Jolla,CA,University Of California-San Diego,CSE 12 + CSE 15L,Basic Data Structures And Object-Oriented Design + Software Tools And Techniques Laboratory,CSCI 1000 + CSCI 1000,Computer Science Elective + Computer Science Elective,,,,University Of California San Diego
Orlando,FL,University Of Central Florida,CIS3360,Security In Computing,CSCI 1000,Computer Science Elective,,,,University Of Central Florida Undergraduate
Orlando,FL,University Of Central Florida,COP3330,Object Oriented Programming,CSCI 1000,Computer Science Elective,,,,University Of Central Florida Undergraduate
Storrs,CT,University Of Connecticut,CSE 1010,Introduction To Computing For Engineers,CSCI 1000,Computer Science Elective,,,,University Of Connecticut Undergraduate
Storrs,CT,University Of Connecticut,CSE 1729,Introduction To Principles Of Programming,CSCI 1000,Computer Science Elective,,,,University Of Connecticut Undergraduate
Storrs,CT,University Of Connecticut,CSE 2050,Data Structures And Object-Oriented Design,CSCI 1000,Computer Science Elective,,,,University Of Connecticut Undergraduate
Groton,CT,University Of Connecticut-Avery Point,CSE 1010,Introduction To Computing For Engineers,CSCI 1000,Computer Science Elective,,,,University Of Connecticut Undergraduate
Groton,CT,University Of Connecticut-Avery Point,CSE 1729,Introduction To Principles Of Programming,CSCI 1000,Computer Science Elective,,,,University Of Connecticut Undergraduate
Groton,CT,University Of Connecticut-Avery Point,CSE 2050,Data Structures And Object-Oriented Design,CSCI 1000,Computer Science Elective,,,,University Of Connecticut Undergraduate
Hartford,CT,University Of Connecticut-Hartford Campus,CSE 1010,Introduction To Computing For Engineers,CSCI 1000,Computer Science Elective,,,,University Of Connecticut Undergraduate
Hartford,CT,University Of Connecticut-Hartford Campus,CSE 1729,Introduction To Principles Of Programming,CSCI 1000,Computer Science Elective,,,,University Of Connecticut Undergraduate
Hartford,CT,University Of Connecticut-Hartford Campus,CSE 2050,Data Structures And Object-Oriented Design,CSCI 1000,Computer Science Elective,,,,University Of Connecticut Undergraduate
Stamford,CT,University Of Connecticut-Stamford,CSE 1010,Introduction To Computing For Engineers,CSCI 1000,Computer Science Elective,,,,University Of Connecticut Undergraduate
Stamford,CT,University Of Connecticut-Stamford,CSE 1729,Introduction To Principles Of Programming,CSCI 1000,Computer Science Elective,,,,University Of Connecticut Undergraduate
Stamford,CT,University Of Connecticut-Stamford,CSE 2050,Data Structures And Object-Oriented Design,CSCI 1000,Computer Science Elective,,,,University Of Connecticut Undergraduate
Waterbury,CT,University Of Connecticut-Waterbury Campus,CSE 1010,Introduction To Computing For Engineers,CSCI 1000,Computer Science Elective,,,,University Of Connecticut Undergraduate
Waterbury,CT,University Of Connecticut-Waterbury Campus,CSE 1729,Introduction To Principles Of Programming,CSCI 1000,Computer Science Elective,,,,University Of Connecticut Undergraduate
Waterbury,CT,University Of Connecticut-Waterbury Campus,CSE 2050,Data Structures And Object-Oriented Design,CSCI 1000,Computer Science Elective,,,,University Of Connecticut Undergraduate
Newark,DE,University Of Delaware,CISC 106,General Computer Science For Engineers,CSCI 1000,Computer Science Elective,,,,University Of Delaware Undergraduate
Newark,DE,University Of Delaware,CISC 108 + CISC 181 + CISC 210,Introduction To Computer Science I + Introduction To Computer Science II + Introduction To Systems Programming,CSCI 1000 + CSCI 1100,Computer Science Elective + Computer Science I,,,,University Of Delaware Undergraduate
Champaign,IL,University Of Illinois At Urbana - Champaign,CS 101,Intro Computing: Engrg & Sci,CSCI 1000,Computer Science Elective,,,,University Of Illinois At Urbana-Champaign
Orono,ME,University Of Maine,COS 215,Introduction To Computing Using Fortran,CSCI 1000,Computer Science Elective,,,,University Of Maine Undergraduate
Coral Gables,FL,University Of Miami,EEN118 + EEN218,Introduction To Programming + Data Structures,CSCI 1000 + CSCI 1100,Computer Science Elective + Computer Science I,,,,University Of Miami
Columbia,MO,University Of Missouri,CMP SC 2050 + CMP SC 3330,Algorithm Design And Programming II + Object Oriented Programming,CSCI 1000 + CSCI 1100,Computer Science Elective + Computer Science I,,,,University Of Missouri Columbia Undergraduate Catalog
Las Vegas,NV,University Of Nevada-Las Vegas,CpE 100 + CpE 100L,Digital Logic Design I + Digital Logic Design I Laboratory,CSCI 1000,Computer Science Elective,,,,University Of Nevada Las Vegas Undergraduate
Durham,NH,University Of New Hampshire-Main Campus,CS 410P,Introduction To Scientific Programming/Python,CSCI 1000,Computer Science Elective,,,,University Of New Hampshire Undergraduate
Toronto,ON,University Of Toronto,APS105H1,Computer Fundamentals,CSCI 1000,Computer Science Elective,,,,University Of Toronto Faculty Of Applied Science And Engineering
Burlington,VT,University Of Vermont And State Agricultural College,CS 008,Qr: Intro To Web Site Dev,CSCI 1000,Computer Science Elective,,,,University Of Vermont Undergraduate
Burlington,VT,University Of Vermont And State Agricultural College,CS 020,Qr: Programming For Engineers,CSCI 1000 + CSCI 1190,Computer Science Elective + Beginning Programming For Engineers,,,,University Of Vermont Undergraduate
Seattle,WA,University Of Washington,CSE 341,Programming Languages,CSCI 1000,Computer Science Elective,,,,University Of Washington Course Descriptions
Madison,WI,University Of Wisconsin-Madison,COMP SCI 240,Introduction To Discrete Mathematics,CSCI 1000,Computer Science Elective,,,,University Of Wisconsin Madison Course Descriptions
Orlando,FL,Valencia College,CGS 1560,Introduction To Operating Systems,CSCI 1000,Computer Science Elective,,,,Valencia College
Orlando,FL,Valencia College,COP 2220,C Programming,CSCI 1000,Computer Science Elective,,,,Valencia College
Orlando,FL,Valencia College,COP 2800,Java Programming,CSCI 1000,Computer Science Elective,,,,Valencia College
Poughkeepsie,NY,Vassar College,CMPU 101,Computer Science I: Problem-Solving And Abstraction,CSCI 1000,Computer Science Elective,CSCI 1000 (4 cr),05/01/2023,05/01/2026,Vassar College
Villanova,PA,Villanova University,CSC 1990,Enrichment Sem In Computing,CSCI 1000,Computer Science Elective,CSCI 1000 (1 cr),,05/01/2026,Villanova University
Villanova,PA,Villanova University,CSC 3010,Overview Of Cybersecurity,CSCI 1000,Computer Science Elective,CSCI 1000 (3 cr),05/01/2023,05/01/2026,Villanova University
Hampton,VA,Virginia Peninsula Community College,CSC 201,Computer Science I,CSCI 1000,Computer Science Elective,,,,Virginia Peninsula Community College
Blacksburg,VA,Virginia Polytechnic Institute And State University,ECE 1574,Object-Oriented Engineering Problem Solving With C++,CSCI 1000,Computer Science Elective,,,,Virginia Polytechnic Institute And State University
Blacksburg,VA,Virginia Polytechnic Institute And State University,MATH 3054,Programming For Mathematical Problem Solving,CSCI 1000,Computer Science Elective,,,,Virginia Polytechnic Institute And State University
Raleigh,NC,Wake Technical Community College,CSC-125,Intro To Parallel Programming,CSCI 1000,Computer Science Elective,,,,Wake Technical Community College
Washington,NJ,Warren County Community College,CSC 160 + CSC 200,Networking Essentials + Database Management Concepts,CSCI 1000,Computer Science Elective,,,,Warren County Community College
Boston,MA,Wentworth Institute Of Technology,COMP 1050,Computer Science II,CSCI 1000,Computer Science Elective,,,,Wentworth Institute Of Technology Summer Course Descriptions
Boston,MA,Wentworth Institute Of Technology,COMP 2100,Network Programming,CSCI 1000,Computer Science Elective,,,,Wentworth Institute Of Technology Summer Course Descriptions
Boston,MA,Wentworth Institute Of Technology,COMP 2350,Algorithms,CSCI 1000,Computer Science Elective,,,,Wentworth Institute Of Technology Summer Course Descriptions
Dorchester,MA,Wentworth Institute Of Technology,COMP 1050,Computer Science II,CSCI 1000,Computer Science Elective,,,,Wentworth Institute Of Technology Summer Course Descriptions
Dorchester,MA,Wentworth Institute Of Technology,COMP 2100,Network Programming,CSCI 1000,Computer Science Elective,,,,Wentworth Institute Of Technology Summer Course Descriptions
Dorchester,MA,Wentworth Institute Of Technology,COMP 2350,Algorithms,CSCI 1000,Computer Science Elective,,,,Wentworth Institute Of Technology Summer Course Descriptions
Fall River,MA,Wentworth Institute Of Technology,COMP 1050,Computer Science II,CSCI 1000,Computer Science Elective,,,,Wentworth Institute Of Technology Summer Course Descriptions
Fall River,MA,Wentworth Institute Of Technology,COMP 2100,Network Programming,CSCI 1000,Computer Science Elective,,,,Wentworth Institute Of Technology Summer Course Descriptions
Fall River,MA,Wentworth Institute Of Technology,COMP 2350,Algorithms,CSCI 1000,Computer Science Elective,,,,Wentworth Institute Of Technology Summer Course Descriptions
Bellingham,WA,Western Washington University,CSCI 145,Computer Programming And Linear Data Structures,CSCI 1000,Computer Science Elective,,,,Western Washington University
Bellingham,WA,Western Washington University,CSCI 211,Discrete Structures And Functional Programming I,CSCI 1000,Computer Science Elective,,,,Western Washington University
Wayne,NJ,William Paterson University Of New Jersey,CS 230,Computer Science I,CSCI 1000,Computer Science Elective,,,,William Paterson University Undergraduate
Williamstown,MA,Williams College,CSCI 134,Introduction To Computer Science,CSCI 1000,Computer Science Elective,,,,Williams College
Worcester,MA,Worcester Polytechnic Institute,CS 1004,Introduction To Programming For Non-Majors,CSCI 1000,Computer Science Elective,CSCI 1000 (3 cr),01/01/2024,01/01/2027,Worcester Polytechnic Institute Undergraduate
