City,State,Institution,Transfer Course ID,Transfer Course Name,RPI Course ID,RPI Course Name,Note,Begin,End,Transfer Catalog
Queensbury,NY,Adirondack Community College,PHI 201,Introduction To Philosophy,PHIL 1110,Introduction To Philosophy,,,,SUNY Adirondack Community College
Charles Town,WV,American Public University System,PHIL101,Introduction To Philosophy,PHIL 1110,Introduction To Philosophy,,,,American Public University System Undergraduate
Paramus,NJ,Bergen Community College,PHR-101,Introduction To Philosophy,PHIL 1110,Introduction To Philosophy,,,,Bergen Community College
Pittsfield,MA,Berkshire Community College,PHL 102,Introduction To Philosophy,PHIL 1110,Introduction To Philosophy,,,,Berkshire Community College
Huron,OH,Bowling Green State University-Firelands,PHIL 1010,Introduction To Philosophy,PHIL 1110,Introduction To Philosophy,,,,Bowling Green State University Undergraduate Spring Course Descriptions
Bowling Green,OH,Bowling Green State University-Main Campus,PHIL 1010,Introduction To Philosophy,PHIL 1110,Introduction To Philosophy,,,,Bowling Green State University Undergraduate Spring Course Descriptions
Lincroft,NJ,Brookdale Community College,PHIL115,Introduction To Philosophy,PHIL 1110,Introduction To Philosophy,,,,Brookdale Community College
Binghamton,NY,Broome Community College,PHI 102,General Philosophy,PHIL 1110,Introduction To Philosophy,,,,SUNY Broome Community College
Fort Lauderdale,FL,Broward College,PHI2010,Introduction To Philosophy,PHIL 1110,Introduction To Philosophy,,,,Broward College
Newtown,PA,Bucks County Community College,PHIL 125,Introduction To Philosophy,PHIL 1110,Introduction To Philosophy,,,,Bucks County Community College
Bristol,PA,Bucks County Community College-Lower Bucks Campus,PHIL 125,Introduction To Philosophy,PHIL 1110,Introduction To Philosophy,,,,Bucks County Community College
Perkasie,PA,Bucks County Community College-Upper Bucks Campus,PHIL 125,Introduction To Philosophy,PHIL 1110,Introduction To Philosophy,,,,Bucks County Community College
Boston,MA,Bunker Hill Community College,PHL-101,Introduction To Philosophy,PHIL 1110,Introduction To Philosophy,,,,Bunker Hill Community College
Buffalo,NY,Canisius College,PHI 101,Introduction To Philosophy,PHIL 1110,Introduction To Philosophy,,,,Canisius College Undergraduate
West Barnstable,MA,Cape Cod Community College,HP130,Introduction To Philosophy,PHIL 1110,Introduction To Philosophy,,,,Cape Cod Community College
West Barnstable,MA,Cape Cod Community College,PHI130,Introduction To Philosophy,PHIL 1110,Introduction To Philosophy,,,,Cape Cod Community College
Castleton,VT,Castleton University,PHI 1010,Introduction To Philosophy,PHIL 1110,Introduction To Philosophy,,,,Castleton University Undergraduate
Killeen,TX,Central Texas College,PHIL 1301,Introduction To Philosophy,PHIL 1110,Introduction To Philosophy,,,,Central Texas College Texas Campuses
White Bear Lake,MN,Century College,PHIL 1021,Introduction To Western Philosophy,PHIL 1110,Introduction To Philosophy,,,,Century College
Norwalk,CA,Cerritos College,PHIL 100,Introduction To Philosophy,PHIL 1110,Introduction To Philosophy,,,,Cerritos College
Chandler,AZ,Chandler-Gilbert Community College,PHI 101,Introduction To Philosophy,PHIL 1110,Introduction To Philosophy,PHIL 1110 (3 cr),05/01/2023,05/01/2026,Maricopa County Community College District Course Descriptions
Glendora,CA,Citrus College,PHIL 110,Philosophy/Logic,PHIL 1110,Introduction To Philosophy,,,,Citrus College
Atlanta,GA,Clark Atlanta University,CPHI 221,Introduction To Philosophy,PHIL 1110,Introduction To Philosophy,,,,Clark Atlanta University Undergraduate
Glen Ellyn,IL,College Of Dupage,PHILO 1100,Introduction To Philosophy,PHIL 1110,Introduction To Philosophy,,,,College Of DuPage
San Mateo,CA,College Of San Mateo,PHIL 100,Introduction To Philosophy,PHIL 1110,Introduction To Philosophy,,,,College Of San Mateo
Williamsburg,VA,College Of William And Mary,PHIL 201,Introduction To Philosophy,PHIL 1110,Introduction To Philosophy,,,,College Of William And Mary Undergraduate
Baltimore,MD,Community College Of Baltimore County,PHIL 101,Introduction To Philosophy,PHIL 1110,Introduction To Philosophy,,,,Community College Of Baltimore County
New London,CT,Connecticut College,PHI 101,Introduction To Philosophy,PHIL 1110,Introduction To Philosophy,,,,Connecticut College
Bridgeport,CT,Connecticut State Community College Housatonic Campus,PHL* E101,Introduction To Philosophy,PHIL 1110,Introduction To Philosophy,,,,Housatonic Community College
Mount Vernon,IA,Cornell College,PHI 111,Introduction To Philosophy,PHIL 1110,Introduction To Philosophy,,,,Cornell College
Ithaca,NY,Cornell University-Endowed Colleges,PHIL 181,Introduction To The Philosophy Of Science,PHIL 1110,Introduction To Philosophy,,,,Cornell University
Corning,NY,Corning Community College,PL 101,Introduction To Philosophy,PHIL 1110,Introduction To Philosophy,,,,Corning Community College
Randolph,NJ,County College Of Morris,PHL-180,Introduction To Philosophy-Honor,PHIL 1110,Introduction To Philosophy,,,,County College Of Morris
New York,NY,Cuny Borough Of Manhattan Community College,PHI 100,Philosophy,PHIL 1110,Introduction To Philosophy,,,,CUNY Borough Of Manhattan Community College
New York,NY,Cuny City College,PHIL 10200,Introduction To Philosophy,PHIL 1110,Introduction To Philosophy,,,,CUNY City College
New York,NY,Cuny Hunter College,PHILO 10100,Introduction To Philosophy,PHIL 1110,Introduction To Philosophy,,,,CUNY Hunter College Undergraduate
Long Island City,NY,Cuny Laguardia Community College,HUP101,Introduction To Philosophy,PHIL 1110,Introduction To Philosophy,PHIL 1110 (3 cr),01/01/2024,01/01/2027,CUNY LaGuardia Community College
Johnson City,NY,Davis College,PHIL 4011,Introduction To Philosophy,PHIL 1110,Introduction To Philosophy,,,,Davis College New York
Daytona Beach,FL,Daytona State College,PHI2001,Introduction Of Philosophy I,PHIL 1110,Introduction To Philosophy,,,,Daytona State College
Franklin,MA,Dean College,PHL 101,Introduction To Philosophy,PHIL 1110,Introduction To Philosophy,,,,Dean College
Granville,OH,Denison University,PHIL 101,Introduction To Philosophy,PHIL 1110,Introduction To Philosophy,,,,Denison University
Poughkeepsie,NY,Dutchess Community College,PHI201,Introduction To Philosophy,PHIL 1110,Introduction To Philosophy,,,,Dutchess Community College
Monterey Park,CA,East Los Angeles College,PHILOS 001,Introduction To Philosophy,PHIL 1110,Introduction To Philosophy,,,,East Los Angeles College
Lynnwood,WA,Edmonds College,PHIL& 101,Introduction To Philosophy,PHIL 1110,Introduction To Philosophy,,,,Edmonds College
Avondale,AZ,Estrella Mountain Community College,PHI 101,Introduction To Philosophy,PHIL 1110,Introduction To Philosophy,PHIL 1110 (3 cr),05/01/2023,05/01/2026,Maricopa County Community College District Course Descriptions
Fairfield,CT,Fairfield University,PH 0101,Introduction To Philosophy,PHIL 1110,Introduction To Philosophy,,,,Fairfield University Course Descriptions
Fayetteville,NC,Fayetteville Technical Community College,PHI-151,Intro To Philosophy,PHIL 1110,Introduction To Philosophy,,,,Fayetteville Technical Community College
Boca Raton,FL,Florida Atlantic University,PHI 2010,Introduction To Philosophy,PHIL 1110,Introduction To Philosophy,,,,Florida Atlantic University
Los Altos Hills,CA,Foothill College,PHIL 4,Introduction To Philosophy,PHIL 1110,Introduction To Philosophy,,,,Foothill College
Johnstown,NY,Fulton-Montgomery Community College,HU 250,Introduction To Philosophy,PHIL 1110,Introduction To Philosophy,,,,Fulton-Montgomery Community College
Johnstown,NY,Fulton-Montgomery Community College,PHI 150,Introduction To Philosophy,PHIL 1110,Introduction To Philosophy,,,,Fulton-Montgomery Community College
Phoenix,AZ,Gateway Community College,PHI 101,Introduction To Philosophy,PHIL 1110,Introduction To Philosophy,PHIL 1110 (3 cr),05/01/2023,05/01/2026,Maricopa County Community College District Course Descriptions
Washington,DC,Georgetown University,PHIL-001,Introduction To Philosophy,PHIL 1110,Introduction To Philosophy,,,,Georgetown University Course Descriptions
Glendale,AZ,Glendale Community College,PHI 101,Introduction To Philosophy,PHIL 1110,Introduction To Philosophy,PHIL 1110 (3 cr),05/01/2023,05/01/2026,Maricopa County Community College District Course Descriptions
Greenfield,MA,Greenfield Community College,PHI 103,Introduction To Philosophy,PHIL 1110,Introduction To Philosophy,,,,Greenfield Community College
Grinnell,IA,Grinnell College,PHI 111,Introduction To Philosophy,PHIL 1110,Introduction To Philosophy,,,,Grinnell College
Gettysburg,PA,Harrisburg Area Community College-Gettysburg,PHIL 101,Introduction To Philosophy,PHIL 1110,Introduction To Philosophy,,,,Harrisburg Area Community College
Harrisburg,PA,Harrisburg Area Community College-Harrisburg,PHIL 101,Introduction To Philosophy,PHIL 1110,Introduction To Philosophy,,,,Harrisburg Area Community College
Lancaster,PA,Harrisburg Area Community College-Lancaster,PHIL 101,Introduction To Philosophy,PHIL 1110,Introduction To Philosophy,,,,Harrisburg Area Community College
Lebanon,PA,Harrisburg Area Community College-Lebanon,PHIL 101,Introduction To Philosophy,PHIL 1110,Introduction To Philosophy,,,,Harrisburg Area Community College
York,PA,Harrisburg Area Community College-York,PHIL 101,Introduction To Philosophy,PHIL 1110,Introduction To Philosophy,,,,Harrisburg Area Community College
Cambridge,MA,Harvard University,PHIL S-4,Introduction To Philosophy,PHIL 1110,Introduction To Philosophy,,,,Harvard University Summer School
Hempstead,NY,Hofstra University,PHI 010,Introduction To Philosophy,PHIL 1110,Introduction To Philosophy,,,,Hofstra University Undergraduate
Holyoke,MA,Holyoke Community College,PHI 101,Introduction To Philosophy,PHIL 1110,Introduction To Philosophy,,,,Holyoke Community College
Columbia,MD,Howard Community College,PHIL 101,Introduction To Philosophy,PHIL 1110,Introduction To Philosophy,,,,Howard Community College
Troy,NY,Hudson Valley Community College,PHIL 100,Intro To Philosophy,PHIL 1110,Introduction To Philosophy,PHIL 1110 (3cr),05/01/2023,05/01/2026,Hudson Valley Community College
Irvine,CA,Irvine Valley College,PHIL 1,Introduction To Philosophy,PHIL 1110,Introduction To Philosophy,,,,Irvine Valley College
Ithaca,NY,Ithaca College,PHIL 10100,Introduction To Philosophy,PHIL 1110,Introduction To Philosophy,,,,Ithaca College
Richmond,VA,J Sargeant Reynolds Community College,PHI 101,Introduction To Philosophy I,PHIL 1110,Introduction To Philosophy,,,,J Sargeant Reynolds Community College
Watertown,NY,Jefferson Community College,PHI 101,Introduction To Philosophy,PHIL 1110,Introduction To Philosophy,,,,Jefferson Community College
Galesburg,IL,Knox College,PHIL 120,Critical Reasoning,PHIL 1110,Introduction To Philosophy,,,,Knox College
Easton,PA,Lafayette College,PHIL 101,Introduction To Philosophy,PHIL 1110,Introduction To Philosophy,,,,Lafayette College
Schnecksville,PA,Lehigh Carbon Community College,PHI 201,Introduction To Philosophy,PHIL 1110,Introduction To Philosophy,,,,Lehigh Carbon Community College
Brookville,NY,Liu Post,PHI 8,Introduction To Philosophy,PHIL 1110,Introduction To Philosophy,PHIL 1110 (3cr),09/01/2023,09/01/2026,LIU Post Undergraduate
Los Angeles,CA,Los Angeles City College,PHILOS 001,Introduction To Philosophy,PHIL 1110,Introduction To Philosophy,PHIL 1110 (3cr),05/01/2023,05/01/2026,Los Angeles City College
Valley Glen,CA,Los Angeles Valley College,PHILOS 001,Introduction To Philosophy,PHIL 1110,Introduction To Philosophy,,,,Los Angeles Valley College
Baltimore,MD,Loyola University Maryland,PL 201,Foundations Of Philosophy,PHIL 1110,Introduction To Philosophy,,,,Loyola University Maryland Undergraduate
Nanticoke,PA,Luzerne County Community College,PHI 150,Introduction To Philosophy,PHIL 1110,Introduction To Philosophy,,,,Luzerne County Community College
Tempe,AZ,Maricopa Community College District,PHI 101,Introduction To Philosophy,PHIL 1110,Introduction To Philosophy,PHIL 1110 (3 cr),05/01/2023,05/01/2026,Maricopa County Community College District Course Descriptions
New York,NY,Marymount Manhattan College,PHIL 101,Introduction To Philosophy,PHIL 1110,Introduction To Philosophy,,,,Marymount Manhattan College
Wellesley Hills,MA,Massachusetts Bay Community College,PH 101,Philosophy: Problems In Philosophy,PHIL 1110,Introduction To Philosophy,,,,Massachusetts Bay Community College
Brockton,MA,Massasoit Community College,PHIL-101,Introduction To Philosophy,PHIL 1110,Introduction To Philosophy,,,,Massasoit Community College
North Andover,MA,Merrimack College,PHL 1000,Introduction To Philosophy,PHIL 1110,Introduction To Philosophy,,,,Merrimack College Undergraduate
Mesa,AZ,Mesa Community College,PHI 101,Introduction To Philosophy,PHIL 1110,Introduction To Philosophy,PHIL 1110 (3 cr),05/01/2023,05/01/2026,Maricopa County Community College District Course Descriptions
Miami,FL,Miami Dade College,PHI2010,Introduction To Philosophy,PHIL 1110,Introduction To Philosophy,,,,Miami Dade College
Edison,NJ,Middlesex College,PHI-121,Introduction To Philosophy,PHIL 1110,Introduction To Philosophy,,,,Middlesex College
Bedford,MA,Middlesex Community College,PHL 101,Introduction To Philosophy,PHIL 1110,Introduction To Philosophy,,,,Middlesex Community College
Santa Clara,CA,Mission College,PHIL 001,Introduction To Philosophy,PHIL 1110,Introduction To Philosophy,,,,Mission College
Rochester,NY,Monroe Community College,PHL 101,Introduction To Philosophy,PHIL 1110,Introduction To Philosophy,,,,Monroe Community College
Montclair,NJ,Montclair State University,PHIL 100,Introduction To Philosophy,PHIL 1110,Introduction To Philosophy,,,,Montclair State University
Rockville,MD,Montgomery College,PL 201,Introduction To Philosophy,PHIL 1110,Introduction To Philosophy,,,,Montgomery College
South Hadley,MA,Mount Holyoke College,PHIL-103,Comparative Introduction To Philosophy,PHIL 1110,Introduction To Philosophy,,,,Mount Holyoke College
Gardner,MA,Mount Wachusett Community College,PHL 201,Introduction To Philosophical Issues,PHIL 1110,Introduction To Philosophy,,,,Mount Wachusett Community College
Gresham,OR,Mt Hood Community College,PHL201,Introduction To Philosophy,PHIL 1110,Introduction To Philosophy,,,,Mount Hood Community College
Garden City,NY,Nassau Community College,PHI 101,Introduction To Philosophy,PHIL 1110,Introduction To Philosophy,,,,Nassau Community College
New York,NY,New York University,HUMN1-DC,6403 Foundations Of Philosophical Thought,PHIL 1110,Introduction To Philosophy,,,,New York University SCPS Paul McGhee Division Courses
Raleigh,NC,North Carolina State University At Raleigh,PHI 205,Introduction To Philosophy,PHIL 1110,Introduction To Philosophy,,,,North Carolina State University Undergraduate
Seattle,WA,North Seattle College,PHIL& 101,Introduction To Philosophy,PHIL 1110,Introduction To Philosophy,,,,Seattle Colleges
Danvers,MA,North Shore Community College,PHI106,Introduction To Philosophy,PHIL 1110,Introduction To Philosophy,,,,North Shore Community College
Boston,MA,Northeastern University,PHIL 1101,Introduction To Philosophy,PHIL 1110,Introduction To Philosophy,,,,Northeastern University Course Descriptions
Boston,MA,Northeastern University,PHL 1001,Introduction To Philosophy And Ethics,PHIL 1110,Introduction To Philosophy,,,,Northeastern University Course Descriptions
Boston,MA,Northeastern University,PHL 1100,Social And Political Philosophy,PHIL 1110,Introduction To Philosophy,,,,Northeastern University Course Descriptions
Boston,MA,Northeastern University,PHLS 1101,Introduction To Philosophy,PHIL 1110,Introduction To Philosophy,,,,Northeastern University Course Descriptions
Boston,MA,Northeastern University Lifelong Learning Network,PHIL 1101,Introduction To Philosophy,PHIL 1110,Introduction To Philosophy,,,,Northeastern University Course Descriptions
Boston,MA,Northeastern University Lifelong Learning Network,PHL 1001,Introduction To Philosophy And Ethics,PHIL 1110,Introduction To Philosophy,,,,Northeastern University Course Descriptions
Boston,MA,Northeastern University Lifelong Learning Network,PHL 1100,Social And Political Philosophy,PHIL 1110,Introduction To Philosophy,,,,Northeastern University Course Descriptions
Boston,MA,Northeastern University Lifelong Learning Network,PHLS 1101,Introduction To Philosophy,PHIL 1110,Introduction To Philosophy,,,,Northeastern University Course Descriptions
Haverhill,MA,Northern Essex Community College,PHI101,Introduction To Philosophy,PHIL 1110,Introduction To Philosophy,,,,Northern Essex Community College
Annandale,VA,Northern Virginia Community College,PHI 101,Introduction To Philosophy,PHIL 1110,Introduction To Philosophy,,,,Northern Virginia Community College
Columbus,OH,Ohio State University,PHILOS 1100H,Introduction To Philosophy,PHIL 1110,Introduction To Philosophy,,,,Ohio State University Course Offerings
Wooster,OH,Ohio State University Agricultural Technical Inst,PHILOS 1100H,Introduction To Philosophy,PHIL 1110,Introduction To Philosophy,,,,Ohio State University Course Offerings
Lima,OH,Ohio State University-Lima Campus,PHILOS 1100H,Introduction To Philosophy,PHIL 1110,Introduction To Philosophy,,,,Ohio State University Course Offerings
Mansfield,OH,Ohio State University-Mansfield Campus,PHILOS 1100H,Introduction To Philosophy,PHIL 1110,Introduction To Philosophy,,,,Ohio State University Course Offerings
Marion,OH,Ohio State University-Marion Campus,PHILOS 1100H,Introduction To Philosophy,PHIL 1110,Introduction To Philosophy,,,,Ohio State University Course Offerings
Newark,OH,Ohio State University-Newark Campus,PHILOS 1100H,Introduction To Philosophy,PHIL 1110,Introduction To Philosophy,,,,Ohio State University Course Offerings
Bremerton,WA,Olympic College,PHIL 101,Intro To Philosophy,PHIL 1110,Introduction To Philosophy,,,,Olympic College
New York,NY,Pace University-New York,PHI 110,Introduction To Philosophy: Philosophical Problems,PHIL 1110,Introduction To Philosophy,,,,Pace University Course Descriptions
Pleasantville,NY,Pace University-Pleasantville Briarcliff,PHI 110,Introduction To Philosophy: Philosophical Problems,PHIL 1110,Introduction To Philosophy,,,,Pace University Course Descriptions
White Plains,NY,Pace University-White Plains,PHI 110,Introduction To Philosophy: Philosophical Problems,PHIL 1110,Introduction To Philosophy,,,,Pace University Course Descriptions
Phoenix,AZ,Paradise Valley Community College,PHI 101,Introduction To Philosophy,PHIL 1110,Introduction To Philosophy,PHIL 1110 (3 cr),05/01/2023,05/01/2026,Maricopa County Community College District Course Descriptions
Paterson,NJ,Passaic County Community College,PH 101,Introduction To Philosophy,PHIL 1110,Introduction To Philosophy,,,,Passaic County Community College
Phoenix,AZ,Phoenix College,PHI 101,Introduction To Philosophy,PHIL 1110,Introduction To Philosophy,PHIL 1110 (3 cr),05/01/2023,05/01/2026,Maricopa County Community College District Course Descriptions
Lakewood,WA,Pierce College,PHIL& 101,Introduction To Philosophy,PHIL 1110,Introduction To Philosophy,,,,Pierce College
Puyallup,WA,Pierce College,PHIL& 101,Introduction To Philosophy,PHIL 1110,Introduction To Philosophy,,,,Pierce College
Providence,RI,Providence College,PHL 103,Introduction To Philosophy,PHIL 1110,Introduction To Philosophy,,,,Providence College Undergraduate
Branchburg,NJ,Raritan Valley Community College,PHIL 101,Introduction To Philosophy,PHIL 1110,Introduction To Philosophy,,,,Raritan Valley Community College
Denver,CO,Regis University,PL 250,Introduction To Philosophy,PHIL 1110,Introduction To Philosophy,,,,Regis University
Tempe,AZ,Rio Salado College,PHI 101,Introduction To Philosophy,PHIL 1110,Introduction To Philosophy,PHIL 1110 (3 cr),05/01/2023,05/01/2026,Maricopa County Community College District Course Descriptions
Rochester,NY,Rochester Institute Of Technology,PHIL-101,Introduction To Philosophy,PHIL 1110,Introduction To Philosophy,PHIL 1110 (3cr),05/01/2023,05/01/2026,Rochester Institute Of Technology Undergraduate
Troy,NY,Russell Sage College,PHL 201,Introduction To Philosophy,PHIL 1110,Introduction To Philosophy,,,,Russell Sage College
Sacramento,CA,Sacramento City College,PHIL 300,Introduction To Philosophy,PHIL 1110,Introduction To Philosophy,,,,Sacramento City College
Colchester,VT,Saint Michaels College,PH 103,Introduction To Philosophy,PHIL 1110,Introduction To Philosophy,,,,Saint Michael'S College Undergraduate
Jersey City,NJ,Saint Peter's University,PL-100 + PL-101,Introduction To Philosophy I + Introduction To Philosophy II,PHIL 1000 + PHIL 1110,Philosophy Elective + Introduction To Philosophy,,,,Saint Peter'S University Undergraduate
San Diego,CA,San Diego City College,PHIL 102B,Introduction To Philosophy: Values,PHIL 1110,Introduction To Philosophy,,,,San Diego City College
San Francisco,CA,San Francisco State University,PHIL 101,Introduction To Philosophy,PHIL 1110,Introduction To Philosophy,,,,San Francisco State University
San Jose,CA,San Jose City College,PHIL 010,Introduction To Philosophy,PHIL 1110,Introduction To Philosophy,,,,San Jose City College
Santa Rosa,CA,Santa Rosa Junior College,PHIL 3,Critical Thinking,PHIL 1110,Introduction To Philosophy,,,,Santa Rosa Junior College
Savannah,GA,Savannah College Of Art And Design,PHIL 101,Introduction To Philosophy,PHIL 1110,Introduction To Philosophy,,,,Savannah College Of Art And Design Fall Course Descriptions
Livonia,MI,Schoolcraft College,PHIL 243,An Introduction To Philosophy,PHIL 1110,Introduction To Philosophy,,,,Schoolcraft College
Scottsdale,AZ,Scottsdale Community College,PHI 101,Introduction To Philosophy,PHIL 1110,Introduction To Philosophy,PHIL 1110 (3 cr),05/01/2023,05/01/2026,Maricopa County Community College District Course Descriptions
Seattle,WA,Seattle Central College,PHIL& 101,Introduction To Philosophy,PHIL 1110,Introduction To Philosophy,,,,Seattle Colleges
Shoreline,WA,Shoreline Community College,PHIL 101,Philosophical Classics,PHIL 1110,Introduction To Philosophy,,,,Shoreline Community College
Seattle,WA,"Shoreline Community College - Cnc Machinists Program , Georgetown Ssc",PHIL 101,Philosophical Classics,PHIL 1110,Introduction To Philosophy,,,,Shoreline Community College
Seattle,WA,Shoreline Community College - Dental Hygiene,PHIL 101,Philosophical Classics,PHIL 1110,Introduction To Philosophy,,,,Shoreline Community College
Loudonville,NY,Siena College,PHIL - 101,Philosophy And The Human Being,PHIL 1110,Introduction To Philosophy,,,,Siena College Undergraduate
Rocklin,CA,Sierra College,PHIL 0006,Introduction To Philosophy: Knowledge And Reality,PHIL 1110,Introduction To Philosophy,,,,Sierra College
Saratoga Springs,NY,Skidmore College,PH 103,Introduction To Philosophy,PHIL 1110,Introduction To Philosophy,,,,Skidmore College
San Bruno,CA,Skyline College,PHIL 100,Introduction To Philosophy,PHIL 1110,Introduction To Philosophy,,,,Skyline College
Phoenix,AZ,South Mountain Community College,PHI 101,Introduction To Philosophy,PHIL 1110,Introduction To Philosophy,PHIL 1110 (3 cr),05/01/2023,05/01/2026,Maricopa County Community College District Course Descriptions
Seattle,WA,South Seattle College,PHIL& 101,Introduction To Philosophy,PHIL 1110,Introduction To Philosophy,,,,Seattle Colleges
New Haven,CT,Southern Connecticut State University,PHI 100,Introduction To Philosophy,PHIL 1110,Introduction To Philosophy,,,,Southern Connecticut State University Undergraduate
Springfield,MA,Springfield Technical Community College,PHIL-110,Introduction To Philosophy,PHIL 1110,Introduction To Philosophy,,,,Springfield Technical Community College
Easton,MA,Stonehill College,GP 100,Critical Encounters – Philosophy,PHIL 1110,Introduction To Philosophy,,,,Stonehill College Hillbook
Stony Brook,NY,Stony Brook University,PHI 101,Historical Introduction To Western Philosophy (I),PHIL 1110,Introduction To Philosophy,,,,SUNY Stony Brook Undergraduate Bulletin And Course Descriptions Spring
Loch Sheldrake,NY,Sullivan County Community College,HUM 1300,Introduction To Philosophy,PHIL 1110,Introduction To Philosophy,,,,SUNY Sullivan County Community College
Vestal,NY,Suny At Binghamton,PHIL 101,Intro. To Philosophy,PHIL 1110,Introduction To Philosophy,,,,SUNY Binghamton University
Fredonia,NY,Suny At Fredonia,PHIL 115,Introduction To Philosophy,PHIL 1110,Introduction To Philosophy,,,,SUNY Fredonia General
Oneonta,NY,Suny College At Oneonta,PHIL 101,Introduction To Philosophy,PHIL 1110,Introduction To Philosophy,,,,SUNY Oneonta Undergraduate
Oswego,NY,Suny College At Oswego,PHL 100,Introduction To Problems Of Philosophy,PHIL 1110,Introduction To Philosophy,,,,SUNY Oswego Undergraduate
Plattsburgh,NY,Suny College At Plattsburgh,PHI 102,Introduction To Philosophy,PHIL 1110,Introduction To Philosophy,,,,SUNY College At Plattsburgh Undergraduate And Graduate
Potsdam,NY,Suny College At Potsdam,PHIL 100,The Self And The World,PHIL 1110,Introduction To Philosophy,,,,SUNY Potsdam
Purchase,NY,Suny College At Purchase,PHI 1540,Introduction To Philosophy: Ideas Of Human Nature,PHIL 1110,Introduction To Philosophy,,,,SUNY Purchase College
Cobleskill,NY,Suny College Of Agriculture And Technology At Cobleskill,PHIL 101,Intro To Philosophy,PHIL 1110,Introduction To Philosophy,,,,SUNY College Of Agriculture And Technology At Cobleskill
New Paltz,NY,Suny New Paltz,PHI120,Intro To Philosophy: Classics,PHIL 1110,Introduction To Philosophy,,,,SUNY New Paltz Undergraduate
Suffern,NY,Suny Rockland Community College,PHL 201,Introduction To Philosophy,PHIL 1110,Introduction To Philosophy,,,,SUNY Rockland Community College
Stone Ridge,NY,Suny Ulster County Community College,PHI 101,Introduction To Philosophy,PHIL 1110,Introduction To Philosophy,,,,SUNY Ulster County Community College
Ewing,NJ,The College Of New Jersey,PHL 100,Introduction To Philosophy,PHIL 1110,Introduction To Philosophy,,,,The College Of New Jersey Course Catalog
Tuscaloosa,AL,The University Of Alabama,PHL100,Intro To Philosophy,PHIL 1110,Introduction To Philosophy,,,,University Of Alabama Undergraduate
Pensacola,FL,The University Of West Florida,PHI 2010,Introduction To Philosophy,PHIL 1110,Introduction To Philosophy,,,,University Of West Florida
Norfolk,VA,Tidewater Community College,PHI 101,Introduction To Philosophy I,PHIL 1110,Introduction To Philosophy,,,,Tidewater Community College
Dryden,NY,Tompkins-Cortland Community College,PHIL101,Introduction To Philosophy,PHIL 1110,Introduction To Philosophy,,,,Tompkins Cortland Community College (TC3)
Hartford,CT,Trinity College,PHIL 101,Introduction To Philosophy,PHIL 1110,Introduction To Philosophy,,,,Trinity College Of Hartford
River Grove,IL,Triton College,PHL 101,Introduction To Philosophy,PHIL 1110,Introduction To Philosophy,PHIL 1110 (3cr),05/01/2023,05/01/2026,Triton College
Chicago,IL,Triton College - Intl Union Of Operating Engr Local 399 Trning Fac.,PHL 101,Introduction To Philosophy,PHIL 1110,Introduction To Philosophy,PHIL 1110 (3cr),05/01/2023,05/01/2026,Triton College
West Point,NY,United States Military Academy,PY201,Philosophy & Ethical Reasoning,PHIL 1110,Introduction To Philosophy,,,,United State Military Academy Course Descriptions
Buffalo,NY,"University At Buffalo, State University Of New York",PHI 101,Introduction To Philosophy,PHIL 1110,Introduction To Philosophy,,,,SUNY University At Buffalo Undergraduate
Irvine,CA,University Of California-Irvine,PHILOS 1,Introduction To Philosophy,PHIL 1110,Introduction To Philosophy,,,,University Of California Irvine
Orlando,FL,University Of Central Florida,PHI2010,Introduction To Philosophy,PHIL 1110,Introduction To Philosophy,,,,University Of Central Florida Undergraduate
Detroit,MI,University Of Detroit Mercy,PHL 100,Introduction To Philosophy,PHIL 1110,Introduction To Philosophy,,,,University Of Detroit Mercy Undergraduate Course Descrptions
Detroit,MI,University Of Detroit Mercy,PHL 1000,Introduction To Philosophy,PHIL 1110,Introduction To Philosophy,,,,University Of Detroit Mercy Undergraduate
West Hartford,CT,University Of Hartford,PHI 110,Introduction To Philosophy,PHIL 1110,Introduction To Philosophy,,,,University Of Hartford Undergraduate
Kahului,HI,University Of Hawai'i Maui College,PHIL 100,Introduction To Philosophy: Survey Of Problems,PHIL 1110,Introduction To Philosophy,,,,Maui College
Adelphi,MD,University Of Maryland Global Campus,PHIL 100,Introduction To Philosophy,PHIL 1110,Introduction To Philosophy,,,,University Of Maryland Global Campus
Baltimore,MD,University Of Maryland-Baltimore County,PHIL 100,Introduction To Philosophy,PHIL 1110,Introduction To Philosophy,,,,University Of Maryland Baltimore County Undergraduate
Amherst,MA,University Of Massachusetts-Amherst,PHIL 100,Introduction To Philosophy,PHIL 1110,Introduction To Philosophy,PHIL 1110 (4cr),05/01/2023,05/01/2026,University Of Massachusetts Amherst Course Descriptions
Boston,MA,University Of Massachusetts-Boston,PHIL 100,Introduction To Philosophy,PHIL 1110,Introduction To Philosophy,,,,University Of Massachusetts Boston Undergraduate
North Dartmouth,MA,University Of Massachusetts-Dartmouth,PHL 101,Intro To Philosophy,PHIL 1110,Introduction To Philosophy,,,,University Of Massachusetts Dartmouth
Albuquerque,NM,University Of New Mexico-Main Campus,PHIL 101,Introduction To Philosophy,PHIL 1110,Introduction To Philosophy,,,,University Of New Mexico Albuquerque
Grand Forks,ND,University Of North Dakota-Main Campus,PHIL 101,Introduction To Philosophy,PHIL 1110,Introduction To Philosophy,,,,University Of North Dakota
Notre Dame,IN,University Of Notre Dame,PHIL 101,Introduction To Philosophy,PHIL 1110,Introduction To Philosophy,,,,University Of Notre Dame Undergraduate
Notre Dame,IN,University Of Notre Dame,PHIL 10101,Introduction To Philosophy,PHIL 1110,Introduction To Philosophy,,,,University Of Notre Dame Fall Course Descriptions
Rochester,NY,University Of Rochester,PHL 101,Introduction To Philosophy,PHIL 1110,Introduction To Philosophy,,,,University Of Rochester Fall Course Descriptions
San Diego,CA,University Of San Diego,PHIL 110,Introduction To Philosophy,PHIL 1110,Introduction To Philosophy,,,,University Of San Diego Undergraduate
Knoxville,TN,University Of Tennessee,PHIL 101,Introduction To Philosophy,PHIL 1110,Introduction To Philosophy,,,,University Of Tennessee Knoxville Undergraduate
Burlington,VT,University Of Vermont And State Agricultural College,PHIL 001,Intro Phil: Selected Problems,PHIL 1110,Introduction To Philosophy,,,,University Of Vermont Undergraduate
Burlington,VT,University Of Vermont And State Agricultural College,PHIL 010,Introduction To Philosophy,PHIL 1110,Introduction To Philosophy,,,,University Of Vermont Undergraduate
Charlottesville,VA,University Of Virginia-Main Campus,PHIL 1000,Introduction To Philosophy,PHIL 1110,Introduction To Philosophy,,,,University Of Virginia Undergraduate Record
Madison,WI,University Of Wisconsin-Madison,PHILOS 101,Introduction To Philosophy,PHIL 1110,Introduction To Philosophy,,,,University Of Wisconsin Madison Course Descriptions
Randolph Center,VT,Vermont State University,PHI 1010,Introduction To Philosophy,PHIL 1110,Introduction To Philosophy,,,,Castleton University Undergraduate
Villanova,PA,Villanova University,PHI 1050,Intro To Philosophy,PHIL 1110,Introduction To Philosophy,,,,Villanova University
Roanoke,VA,Virginia Western Community College,PHI 101,Introduction To Philosophy I,PHIL 1110,Introduction To Philosophy,,,,Virginia Western Community College
Detroit,MI,Wayne State University,PHI 1010,Introduction To Philosophy,PHIL 1110,Introduction To Philosophy,,,,Wayne State University Undergraduate
Saratoga,CA,West Valley College,PHIL 001,Introduction To Philosophy,PHIL 1110,Introduction To Philosophy,,,,West Valley College
Kalamazoo,MI,Western Michigan University,PHIL 2000,Introduction To Philosophy,PHIL 1110,Introduction To Philosophy,,,,Western Michigan University Undergraduate
Bellingham,WA,Western Washington University,PHIL 114,Introduction To Philosophy: Knowledge And Reality,PHIL 1110,Introduction To Philosophy,,,,Western Washington University
Rock Springs,WY,Western Wyoming Community College,PHIL 1000,Introduction To Philosophy,PHIL 1110,Introduction To Philosophy,,,,Western Wyoming Community College
Wilkes-Barre,PA,Wilkes University,PHL-101,Introduction To Philosophy,PHIL 1110,Introduction To Philosophy,,,,Wilkes University Undergraduate
Wayne,NJ,William Paterson University Of New Jersey,PHIL 110,Introduction To Philosophy,PHIL 1110,Introduction To Philosophy,,,,William Paterson University Undergraduate
Burbank,CA,Woodbury University,PH 201,Introduction To Philosophy,PHIL 1110,Introduction To Philosophy,,,,Woodbury University Undergraduate
Cincinnati,OH,Xavier University,PHIL 100,Ethics As Intro To Philosophy,PHIL 1110,Introduction To Philosophy,,,,Xavier University Undergraduate And Graduate
