City,State,Institution,Transfer Course ID,Transfer Course Name,RPI Course ID,RPI Course Name,Note,Begin,End,Transfer Catalog
Queensbury,NY,Adirondack Community College,PSY 101,General Psychology,PSYC 1200,Introduction To Psychological Science,PSYC 1200 (3 cr),01/01/2024,01/01/2027,SUNY Adirondack Community College
Albany,NY,Albany College Of Pharmacy And Health Sciences,PSY 101,General Psychology,PSYC 1200,Introduction To Psychological Science,,,,Albany College Of Pharmacy And Health Sciences
Alfred,NY,Alfred University,PSY 100,Introduction To Psychology,PSYC 1200,Introduction To Psychological Science,,,,Alfred University
Charles Town,WV,American Public University System,PSYC101,Introduction To Psychology,PSYC 1200,Introduction To Psychological Science,,,,American Public University System Undergraduate
Sacramento,CA,American River College,PSYC 300,General Principles,PSYC 1200,Introduction To Psychological Science,,,,American River College
Arnold,MD,Anne Arundel Community College,PSY 111,Introduction To Psychology,PSYC 1200,Introduction To Psychological Science,,,,Anne Arundel Community College
Littleton,CO,Arapahoe Community College,PSY 101,General Psychology I: Gt-Ss3,PSYC 1200,Introduction To Psychological Science,,,,Arapahoe Community College
Sierra Vista,AZ,Arizona State University - Cochise,PSY 101,Introduction To Psychology,PSYC 1200,Introduction To Psychological Science,,,,Arizona State University Course Descriptions Fall
Lake Havasu City,AZ,Arizona State University - Lake Havasu,PSY 101,Introduction To Psychology,PSYC 1200,Introduction To Psychological Science,,,,Arizona State University Course Descriptions Fall
Mesa,AZ,Arizona State University - Mesa City Center,PSY 101,Introduction To Psychology,PSYC 1200,Introduction To Psychological Science,,,,Arizona State University Course Descriptions Fall
Tucson,AZ,Arizona State University - Pima,PSY 101,Introduction To Psychology,PSYC 1200,Introduction To Psychological Science,,,,Arizona State University Course Descriptions Fall
Casa Grande,AZ,Arizona State University - Pinal,PSY 101,Introduction To Psychology,PSYC 1200,Introduction To Psychological Science,,,,Arizona State University Course Descriptions Fall
Thatcher,AZ,Arizona State University - The Gila Valley,PSY 101,Introduction To Psychology,PSYC 1200,Introduction To Psychological Science,,,,Arizona State University Course Descriptions Fall
Prescott Valley,AZ,Arizona State University - Yavapai,PSY 101,Introduction To Psychology,PSYC 1200,Introduction To Psychological Science,,,,Arizona State University Course Descriptions Fall
Yuma,AZ,Arizona State University - Yuma,PSY 101,Introduction To Psychology,PSYC 1200,Introduction To Psychological Science,,,,Arizona State University Course Descriptions Fall
Phoenix,AZ,Arizona State University-Downtown Phoenix,PSY 101,Introduction To Psychology,PSYC 1200,Introduction To Psychological Science,,,,Arizona State University Course Descriptions Fall
Mesa,AZ,Arizona State University-Polytechnic,PSY 101,Introduction To Psychology,PSYC 1200,Introduction To Psychological Science,,,,Arizona State University Course Descriptions Fall
Scottsdale,AZ,Arizona State University-Skysong,PSY 101,Introduction To Psychology,PSYC 1200,Introduction To Psychological Science,,,,Arizona State University Course Descriptions Fall
Tempe,AZ,Arizona State University-Tempe,PSY 101,Introduction To Psychology,PSYC 1200,Introduction To Psychological Science,,,,Arizona State University Course Descriptions Fall
Glendale,AZ,Arizona State University-West,PSY 101,Introduction To Psychology,PSYC 1200,Introduction To Psychological Science,,,,Arizona State University Course Descriptions Fall
Mays Landing,NJ,Atlantic Cape Community College,PSYC101,General Psychology,PSYC 1200,Introduction To Psychological Science,,,,Atlantic Cape Community College
Annandale-On-Hudson,NY,Bard College,PSY 103,Introduction To Psychology,PSYC 1200,Introduction To Psychological Science,,,,Bard College
Albion,NY,Bard College - Albion Correctional Facility,PSY 103,Introduction To Psychology,PSYC 1200,Introduction To Psychological Science,,,,Bard College
New York,NY,Bard College - Bard Globalization And International Affairs Program,PSY 103,Introduction To Psychology,PSYC 1200,Introduction To Psychological Science,,,,Bard College
Newark,NJ,Bard College - Bhsec Newark,PSY 103,Introduction To Psychology,PSYC 1200,Introduction To Psychological Science,,,,Bard College
Brooklyn,NY,Bard College - Brooklyn Public Library,PSY 103,Introduction To Psychology,PSYC 1200,Introduction To Psychological Science,,,,Bard College
Napanoch,NY,Bard College - Eastern Ny Correctional Facility,PSY 103,Introduction To Psychology,PSYC 1200,Introduction To Psychological Science,,,,Bard College
Beacon,NY,Bard College - Fishkill Correctional Facility,PSY 103,Introduction To Psychology,PSYC 1200,Introduction To Psychological Science,,,,Bard College
Stormville,NY,Bard College - Green Haven Correctional Facility,PSY 103,Introduction To Psychology,PSYC 1200,Introduction To Psychological Science,,,,Bard College
Holyoke,MA,Bard College - Holyoke Microcollege,PSY 103,Introduction To Psychology,PSYC 1200,Introduction To Psychological Science,,,,Bard College
Los Angeles,CA,Bard College - Mat Program Ca,PSY 103,Introduction To Psychology,PSYC 1200,Introduction To Psychological Science,,,,Bard College
New York,NY,"Bard College - New York Public Library, Countee Cullen Branch",PSY 103,Introduction To Psychology,PSYC 1200,Introduction To Psychological Science,,,,Bard College
Bedford Hill,NY,Bard College - Taconic Correctional Facility,PSY 103,Introduction To Psychology,PSYC 1200,Introduction To Psychological Science,,,,Bard College
Woodbourne,NY,Bard College - Woodbourne Correctional Facility,PSY 103,Introduction To Psychology,PSYC 1200,Introduction To Psychological Science,,,,Bard College
Paramus,NJ,Bergen Community College,PSY-101,General Psychology,PSYC 1200,Introduction To Psychological Science,,,,Bergen Community College
White Plains,NY,Berkeley College - Westchester Campus,SOC2225,Introduction To Psychology,PSYC 1200,Introduction To Psychological Science,PSYC 1200 (3cr),05/01/2023,05/01/2026,Berkeley College Undergraduate
New York,NY,Berkeley College-New York,SOC2225,Introduction To Psychology,PSYC 1200,Introduction To Psychological Science,PSYC 1200 (3cr),05/01/2023,05/01/2026,Berkeley College Undergraduate
Woodland Park,NJ,Berkeley College-Woodland Park,SOC2225,Introduction To Psychology,PSYC 1200,Introduction To Psychological Science,PSYC 1200 (3cr),05/01/2023,05/01/2026,Berkeley College Undergraduate
Pittsfield,MA,Berkshire Community College,PSY 107,Introductory Psychology,PSYC 1200,Introduction To Psychological Science,,,,Berkshire Community College
Flat Rock,NC,Blue Ridge Community College,PSY 150,General Psychology,PSYC 1200,Introduction To Psychological Science,,,,Blue Ridge Community College
Boise,ID,Boise State University,PSYC101,Introduction To Psychology,PSYC 1200,Introduction To Psychological Science,,,,Boise State University Undergraduate
Chestnut Hill,MA,Boston College,PSYC1110,"Introduction To Brain, Mind, And Behavior",PSYC 1200,Introduction To Psychological Science,,,,Boston College
Chestnut Hill,MA,Boston College,PSYC1111,Introduction To Psychology As A Social Science,PSYC 1200,Introduction To Psychological Science,,,,Boston College
Chestnut Hill,MA,Boston College,PS 111 + PSYC1111,Introduction To Psychology As A Social Science + Introduction To Psychology As A Social Science,PSYC 1200,Introduction To Psychological Science,,,,Boston College Undergraduate
Waltham,MA,Brandeis University,PSYC 1a,Introduction To Psychology,PSYC 1200,Introduction To Psychological Science,,,,Brandeis University
Waltham,MA,Brandeis University,PSYC 10a,Introduction To Psychology,PSYC 1200,Introduction To Psychological Science,,,,Brandeis University
Lincroft,NJ,Brookdale Community College,PSYC105,Introduction To Psychology I: Physical & Sensory Aspects,PSYC 1200,Introduction To Psychological Science,,,,Brookdale Community College
Binghamton,NY,Broome Community College,PSY 110,General Psychology,PSYC 1200,Introduction To Psychological Science,,,,SUNY Broome Community College
Fort Lauderdale,FL,Broward College,PSY2012,General Psychology,PSYC 1200,Introduction To Psychological Science,,,,Broward College
Copley,OH,Bryant & Stratton College-Akron,PSYC101,Principles Of Psychology,PSYC 1200,Introduction To Psychological Science,,,,Bryant & Stratton College January
Albany,NY,Bryant & Stratton College-Albany,PSYC101,Principles Of Psychology,PSYC 1200,Introduction To Psychological Science,,,,Bryant & Stratton College January
Getzville,NY,Bryant & Stratton College-Amherst,PSYC101,Principles Of Psychology,PSYC 1200,Introduction To Psychological Science,,,,Bryant & Stratton College January
Glendale,WI,Bryant & Stratton College-Bayshore,PSYC101,Principles Of Psychology,PSYC 1200,Introduction To Psychological Science,,,,Bryant & Stratton College January
Buffalo,NY,Bryant & Stratton College-Buffalo,PSYC101,Principles Of Psychology,PSYC 1200,Introduction To Psychological Science,,,,Bryant & Stratton College January
Cleveland,OH,Bryant & Stratton College-Cleveland,PSYC101,Principles Of Psychology,PSYC 1200,Introduction To Psychological Science,,,,Bryant & Stratton College January
Eastlake,OH,Bryant & Stratton College-Eastlake Campus,PSYC101,Principles Of Psychology,PSYC 1200,Introduction To Psychological Science,,,,Bryant & Stratton College January
Rochester,NY,Bryant & Stratton College-Greece,PSYC101,Principles Of Psychology,PSYC 1200,Introduction To Psychological Science,,,,Bryant & Stratton College January
Hampton,VA,Bryant & Stratton College-Hampton,PSYC101,Principles Of Psychology,PSYC 1200,Introduction To Psychological Science,,,,Bryant & Stratton College January
Rochester,NY,Bryant & Stratton College-Henrietta,PSYC101,Principles Of Psychology,PSYC 1200,Introduction To Psychological Science,,,,Bryant & Stratton College January
Milwaukee,WI,Bryant & Stratton College-Milwaukee,PSYC101,Principles Of Psychology,PSYC 1200,Introduction To Psychological Science,,,,Bryant & Stratton College January
Orchard Park,NY,Bryant & Stratton College-Online,PSYC101,Principles Of Psychology,PSYC 1200,Introduction To Psychological Science,,,,Bryant & Stratton College January
Parma,OH,Bryant & Stratton College-Parma,PSYC101,Principles Of Psychology,PSYC 1200,Introduction To Psychological Science,,,,Bryant & Stratton College January
Mount Pleasant,WI,Bryant & Stratton College-Racine,PSYC101,Principles Of Psychology,PSYC 1200,Introduction To Psychological Science,,,,Bryant & Stratton College January
North Chesterfield,VA,Bryant & Stratton College-Richmond,PSYC101,Principles Of Psychology,PSYC 1200,Introduction To Psychological Science,,,,Bryant & Stratton College January
Solon, ,Bryant & Stratton College-Solon,PSYC101,Principles Of Psychology,PSYC 1200,Introduction To Psychological Science,,,,Bryant & Stratton College January
Solon,OH,Bryant & Stratton College-Solon,PSYC101,Principles Of Psychology,PSYC 1200,Introduction To Psychological Science,,,,Bryant & Stratton College January
Orchard Park,NY,Bryant & Stratton College-Southtowns,PSYC101,Principles Of Psychology,PSYC 1200,Introduction To Psychological Science,,,,Bryant & Stratton College January
Syracuse,NY,Bryant & Stratton College-Syracuse,PSYC101,Principles Of Psychology,PSYC 1200,Introduction To Psychological Science,,,,Bryant & Stratton College January
Liverpool,NY,Bryant & Stratton College-Syracuse North,PSYC101,Principles Of Psychology,PSYC 1200,Introduction To Psychological Science,,,,Bryant & Stratton College January
Virginia Beach,VA,Bryant & Stratton College-Virginia Beach,PSYC101,Principles Of Psychology,PSYC 1200,Introduction To Psychological Science,,,,Bryant & Stratton College January
Wauwatosa,WI,Bryant & Stratton College-Wauwatosa,PSYC101,Principles Of Psychology,PSYC 1200,Introduction To Psychological Science,,,,Bryant & Stratton College January
Smithfield,RI,Bryant University,PSY 260,Introduction To Psychology,PSYC 1200,Introduction To Psychological Science,,,,Bryant University Undergraduate
Lewisburg,PA,Bucknell University,PSYC 100,Introduction To Psychology,PSYC 1200,Introduction To Psychological Science,,,,Bucknell University
Newtown,PA,Bucks County Community College,PSYC 110,Introduction To Psychology,PSYC 1200,Introduction To Psychological Science,,,,Bucks County Community College
Bristol,PA,Bucks County Community College-Lower Bucks Campus,PSYC 110,Introduction To Psychology,PSYC 1200,Introduction To Psychological Science,,,,Bucks County Community College
Perkasie,PA,Bucks County Community College-Upper Bucks Campus,PSYC 110,Introduction To Psychology,PSYC 1200,Introduction To Psychological Science,,,,Bucks County Community College
Boston,MA,Bunker Hill Community College,PSY-101,Principles Of Psychology,PSYC 1200,Introduction To Psychological Science,,,,Bunker Hill Community College
Oroville,CA,Butte College,PSY-1,Principles Of Psychology,PSYC 1200,Introduction To Psychological Science,,,,Butte College
Cambridge, ,Cambridge Assessment International Education,Psychology - 9990,Psychology,PSYC 1200,Introduction To Psychological Science,A Level Only,,,AICE Cambridge International Exams
Blackwood,NJ,Camden County College,PSY-101,Basic Psychology,PSYC 1200,Introduction To Psychological Science,,,,Camden County College Academic Program Guide
Buies Creek,NC,Campbell University,PSYC 222,General Psychology,PSYC 1200,Introduction To Psychological Science,,,,Campbell University Undergraduate Studies
Buffalo,NY,Canisius College,PSY 101,Introduction To Psychology I,PSYC 1200,Introduction To Psychological Science,,,,Canisius College Undergraduate
West Barnstable,MA,Cape Cod Community College,PSY101,General Psychology,PSYC 1200,Introduction To Psychological Science,,,,Cape Cod Community College
Ottawa,ON,Carleton University,PSYC 1001,Introduction To Psychology I,PSYC 1200,Introduction To Psychological Science,,,,Carleton University Undergraduate
Cleveland,OH,Case Western Reserve University,PSCL 101,General Psychology I,PSYC 1200,Introduction To Psychological Science,,,,Case Western Reserve University
Castleton,VT,Castleton University,PSY 1010,Introduction To Psychology,PSYC 1200,Introduction To Psychological Science,,,,Castleton State College
Auburn,NY,Cayuga Community College,PSY 101,Introductory Psychology,PSYC 1200,Introduction To Psychological Science,,,,Cayuga Community College
Cazenovia,NY,Cazenovia College,SB 120,Introduction To Psychology,PSYC 1200,Introduction To Psychological Science,,,,Cazenovia College
Mcpherson,KS,Central Christian College Of Kansas,SS-PY 110-G,General Psychology,PSYC 1200,Introduction To Psychological Science,,,,Central Christian College Of Kansas
Killeen,TX,Central Texas College,PSYC 2301,General Psychology,PSYC 1200,Introduction To Psychological Science,,,,Central Texas College Texas Campuses
Chandler,AZ,Chandler-Gilbert Community College,PSY 101,Introduction To Psychology,PSYC 1200,Introduction To Psychological Science,PSYC 1200 (3 cr),05/01/2023,05/01/2026,Maricopa County Community College District Course Descriptions
San Francisco,CA,City College Of San Francisco,PSYC 1,General Psychology,PSYC 1200,Introduction To Psychological Science,,,,City College Of San Francisco
Chicago,IL,City Colleges Of Chicago-Central Office,PSYCH 201,General Psychology,PSYC 1200,Introduction To Psychological Science,,,,City Colleges Of Chicago
Chicago,IL,City Colleges Of Chicago-Harold Washington College,PSYCH 201,General Psychology,PSYC 1200,Introduction To Psychological Science,,,,City Colleges Of Chicago
Chicago,IL,City Colleges Of Chicago-Harry S Truman College,PSYCH 201,General Psychology,PSYC 1200,Introduction To Psychological Science,,,,City Colleges Of Chicago
Chicago,IL,City Colleges Of Chicago-Kennedy-King College,PSYCH 201,General Psychology,PSYC 1200,Introduction To Psychological Science,,,,City Colleges Of Chicago
Chicago,IL,City Colleges Of Chicago-Malcolm X College,PSYCH 201,General Psychology,PSYC 1200,Introduction To Psychological Science,,,,City Colleges Of Chicago
Chicago,IL,City Colleges Of Chicago-Olive-Harvey College,PSYCH 201,General Psychology,PSYC 1200,Introduction To Psychological Science,,,,City Colleges Of Chicago
Chicago,IL,City Colleges Of Chicago-Richard J Daley College,PSYCH 201,General Psychology,PSYC 1200,Introduction To Psychological Science,,,,City Colleges Of Chicago
Chicago,IL,City Colleges Of Chicago-Wilbur Wright College,PSYCH 201,General Psychology,PSYC 1200,Introduction To Psychological Science,,,,City Colleges Of Chicago
Claremont,CA,Claremont Mckenna College,PSYC 30,Introduction To Psychology,PSYC 1200,Introduction To Psychological Science,,,,Claremont McKenna College
Atlanta,GA,Clark Atlanta University,CPSY 211,General Psychology,PSYC 1200,Introduction To Psychological Science,,,,Clark Atlanta University Undergraduate
Worcester,MA,Clark University,PSYC 101,General Psychology,PSYC 1200,Introduction To Psychological Science,,,,Clark University
Potsdam,NY,Clarkson University,PY 151,Introduction To Psychology,PSYC 1200,Introduction To Psychological Science,,,,Clarkson University Course Descriptions
Schenectady,NY,Clarkson University Capital Region Campus,PY 151,Introduction To Psychology,PSYC 1200,Introduction To Psychological Science,,,,Clarkson University Course Descriptions
Fountain Valley,CA,Coastline Community College,PSYC C100,Introduction To Psychology,PSYC 1200,Introduction To Psychological Science,,,,Coastline Community College
Waterville,ME,Colby College,PS111,Introduction To Psychology,PSYC 1200,Introduction To Psychological Science,,,,Colby College
Glen Ellyn,IL,College Of Dupage,PSYCH 1100,General Psychology,PSYC 1200,Introduction To Psychological Science,,,,College Of DuPage
Grayslake,IL,College Of Lake County,PSY 121,Introduction To Psychology,PSYC 1200,Introduction To Psychological Science,,,,College Of Lake County
Saint Joseph,MN,College Of Saint Benedict,PSYC 111,Introductory Psychology,PSYC 1200,Introduction To Psychological Science,,,,College Of Saint Benedict - St John'S University
San Mateo,CA,College Of San Mateo,PSYC 100,General Psychology,PSYC 1200,Introduction To Psychological Science,,,,College Of San Mateo
La Plata,MD,College Of Southern Maryland,PSY-1010,General Psychology,PSYC 1200,Introduction To Psychological Science,,,,College Of Southern Maryland
Santa Clarita,CA,College Of The Canyons,PSYCH 101,Introduction To Psychology,PSYC 1200,Introduction To Psychological Science,,,,College Of The Canyons
Texas City,TX,College Of The Mainland,PSYC 2301,General Psychology,PSYC 1200,Introduction To Psychological Science,,,,College Of The Mainland
Williamsburg,VA,College Of William And Mary,PSYC 202,Introduction To Psychology As A Social Science,PSYC 1200,Introduction To Psychological Science,,,,College Of William And Mary Undergraduate
Grand Junction,CO,Colorado Mesa University,PSYC 150,General Psychology-Gtss3,PSYC 1200,Introduction To Psychological Science,,,,Colorado Mesa University
Hudson,NY,Columbia-Greene Community College,PY 101,General Psychology,PSYC 1200,Introduction To Psychological Science,,,,Columbia-Greene Community College
Montpelier,VT,Community College Of Vermont,PSY 1010,Introduction To Psychology,PSYC 1200,Introduction To Psychological Science,PSYC 1200 (3cr),05/01/2023,05/01/2026,Community College Of Vermont
Enfield,CT,Connecticut State Community College Asnuntuck Campus,PSY 1011,General Psychology I,PSYC 1200,Introduction To Psychological Science,PSYC 1200 (3cr),09/01/2023,09/01/2026,Connecticut State Community College
Enfield,CT,Connecticut State Community College Asnuntuck Campus,PSY* 111,General Psychology I,PSYC 1200,Introduction To Psychological Science,PSYC 1200 (3 cr),05/01/2023,05/01/2026,Asnuntuck Community College
Hartford,CT,Connecticut State Community College Capital Campus,PSY 1011,General Psychology I,PSYC 1200,Introduction To Psychological Science,PSYC 1200 (3cr),09/01/2023,09/01/2026,Connecticut State Community College
New Haven,CT,Connecticut State Community College Gateway Campus,PSY 1011,General Psychology I,PSYC 1200,Introduction To Psychological Science,PSYC 1200 (3cr),09/01/2023,09/01/2026,Connecticut State Community College
Bridgeport,CT,Connecticut State Community College Housatonic Campus,PSY 1011,General Psychology I,PSYC 1200,Introduction To Psychological Science,PSYC 1200 (3cr),09/01/2023,09/01/2026,Connecticut State Community College
Bridgeport,CT,Connecticut State Community College Housatonic Campus,PSY* E111,General Psychology I,PSYC 1200,Introduction To Psychological Science,,,,Housatonic Community College
Manchester,CT,Connecticut State Community College Manchester Campus,PSY 1011,General Psychology I,PSYC 1200,Introduction To Psychological Science,PSYC 1200 (3cr),09/01/2023,09/01/2026,Connecticut State Community College
Middletown,CT,Connecticut State Community College Middlesex Campus,PSY 1011,General Psychology I,PSYC 1200,Introduction To Psychological Science,PSYC 1200 (3cr),09/01/2023,09/01/2026,Connecticut State Community College
Waterbury,CT,Connecticut State Community College Naugatuck Campus,PSY 1011,General Psychology I,PSYC 1200,Introduction To Psychological Science,PSYC 1200 (3cr),09/01/2023,09/01/2026,Connecticut State Community College
Waterbury,CT,Connecticut State Community College Naugatuck Campus,PSY* H111,General Psychology I,PSYC 1200,Introduction To Psychological Science,,,,Naugatuck Valley Community College
Winsted,CT,Connecticut State Community College Northwestern Campus,PSY 1011,General Psychology I,PSYC 1200,Introduction To Psychological Science,PSYC 1200 (3cr),09/01/2023,09/01/2026,Connecticut State Community College
Winsted,CT,Connecticut State Community College Northwestern Campus,PSY* 111,General Psychology I,PSYC 1200,Introduction To Psychological Science,,,,Northwestern Connecticut Community College
Norwalk,CT,Connecticut State Community College Norwalk Campus,PSY 1011,General Psychology I,PSYC 1200,Introduction To Psychological Science,PSYC 1200 (3cr),09/01/2023,09/01/2026,Connecticut State Community College
Danielson,CT,Connecticut State Community College Quinebaug Valley Campus,PSY 1011,General Psychology I,PSYC 1200,Introduction To Psychological Science,PSYC 1200 (3cr),09/01/2023,09/01/2026,Connecticut State Community College
Norwich,CT,Connecticut State Community College Three Rivers Campus,PSY 1011,General Psychology I,PSYC 1200,Introduction To Psychological Science,PSYC 1200 (3cr),09/01/2023,09/01/2026,Connecticut State Community College
Norwich,CT,Connecticut State Community College Three Rivers Campus,PSY* K111,General Psychology I,PSYC 1200,Introduction To Psychological Science,,,,Three Rivers Community College
Farmington,CT,Connecticut State Community College Tunxis Campus,PSY 1011,General Psychology I,PSYC 1200,Introduction To Psychological Science,PSYC 1200 (3cr),09/01/2023,09/01/2026,Connecticut State Community College
Ithaca,NY,Cornell University-Endowed Colleges,PSYCH 101,Introduction To Psychology: The Frontiers Of Psychological Inquiry,PSYC 1200,Introduction To Psychological Science,,,,Cornell University
Ithaca,NY,Cornell University-Endowed Colleges,PSYCH 1101,Introduction To Psychology,PSYC 1200,Introduction To Psychological Science,,,,Cornell University
Corning,NY,Corning Community College,PSYC 1101,Introduction To Psychological Science,PSYC 1200,Introduction To Psychological Science,,,,Corning Community College
Randolph,NJ,County College Of Morris,PSY-113,General Psychology,PSYC 1200,Introduction To Psychological Science,,,,County College Of Morris
Randolph,NJ,County College Of Morris,PSY-180,General Psychology - Honors,PSYC 1200,Introduction To Psychological Science,,,,County College Of Morris
New Bern,NC,Craven Community College,PSY 150,General Psychology,PSYC 1200,Introduction To Psychological Science,,,,Craven Community College
San Luis Obispo,CA,Cuesta College,PSYC 201,Introductory Psychology,PSYC 1200,Introduction To Psychological Science,,,,Cuesta College
New York,NY,Cuny Bernard M Baruch College,PSY 1001,General Psychology,PSYC 1200,Introduction To Psychological Science,,,,CUNY Baruch College Undergraduate
New York,NY,Cuny Borough Of Manhattan Community College,PSY 100,Introduction To Psychology,PSYC 1200,Introduction To Psychological Science,,,,CUNY Borough Of Manhattan Community College
Bronx,NY,Cuny Bronx Community College,PSY 11,Introduction To Psychology,PSYC 1200,Introduction To Psychological Science,,,,CUNY Bronx Community College
Brooklyn,NY,Cuny Brooklyn College,PSYC 1000,Introductory Psychology,PSYC 1200,Introduction To Psychological Science,PSYC 1200 (3cr),01/01/2024,01/01/2027,CUNY Brooklyn College Undergraduate
New York,NY,Cuny City College,PSY 10299,Applications Of Psychology In The Modern World,PSYC 1200,Introduction To Psychological Science,,,,CUNY City College
Staten Island,NY,Cuny College Of Staten Island,PSY 100,Psychology,PSYC 1200,Introduction To Psychological Science,,,,CUNY College Of Staten Island Undergraduate
New York,NY,Cuny Hunter College,PSYCH 10000,Introduction To Psychology,PSYC 1200,Introduction To Psychological Science,,,,CUNY Hunter College Undergraduate
Brooklyn,NY,Cuny Kingsborough Community College,PSY 1100,General Psychology,PSYC 1200,Introduction To Psychological Science,PSYC 1200 (3cr),05/01/2023,05/01/2026,CUNY Kingsborough Community College
Long Island City,NY,Cuny Laguardia Community College,SSY101,General Psychology,PSYC 1200,Introduction To Psychological Science,,,,CUNY LaGuardia Community College
Bronx,NY,Cuny Lehman College,PSY 166,General Psychology,PSYC 1200,Introduction To Psychological Science,,,,CUNY Lehman College
Brooklyn,NY,Cuny New York City College Of Technology,PSY 1101,Introduction To Psychology,PSYC 1200,Introduction To Psychological Science,,,,CUNY New York City College Of Technology Fall
Bayside,NY,Cuny Queensborough Community College,PSYC101,Psychology,PSYC 1200,Introduction To Psychological Science,PSYC 1200 (3 cr),01/01/2024,01/01/2027,CUNY Queensborough Community College
Bayside,NY,Cuny Queensborough Community College,SS-510,Psychology,PSYC 1200,Introduction To Psychological Science,,,,CUNY Queensborough Community College
Dallas,TX,Dallas College,PSYC 2301,General Psychology,PSYC 1200,Introduction To Psychological Science,,,,Dallas College
Davidson,NC,Davidson College,PSY 101,General Psychology,PSYC 1200,Introduction To Psychological Science,,,,Davidson College
Daytona Beach,FL,Daytona State College,PSY 1012,General Psychology,PSYC 1200,Introduction To Psychological Science,,,,Daytona State College
Cupertino,CA,De Anza College,PSYC 1,General Psychology,PSYC 1200,Introduction To Psychological Science,,,,De Anza College
Franklin,MA,Dean College,PSY 111,General Psychology,PSYC 1200,Introduction To Psychological Science,,,,Dean College
Granville,OH,Denison University,PSYC 100,Introduction To Psychology,PSYC 1200,Introduction To Psychological Science,,,,Denison University
Redmond,WA,Digipen Institute Of Technology,PSY 101,Introduction To Psychology,PSYC 1200,Introduction To Psychological Science,,,,DigiPen Institute Of Technology
Madison,NJ,Drew University,PSYC 3,Introduction To Psychology,PSYC 1200,Introduction To Psychological Science,,,,Drew University College Of Liberal Arts
Philadelphia,PA,Drexel University,PSY 101,General Psychology I,PSYC 1200,Introduction To Psychological Science,PSYC 1200 (4cr),05/01/2023,05/01/2026,Drexel University Undergraduate
Pittsburgh,PA,Duquesne University,PSYC 103,Introduction To Psychology.,PSYC 1200,Introduction To Psychological Science,,,,Duquesne University Undergraduate
Poughkeepsie,NY,Dutchess Community College,PSY111,Introduction To Psychology,PSYC 1200,Introduction To Psychological Science,This course will transfer 3 credits to RPI.,01/01/2024,01/01/2027,Dutchess Community College
Poughkeepsie,NY,Dutchess Community College,PSY112,Psychological Principles II,PSYC 1200,Introduction To Psychological Science,,,,Dutchess Community College
Monterey Park,CA,East Los Angeles College,PSYCH 001,General Psychology I,PSYC 1200,Introduction To Psychological Science,,,,East Los Angeles College
Cocoa,FL,Eastern Florida State College,PSY 2012,General Psychology 1,PSYC 1200,Introduction To Psychological Science,,,,Eastern Florida State College
Lynnwood,WA,Edmonds College,PSYC& 100,General Psychology,PSYC 1200,Introduction To Psychological Science,,,,Edmonds College
Torrance,CA,El Camino College,PSYC 101,General Psychology,PSYC 1200,Introduction To Psychological Science,This course will transfer in 3 credits.,01/01/2024,01/01/2027,El Camino College
Daytona Beach,FL,Embry-Riddle Aeronautical University,SS 220,Introduction To Psychology,PSYC 1200,Introduction To Psychological Science,,,,Embry-Riddle Aeronautical University Undergraduate Catalog
Prescott,AZ,Embry-Riddle Aeronautical University - Prescott,SS 220,Introduction To Psychology,PSYC 1200,Introduction To Psychological Science,,,,Embry-Riddle Aeronautical University Undergraduate Catalog
Due West,SC,Erskine College,PY 201,General Psychology,PSYC 1200,Introduction To Psychological Science,,,,Erskine College
Avondale,AZ,Estrella Mountain Community College,PSY 101,Introduction To Psychology,PSYC 1200,Introduction To Psychological Science,PSYC 1200 (3 cr),05/01/2023,05/01/2026,Maricopa County Community College District Course Descriptions
Albany,NY,Excelsior University,PSY 101,Introduction To Psychology I,PSYC 1200,Introduction To Psychological Science,,,,Excelsior University Undergraduate
Fairfield,CT,Fairfield University,PY 0101,General Psychology,PSYC 1200,Introduction To Psychological Science,,,,Fairfield University Course Descriptions
Wroxton, ,Fairleigh Dickinson University - Wroxton,PSYC1101,General Psychology I,PSYC 1200,Introduction To Psychological Science,,,,Fairleigh Dickinson University Undergraduate
Madison,NJ,Fairleigh Dickinson University-Florham Campus,PSYC1101,General Psychology I,PSYC 1200,Introduction To Psychological Science,,,,Fairleigh Dickinson University Undergraduate
Teaneck,NJ,Fairleigh Dickinson University-Metropolitan Campus,PSYC1101,General Psychology I,PSYC 1200,Introduction To Psychological Science,,,,Fairleigh Dickinson University Undergraduate
Farmingdale,NY,Farmingdale State College,PSY 101,Introduction To Psychology,PSYC 1200,Introduction To Psychological Science,,,,SUNY Farmingdale State College
New York,NY,Fashion Institute Of Technology,SS 131,General Psychology,PSYC 1200,Introduction To Psychological Science,,,,Fashion Institute Of Technology
Boca Raton,FL,Florida Atlantic University,PSY 1012,General Psychology,PSYC 1200,Introduction To Psychological Science,,,,Florida Atlantic University
Jacksonville,FL,Florida State College At Jacksonville,PSY 1012,General Psychology,PSYC 1200,Introduction To Psychological Science,,,,Florida State College At Jacksonville
Tallahassee,FL,Florida State University,PSY 2012,General Psychology,PSYC 1200,Introduction To Psychological Science,,,,Florida State University
City Of Knowledge, ,Florida State University - Panama,PSY 2012,General Psychology,PSYC 1200,Introduction To Psychological Science,,,,Florida State University
Los Altos Hills,CA,Foothill College,PSYC 1,General Psychology,PSYC 1200,Introduction To Psychological Science,,,,Foothill College
Bronx,NY,Fordham University,PSYC 1000,Introductory Psychology,PSYC 1200,Introduction To Psychological Science,,,,Fordham University
Lancaster,PA,Franklin And Marshall College,PSY 100,Introductory Psychology,PSYC 1200,Introduction To Psychological Science,,,,Franklin And Marshall College
Frederick,MD,Frederick Community College,PS 101,General Psychology,PSYC 1200,Introduction To Psychological Science,,,,Frederick Community College
Fresno,CA,Fresno City College,PSY 2,General Psychology,PSYC 1200,Introduction To Psychological Science,,,,Fresno City College
Johnstown,NY,Fulton-Montgomery Community College,PSY 101,Introduction To Psychology,PSYC 1200,Introduction To Psychological Science,,,,Fulton-Montgomery Community College
Johnstown,NY,Fulton-Montgomery Community College,SS 291,General Psychology,PSYC 1200,Introduction To Psychological Science,,,,Fulton-Montgomery Community College
Phoenix,AZ,Gateway Community College,PSY 101,Introduction To Psychology,PSYC 1200,Introduction To Psychological Science,PSYC 1200 (3 cr),05/01/2023,05/01/2026,Maricopa County Community College District Course Descriptions
Batavia,NY,Genesee Community College,PSY101,General Psychology,PSYC 1200,Introduction To Psychological Science,,,,Genesee Community College
Washington,DC,George Washington University,PSYC 1001,General Psychology,PSYC 1200,Introduction To Psychological Science,,,,George Washington University
Atlanta,GA,Georgia Institute Of Technology-Main Campus,PSYC 1101,General Psychology,PSYC 1200,Introduction To Psychological Science,,,,Georgia Institute Of Technology
Atlanta,GA,Georgia State University-Perimeter College,PSYC 1101,Introduction To General Psychology,PSYC 1200,Introduction To Psychological Science,,,,Georgia State University - Perimeter College Associate-Level Undergraduate
Glendale,AZ,Glendale Community College,PSY 101,Introduction To Psychology,PSYC 1200,Introduction To Psychological Science,PSYC 1200 (3 cr),05/01/2023,05/01/2026,Maricopa County Community College District Course Descriptions
Huntington Beach,CA,Golden West College,PSYC G100,Introduction To Psychology,PSYC 1200,Introduction To Psychological Science,,,,Golden West College
Portsmouth,NH,Great Bay Community College,PSYC110G,Introduction To Psychology,PSYC 1200,Introduction To Psychological Science,,,,Great Bay Community College
Greenfield,MA,Greenfield Community College,PSY 101,Principles Of Psychology,PSYC 1200,Introduction To Psychological Science,,,,Greenfield Community College
Greenville,SC,Greenville Technical College,PSY 201,General Psychology,PSYC 1200,Introduction To Psychological Science,,,,Greenville Technical College
Gwynedd Valley,PA,Gwynedd Mercy College,PSY-100,General Psychology,PSYC 1200,Introduction To Psychological Science,,,,Gwynedd Mercy University Undergraduate
Clinton,NY,Hamilton College,PSYCH 101,Introductory Psychology,PSYC 1200,Introduction To Psychological Science,,,,Hamilton College
Bel Air,MD,Harford Community College,PSY 101,General Psychology,PSYC 1200,Introduction To Psychological Science,,,,Harford Community College
Oneonta,NY,Hartwick College,PSYC 110,Psychological Research I,PSYC 1200,Introduction To Psychological Science,,,,Hartwick College
Cambridge,MA,Harvard University,PSYC S-1,Introduction To Psychology,PSYC 1200,Introduction To Psychological Science,,,,Harvard University Summer School
Herkimer,NY,Herkimer County Community College,SS 151,Intro Psychology,PSYC 1200,Introduction To Psychological Science,,,,Herkimer County Community College
Tampa,FL,Hillsborough Community College,PSY 2012H,Honors General Psychology,PSYC 1200,Introduction To Psychological Science,,,,Hillsborough Community College
Raymond,MS,Hinds Community College-Raymond Campus,PSY 1513,General Psychology,PSYC 1200,Introduction To Psychological Science,,,,Hinds Community College
Geneva,NY,Hobart William Smith Colleges,PSY 100,Introduction To Psychology,PSYC 1200,Introduction To Psychological Science,,,,Hobart And William Smith Colleges
Hempstead,NY,Hofstra University,PSY 001,Introduction To Psychology,PSYC 1200,Introduction To Psychological Science,,,,Hofstra University Undergraduate
Holyoke,MA,Holyoke Community College,PSY 110,Introduction To Psychology,PSYC 1200,Introduction To Psychological Science,PSYC 1200 (3 cr),01/01/2024,01/01/2027,Holyoke Community College
Conway,SC,Horry-Georgetown Technical College,PSY 201,General Psychology,PSYC 1200,Introduction To Psychological Science,,,,Horry-Georgetown Technical College
Houston,TX,Houston Community College System,PSYC 2301,General Psychology,PSYC 1200,Introduction To Psychological Science,,,,Houston Community College System
Columbia,MD,Howard Community College,PSYC 101,General Psychology,PSYC 1200,Introduction To Psychological Science,,,,Howard Community College
Jersey City,NJ,Hudson County Community College,PSY 101,Introduction To Psychology,PSYC 1200,Introduction To Psychological Science,,,,Hudson County Community College
Troy,NY,Hudson Valley Community College,PSYC 100,General Psychology,PSYC 1200,Introduction To Psychological Science,PSYC 1200 (3 cr),01/01/2024,01/01/2027,Hudson Valley Community College
East Peoria,IL,Illinois Central College,PSY 110,Introduction To Psychology,PSYC 1200,Introduction To Psychological Science,,,,Illinois Central College
Chicago,IL,Illinois Institute Of Technology,PSYC 221,Introduction To Psychological Science,PSYC 1200,Introduction To Psychological Science,,,,Illinois Institute Of Technology Undergraduate
Indiana,PA,Indiana University Of Pennsylvania,PSYC 101,General Psychology,PSYC 1200,Introduction To Psychological Science,,,,Indiana University Of Pennsylvania Undergraduate
Irvine,CA,Irvine Valley College,PSYC 1,Introduction To Psychology,PSYC 1200,Introduction To Psychological Science,,,,Irvine Valley College
Irvine,CA,Irvine Valley College,PSYC 1H,Introduction To Psychology Honors,PSYC 1200,Introduction To Psychological Science,,,,Irvine Valley College
Ithaca,NY,Ithaca College,PSYC 10300,General Psychology,PSYC 1200,Introduction To Psychological Science,,,,Ithaca College
Richmond,VA,J Sargeant Reynolds Community College,PSY 201,Introduction To Psychology I,PSYC 1200,Introduction To Psychological Science,,,,J Sargeant Reynolds Community College
Harrisonburg,VA,James Madison University,GPSYC 101,General Psychology,PSYC 1200,Introduction To Psychological Science,,,,James Madison University Undergraduate
Jamestown,NY,Jamestown Community College,PSY 1510,General Psychology,PSYC 1200,Introduction To Psychological Science,,,,Jamestown Community College
Watertown,NY,Jefferson Community College,PSY 133,Introduction To Psychology,PSYC 1200,Introduction To Psychological Science,,,,Jefferson Community College
Carterville,IL,John A Logan College,PSY 132,General Psychology,PSYC 1200,Introduction To Psychological Science,,,,John A. Logan College
Keene,NH,Keene State College,PSYC 101,General Psychology,PSYC 1200,Introduction To Psychological Science,,,,Keene State College Undergraduate And Graduate
Fort Lauderdale,FL,Keiser University,PSY1012,Introduction To Psychology,PSYC 1200,Introduction To Psychological Science,,,,Keiser University Undergraduate
Clearwater,FL,Keiser University - Clearwater,PSY1012,Introduction To Psychology,PSYC 1200,Introduction To Psychological Science,,,,Keiser University Undergraduate
New Port Richey,FL,Keiser University - Npr,PSY1012,Introduction To Psychology,PSYC 1200,Introduction To Psychological Science,,,,Keiser University Undergraduate
West Palm Beach,FL,Keiser University - Residential,PSY1012,Introduction To Psychology,PSYC 1200,Introduction To Psychological Science,,,,Keiser University Undergraduate
Miami,FL,Keiser University- Kendall,PSY1012,Introduction To Psychology,PSYC 1200,Introduction To Psychological Science,,,,Keiser University Undergraduate
Miami,FL,Keiser University- Miami,PSY1012,Introduction To Psychology,PSYC 1200,Introduction To Psychological Science,,,,Keiser University Undergraduate
Daytona Beach,FL,Keiser University-Daytona,PSY1012,Introduction To Psychology,PSYC 1200,Introduction To Psychological Science,,,,Keiser University Undergraduate
Ft Myers,FL,Keiser University-Ft Myers,PSY1012,Introduction To Psychology,PSYC 1200,Introduction To Psychological Science,,,,Keiser University Undergraduate
Jacksonville,FL,Keiser University-Jacksonville,PSY1012,Introduction To Psychology,PSYC 1200,Introduction To Psychological Science,,,,Keiser University Undergraduate
Lakeland,FL,Keiser University-Lakeland,PSY1012,Introduction To Psychology,PSYC 1200,Introduction To Psychological Science,,,,Keiser University Undergraduate
Melbourne,FL,Keiser University-Melbourne,PSY1012,Introduction To Psychology,PSYC 1200,Introduction To Psychological Science,,,,Keiser University Undergraduate
Orlando,FL,Keiser University-Orlando,PSY1012,Introduction To Psychology,PSYC 1200,Introduction To Psychological Science,,,,Keiser University Undergraduate
Pembroke Pines,FL,Keiser University-Pembroke Pines,PSY1012,Introduction To Psychology,PSYC 1200,Introduction To Psychological Science,,,,Keiser University Undergraduate
Port St Lucie,FL,Keiser University-Port St Lucie,PSY1012,Introduction To Psychology,PSYC 1200,Introduction To Psychological Science,,,,Keiser University Undergraduate
San Marcos, ,Keiser University-San Marcos,PSY1012,Introduction To Psychology,PSYC 1200,Introduction To Psychological Science,,,,Keiser University Undergraduate
Sarasota,FL,Keiser University-Sarasota,PSY1012,Introduction To Psychology,PSYC 1200,Introduction To Psychological Science,,,,Keiser University Undergraduate
Tallahassee,FL,Keiser University-Tallahassee,PSY1012,Introduction To Psychology,PSYC 1200,Introduction To Psychological Science,,,,Keiser University Undergraduate
Tampa,FL,Keiser University-Tampa,PSY1012,Introduction To Psychology,PSYC 1200,Introduction To Psychological Science,,,,Keiser University Undergraduate
West Palm Beach,FL,Keiser University-West Palm Beach,PSY1012,Introduction To Psychology,PSYC 1200,Introduction To Psychological Science,,,,Keiser University Undergraduate
Gambier,OH,Kenyon College,PSYC 100,Introduction To Psychology,PSYC 1200,Introduction To Psychological Science,,,,Kenyon College
Sioux Falls,SD,Kilian Community College,PSYC 101,General Psychology,PSYC 1200,Introduction To Psychological Science,,,,Kilian Community College
Scranton,PA,Lackawanna College,PSY 105,Intro To Psychology,PSYC 1200,Introduction To Psychological Science,PSYC 1200 (3cr),05/01/2023,05/01/2026,Lackawanna College Course Descriptions
Easton,PA,Lafayette College,PSYC 110,Introduction To Psychological Science,PSYC 1200,Introduction To Psychological Science,,,,Lafayette College
Schnecksville,PA,Lehigh Carbon Community College,PSY 140,Introduction To Psychology,PSYC 1200,Introduction To Psychological Science,,,,Lehigh Carbon Community College
Bethlehem,PA,Lehigh University,PSYC 001,Introduction To Psychology,PSYC 1200,Introduction To Psychological Science,,,,Lehigh University
Elyria,OH,Lorain County Community College,PSYH 151,Introduction To Psychology,PSYC 1200,Introduction To Psychological Science,PSYC 1200 (3 cr),05/01/2023,05/01/2026,Lorain County Community College
Woodland Hills,CA,Los Angeles Pierce College,PSYCH 001,General Psychology I,PSYC 1200,Introduction To Psychological Science,,,,Los Angeles Pierce College
Monroe,LA,Louisiana Delta Community College,PSYC 201,Introduction To Psychology,PSYC 1200,Introduction To Psychological Science,,,,Louisiana Delta Community College
Ruston,LA,Louisiana Tech University,PSY 102,General Psychology,PSYC 1200,Introduction To Psychological Science,,,,Louisiana Tech University
Nanticoke,PA,Luzerne County Community College,PSY 103,General Psychology,PSYC 1200,Introduction To Psychological Science,,,,Luzerne County Community College
Manchester,NH,Manchester Community College,PSYC110,Introduction To Psychology,PSYC 1200,Introduction To Psychological Science,,,,Manchester Community College
Riverdale,NY,Manhattan College,PSYC 203,Introduction To Psychology,PSYC 1200,Introduction To Psychological Science,,,,Manhattan College Undergraduate
Purchase,NY,Manhattanville College,PSY 1004,Fundamentals Of Psychology,PSYC 1200,Introduction To Psychological Science,,,,Manhattanville College Undergraduate
Tempe,AZ,Maricopa Community College District,PSY 101,Introduction To Psychology,PSYC 1200,Introduction To Psychological Science,PSYC 1200 (3 cr),05/01/2023,05/01/2026,Maricopa County Community College District Course Descriptions
Milwaukee,WI,Marquette University,PSYC 1001,General Psychology,PSYC 1200,Introduction To Psychological Science,,,,Marquette University Undergraduate
Rancho Palos Verdes,CA,Marymount California University,PSY 150,General Psychology,PSYC 1200,Introduction To Psychological Science,,,,Marymount California University
Lucerne,CA,Marymount California University - Lakeside Campus,PSY 150,General Psychology,PSYC 1200,Introduction To Psychological Science,,,,Marymount California University
San Pedro,CA,Marymount California University - Waterfront Campus,PSY 150,General Psychology,PSYC 1200,Introduction To Psychological Science,,,,Marymount California University
New York,NY,Marymount Manhattan College,PSYCH 101,General Psychology: Social And Clinical Processes,PSYC 1200,Introduction To Psychological Science,,,,Marymount Manhattan College
Montreal,QC,Mcgill University,PSYC 100,Introduction To Psychology,PSYC 1200,Introduction To Psychological Science,,,,Mcgill University Course Descriptions
Boston,MA,Mcphs University,LIB.120,Introduction To Psychology,PSYC 1200,Introduction To Psychological Science,,,,MCPHS University
West Windsor,NJ,Mercer County Community College,PSY 101,Introduction To Psychology,PSYC 1200,Introduction To Psychological Science,This course will transfer 3 credits to RPI.,01/01/2024,01/01/2027,Mercer County Community College
Mesa,AZ,Mesa Community College,PSY 101,Introduction To Psychology,PSYC 1200,Introduction To Psychological Science,PSYC 1200 (3 cr),05/01/2023,05/01/2026,Maricopa County Community College District Course Descriptions
Miami,FL,Miami Dade College,PSY2012,Introduction To Psychology,PSYC 1200,Introduction To Psychological Science,PSYC 1200 (3cr),05/01/2023,05/01/2026,Miami Dade College
Hamilton,OH,Miami University-Hamilton,PSY 111,Introduction To Psychology,PSYC 1200,Introduction To Psychological Science,,,,Miami University
Middletown,OH,Miami University-Middletown,PSY 111,Introduction To Psychology,PSYC 1200,Introduction To Psychological Science,,,,Miami University
Oxford,OH,Miami University-Oxford,PSY 111,Introduction To Psychology,PSYC 1200,Introduction To Psychological Science,,,,Miami University
Murfreesboro,TN,Middle Tennessee State University,PSY 141,General Psychology,PSYC 1200,Introduction To Psychological Science,,,,Middle Tennessee State University Undergraduate
Edison,NJ,Middlesex College,PSY-123,Introduction To Psychology,PSYC 1200,Introduction To Psychological Science,,,,Middlesex College
Bedford,MA,Middlesex Community College,PSY 101,Introduction To Psychology,PSYC 1200,Introduction To Psychological Science,,,,Middlesex Community College
Perkinston,MS,Mississippi Gulf Coast Community College,PSY 1513,General Psychology,PSYC 1200,Introduction To Psychological Science,,,,Mississippi Gulf Coast Community College
Rolla,MO,Missouri University Of Science And Technology,PSYCH 50,General Psychology,PSYC 1200,Introduction To Psychological Science,,,,Missouri University Of Science And Technology Undergraduate
Utica,NY,Mohawk Valley Community College-Utica Branch,PY101,Introduction To General Psychology,PSYC 1200,Introduction To Psychological Science,,,,Mohawk Valley Community College
West Long Branch,NJ,Monmouth University,PY-103,Introduction To Psychology,PSYC 1200,Introduction To Psychological Science,,,,Monmouth University Undergraduate
West Long Branch,NJ,Monmouth University - Monmouth Park Corporate Center,PY-103,Introduction To Psychology,PSYC 1200,Introduction To Psychological Science,,,,Monmouth University Undergraduate
Rochester,NY,Monroe Community College,PSY 101,Introduction To Psychological Science,PSYC 1200,Introduction To Psychological Science,,,,Monroe Community College
Montclair,NJ,Montclair State University,PSYC 101,Introduction To Psychology,PSYC 1200,Introduction To Psychological Science,,,,Montclair State University
Rockville,MD,Montgomery College,PSYC 102,General Psychology,PSYC 1200,Introduction To Psychological Science,,,,Montgomery College
Rockville,MD,Montgomery College,PY 102,General Psychology,PSYC 1200,Introduction To Psychological Science,,,,Montgomery College
Moorpark,CA,Moorpark College,PSY M01,Introduction To Psychology,PSYC 1200,Introduction To Psychological Science,,,,Moorpark College Course Descriptions
Morrisville,NY,Morrisville State College,PSYC 101,Introduction To Psychology,PSYC 1200,Introduction To Psychological Science,,,,SUNY Morrisville State College
Morrisville,NY,Morrisville State College,SOCS 105,Introduction To Psychology,PSYC 1200,Introduction To Psychological Science,,,,SUNY Morrisville State College
Gardner,MA,Mount Wachusett Community College,PSY 105,Introduction To Psychology,PSYC 1200,Introduction To Psychological Science,,,,Mount Wachusett Community College
Walnut,CA,Mt. San Antonio College,PSYC 14,Developmental Psychology,PSYC 1200,Introduction To Psychological Science,,,,Mount San Antonio College
Napa,CA,Napa Valley College,PSYC-120,General Psychology,PSYC 1200,Introduction To Psychological Science,,,,Napa Valley College
Garden City,NY,Nassau Community College,PSY 203,General Psychology I,PSYC 1200,Introduction To Psychological Science,,,,Nassau Community College
La Jolla,CA,National University,PSY 202,Introduction To Psychology,PSYC 1200,Introduction To Psychological Science,,,,National University
New York,NY,New York Institute Of Technology-Manhattan Campus,PSYC 101,Introduction To Psychology,PSYC 1200,Introduction To Psychological Science,,,,New York Institute Of Technology NYIT
Old Westbury,NY,New York Institute Of Technology-Old Westbury,PSYC 101,Introduction To Psychology,PSYC 1200,Introduction To Psychological Science,,,,New York Institute Of Technology NYIT
Alfred Station,NY,New York State College Of Ceramics At Alfred University,PSY 100,Introduction To Psychology,PSYC 1200,Introduction To Psychological Science,,,,Alfred University
New York,NY,New York University,PSYCH-UA 1,Introduction To Psychology,PSYC 1200,Introduction To Psychological Science,,,,New York University College Of Arts And Sciences
New York,NY,New York University,Y20.6801,Introduction To Psychology,PSYC 1200,Introduction To Psychological Science,,,,New York University Continuing Education Adult Degree Pgrms
Concord,NH,Nhti-Concord's Community College,PSYC 105C,Introduction To Psychology,PSYC 1200,Introduction To Psychological Science,,,,NHTI Concord'S Community College
Concord,NH,Nhti-Concord's Community College,PY 105,Introduction To Psychology,PSYC 1200,Introduction To Psychological Science,,,,NHTI Concord'S Community College Course Descriptions
Dudley,MA,Nichols College,PSY 151,General Psychology,PSYC 1200,Introduction To Psychological Science,,,,Nichols College
Raleigh,NC,North Carolina State University At Raleigh,PSY 200,Introduction To Psychology,PSYC 1200,Introduction To Psychological Science,,,,North Carolina State University Undergraduate
Saranac Lake,NY,North Country Community College,PSY 101,Introductory Psychology,PSYC 1200,Introduction To Psychological Science,,,,North Country Community College
Seattle,WA,North Seattle College,PSYC& 100,General Psychology,PSYC 1200,Introduction To Psychological Science,,,,Seattle Colleges
Bethlehem,PA,Northampton County Area Community College,PSYC 103,Introduction To Psychology,PSYC 1200,Introduction To Psychological Science,,,,Northampton Community College
Tannersville,PA,Northampton County Area Community College-Monroe,PSYC 103,Introduction To Psychology,PSYC 1200,Introduction To Psychological Science,,,,Northampton Community College
Boston,MA,Northeastern University,PSY 1111,Foundations Of Psychology 1,PSYC 1200,Introduction To Psychological Science,,,,Northeastern University Undergraduate
Boston,MA,Northeastern University,PSY 1210,Introduction To Psychology: Psychological Processes,PSYC 1200,Introduction To Psychological Science,,,,Northeastern University Course Descriptions
Boston,MA,Northeastern University,PSYC 1101,Foundations Of Psychology,PSYC 1200,Introduction To Psychological Science,,,,Northeastern University Course Descriptions
Boston,MA,Northeastern University Lifelong Learning Network,PSY 1111,Foundations Of Psychology 1,PSYC 1200,Introduction To Psychological Science,,,,Northeastern University Undergraduate
Boston,MA,Northeastern University Lifelong Learning Network,PSY 1210,Introduction To Psychology: Psychological Processes,PSYC 1200,Introduction To Psychological Science,,,,Northeastern University Course Descriptions
Boston,MA,Northeastern University Lifelong Learning Network,PSYC 1101,Foundations Of Psychology,PSYC 1200,Introduction To Psychological Science,,,,Northeastern University Course Descriptions
Oakland,CA,Northeastern University Oakland,PSY 1210,Introduction To Psychology: Psychological Processes,PSYC 1200,Introduction To Psychological Science,,,,Northeastern University Course Descriptions
Oakland,CA,Northeastern University Oakland,PSYC 1101,Foundations Of Psychology,PSYC 1200,Introduction To Psychological Science,,,,Northeastern University Course Descriptions
Flagstaff,AZ,Northern Arizona University,PSY 101,Introduction To Psychology,PSYC 1200,Introduction To Psychological Science,,,,Northern Arizona University Undergraduate And Graduate Course Descriptions
Haverhill,MA,Northern Essex Community College,PSY101,Introduction To Psychology,PSYC 1200,Introduction To Psychological Science,,,,Northern Essex Community College
Annandale,VA,Northern Virginia Community College,PSY 201,Introduction To Psychology I,PSYC 1200,Introduction To Psychological Science,,,,Northern Virginia Community College
Evanston,IL,Northwestern University,PSYCH 110-0,Introduction To Psychology,PSYC 1200,Introduction To Psychological Science,,,,Northwestern University Undergraduate
Bloomfield Hills,MI,Oakland Community College,PSY 2510,Introduction To Psychology,PSYC 1200,Introduction To Psychological Science,,,,Oakland Community College
Des Plaines,IL,Oakton College,PSY 101,Introduction To Psychology,PSYC 1200,Introduction To Psychological Science,,,,Oakton Community College
Oberlin,OH,Oberlin College,PSYC 100,Introduction To Psychological Science,PSYC 1200,Introduction To Psychological Science,PSYC 1200 (4cr),05/01/2023,05/01/2026,Oberlin College
Toms River,NJ,Ocean County College,PSYC 172,General Psychology,PSYC 1200,Introduction To Psychological Science,,,,Ocean County College
Columbus,OH,Ohio State University,PSYCH 100,General Psychology,PSYC 1200,Introduction To Psychological Science,,,,Ohio State University Course Offerings
Columbus,OH,Ohio State University,PSYCH 1100H,Introduction To Psychology,PSYC 1200,Introduction To Psychological Science,,,,Ohio State University Course Offerings
Wooster,OH,Ohio State University Agricultural Technical Inst,PSYCH 100,General Psychology,PSYC 1200,Introduction To Psychological Science,,,,Ohio State University Course Offerings
Wooster,OH,Ohio State University Agricultural Technical Inst,PSYCH 1100H,Introduction To Psychology,PSYC 1200,Introduction To Psychological Science,,,,Ohio State University Course Offerings
Lima,OH,Ohio State University-Lima Campus,PSYCH 100,General Psychology,PSYC 1200,Introduction To Psychological Science,,,,Ohio State University Course Offerings
Lima,OH,Ohio State University-Lima Campus,PSYCH 1100H,Introduction To Psychology,PSYC 1200,Introduction To Psychological Science,,,,Ohio State University Course Offerings
Mansfield,OH,Ohio State University-Mansfield Campus,PSYCH 100,General Psychology,PSYC 1200,Introduction To Psychological Science,,,,Ohio State University Course Offerings
Mansfield,OH,Ohio State University-Mansfield Campus,PSYCH 1100H,Introduction To Psychology,PSYC 1200,Introduction To Psychological Science,,,,Ohio State University Course Offerings
Marion,OH,Ohio State University-Marion Campus,PSYCH 100,General Psychology,PSYC 1200,Introduction To Psychological Science,,,,Ohio State University Course Offerings
Marion,OH,Ohio State University-Marion Campus,PSYCH 1100H,Introduction To Psychology,PSYC 1200,Introduction To Psychological Science,,,,Ohio State University Course Offerings
Newark,OH,Ohio State University-Newark Campus,PSYCH 100,General Psychology,PSYC 1200,Introduction To Psychological Science,,,,Ohio State University Course Offerings
Newark,OH,Ohio State University-Newark Campus,PSYCH 1100H,Introduction To Psychology,PSYC 1200,Introduction To Psychological Science,,,,Ohio State University Course Offerings
Chillicothe,OH,Ohio University-Chillicothe Branch,PSY 101,General Psychology,PSYC 1200,Introduction To Psychological Science,,,,Ohio University Undergraduate
Chillicothe,OH,Ohio University-Chillicothe Branch,PSY 1010,General Psychology,PSYC 1200,Introduction To Psychological Science,,,,Ohio University Undergraduate
Saint Clairsville,OH,Ohio University-Eastern Campus,PSY 101,General Psychology,PSYC 1200,Introduction To Psychological Science,,,,Ohio University Undergraduate
Saint Clairsville,OH,Ohio University-Eastern Campus,PSY 1010,General Psychology,PSYC 1200,Introduction To Psychological Science,,,,Ohio University Undergraduate
Lancaster,OH,Ohio University-Lancaster Branch,PSY 101,General Psychology,PSYC 1200,Introduction To Psychological Science,,,,Ohio University Undergraduate
Lancaster,OH,Ohio University-Lancaster Branch,PSY 1010,General Psychology,PSYC 1200,Introduction To Psychological Science,,,,Ohio University Undergraduate
Athens,OH,Ohio University-Main Campus,PSY 101,General Psychology,PSYC 1200,Introduction To Psychological Science,,,,Ohio University Undergraduate
Athens,OH,Ohio University-Main Campus,PSY 1010,General Psychology,PSYC 1200,Introduction To Psychological Science,,,,Ohio University Undergraduate
Ironton,OH,Ohio University-Southern Campus,PSY 101,General Psychology,PSYC 1200,Introduction To Psychological Science,,,,Ohio University Undergraduate
Ironton,OH,Ohio University-Southern Campus,PSY 1010,General Psychology,PSYC 1200,Introduction To Psychological Science,,,,Ohio University Undergraduate
Zanesville,OH,Ohio University-Zanesville Branch,PSY 101,General Psychology,PSYC 1200,Introduction To Psychological Science,,,,Ohio University Undergraduate
Zanesville,OH,Ohio University-Zanesville Branch,PSY 1010,General Psychology,PSYC 1200,Introduction To Psychological Science,,,,Ohio University Undergraduate
Syracuse,NY,Onondaga Community College,PSY 103,General Psychology,PSYC 1200,Introduction To Psychological Science,PSYC 1200 (3 cr),05/01/2023,05/01/2026,Onondaga Community College
Middletown,NY,Orange County Community College,PSY 101,General Psychology 1,PSYC 1200,Introduction To Psychological Science,,,,SUNY Orange County Community College
Middletown,NY,Orange County Community College,PSY 111,Introduction To Psychology,PSYC 1200,Introduction To Psychological Science,,,,SUNY Orange County Community College
Camden,NJ,Our Lady Of Lourdes School Of Nursing,PSY-101,Basic Psychology,PSYC 1200,Introduction To Psychological Science,,,,Camden County College Academic Program Guide
New York,NY,Pace University-New York,PSY 112,Introduction To Psychology,PSYC 1200,Introduction To Psychological Science,,,,Pace University Course Descriptions
New York,NY,Pace University-New York,PSY 112C,Introduction To Psychology (Cap),PSYC 1200,Introduction To Psychological Science,,,,Pace University Course Descriptions
Pleasantville,NY,Pace University-Pleasantville Briarcliff,PSY 112,Introduction To Psychology,PSYC 1200,Introduction To Psychological Science,,,,Pace University Course Descriptions
Pleasantville,NY,Pace University-Pleasantville Briarcliff,PSY 112C,Introduction To Psychology (Cap),PSYC 1200,Introduction To Psychological Science,,,,Pace University Course Descriptions
White Plains,NY,Pace University-White Plains,PSY 112,Introduction To Psychology,PSYC 1200,Introduction To Psychological Science,,,,Pace University Course Descriptions
White Plains,NY,Pace University-White Plains,PSY 112C,Introduction To Psychology (Cap),PSYC 1200,Introduction To Psychological Science,,,,Pace University Course Descriptions
Phoenix,AZ,Paradise Valley Community College,PSY 101,Introduction To Psychology,PSYC 1200,Introduction To Psychological Science,PSYC 1200 (3 cr),05/01/2023,05/01/2026,Maricopa County Community College District Course Descriptions
Parkville,MO,Park University,PS101,Introduction To Psychology,PSYC 1200,Introduction To Psychological Science,,,,Park University
Pasadena,CA,Pasadena City College,PSYC 001,Introductory Psychology,PSYC 1200,Introduction To Psychological Science,,,,Pasadena City College
New Port Richey,FL,Pasco-Hernando State College,PSY 1012,Introduction To Psychology,PSYC 1200,Introduction To Psychological Science,,,,Pasco-Hernando State College
Middletown,PA,Pennsylvania State Univ-Harrisburg Capital College,PSYCH 100,Introductory Psychology,PSYC 1200,Introduction To Psychological Science,PSYC 1200 (3cr),05/01/2023,05/01/2026,Pennsylvania State University Undergraduate
Center Valley,PA,Pennsylvania State Univ-Lehigh Vly Berks-Lehigh,PSYCH 100,Introductory Psychology,PSYC 1200,Introduction To Psychological Science,PSYC 1200 (3cr),05/01/2023,05/01/2026,Pennsylvania State University Undergraduate
Schuylkill Haven,PA,Pennsylvania State Univ-Schuylkill-Capital College,PSYCH 100,Introductory Psychology,PSYC 1200,Introduction To Psychological Science,PSYC 1200 (3cr),05/01/2023,05/01/2026,Pennsylvania State University Undergraduate
Abington,PA,Pennsylvania State University-Abington College,PSYCH 100,Introductory Psychology,PSYC 1200,Introduction To Psychological Science,PSYC 1200 (3cr),05/01/2023,05/01/2026,Pennsylvania State University Undergraduate
Altoona,PA,Pennsylvania State University-Altoona College,PSYCH 100,Introductory Psychology,PSYC 1200,Introduction To Psychological Science,PSYC 1200 (3cr),05/01/2023,05/01/2026,Pennsylvania State University Undergraduate
Monaca,PA,Pennsylvania State University-Beaver,PSYCH 100,Introductory Psychology,PSYC 1200,Introduction To Psychological Science,PSYC 1200 (3cr),05/01/2023,05/01/2026,Pennsylvania State University Undergraduate
Reading,PA,Pennsylvania State University-Berks-Lehigh Valley,PSYCH 100,Introductory Psychology,PSYC 1200,Introduction To Psychological Science,PSYC 1200 (3cr),05/01/2023,05/01/2026,Pennsylvania State University Undergraduate
Media,PA,Pennsylvania State University-Delaware,PSYCH 100,Introductory Psychology,PSYC 1200,Introduction To Psychological Science,PSYC 1200 (3cr),05/01/2023,05/01/2026,Pennsylvania State University Undergraduate
Dubois,PA,Pennsylvania State University-Du Bois,PSYCH 100,Introductory Psychology,PSYC 1200,Introduction To Psychological Science,PSYC 1200 (3cr),05/01/2023,05/01/2026,Pennsylvania State University Undergraduate
Erie,PA,Pennsylvania State University-Erie Behrend College,PSYCH 100,Introductory Psychology,PSYC 1200,Introduction To Psychological Science,PSYC 1200 (3cr),05/01/2023,05/01/2026,Pennsylvania State University Undergraduate
Lemont Furnace,PA,Pennsylvania State University-Fayette,PSYCH 100,Introductory Psychology,PSYC 1200,Introduction To Psychological Science,PSYC 1200 (3cr),05/01/2023,05/01/2026,Pennsylvania State University Undergraduate
Hazleton,PA,Pennsylvania State University-Hazleton,PSYCH 100,Introductory Psychology,PSYC 1200,Introduction To Psychological Science,PSYC 1200 (3cr),05/01/2023,05/01/2026,Pennsylvania State University Undergraduate
Mckeesport,PA,Pennsylvania State University-Mckeesport,PSYCH 100,Introductory Psychology,PSYC 1200,Introduction To Psychological Science,PSYC 1200 (3cr),05/01/2023,05/01/2026,Pennsylvania State University Undergraduate
Mont Alto,PA,Pennsylvania State University-Mont Alto Campus,PSYCH 100,Introductory Psychology,PSYC 1200,Introduction To Psychological Science,PSYC 1200 (3cr),05/01/2023,05/01/2026,Pennsylvania State University Undergraduate
Upper Burrell,PA,Pennsylvania State University-New Kensington,PSYCH 100,Introductory Psychology,PSYC 1200,Introduction To Psychological Science,PSYC 1200 (3cr),05/01/2023,05/01/2026,Pennsylvania State University Undergraduate
Malvern,PA,Pennsylvania State University-Penn State Great Valley,PSYCH 100,Introductory Psychology,PSYC 1200,Introduction To Psychological Science,PSYC 1200 (3cr),05/01/2023,05/01/2026,Pennsylvania State University Undergraduate
Sharon,PA,Pennsylvania State University-Shenango,PSYCH 100,Introductory Psychology,PSYC 1200,Introduction To Psychological Science,PSYC 1200 (3cr),05/01/2023,05/01/2026,Pennsylvania State University Undergraduate
Lehman,PA,Pennsylvania State University-Wilkes-Barre,PSYCH 100,Introductory Psychology,PSYC 1200,Introduction To Psychological Science,PSYC 1200 (3cr),05/01/2023,05/01/2026,Pennsylvania State University Undergraduate
University Park,PA,Pennsylvania State University-World Campus,PSYCH 100,Introductory Psychology,PSYC 1200,Introduction To Psychological Science,PSYC 1200 (3cr),05/01/2023,05/01/2026,Pennsylvania State University Undergraduate
Dunmore,PA,Pennsylvania State University-Worthington Scranton,PSYCH 100,Introductory Psychology,PSYC 1200,Introduction To Psychological Science,PSYC 1200 (3cr),05/01/2023,05/01/2026,Pennsylvania State University Undergraduate
York,PA,Pennsylvania State University-York,PSYCH 100,Introductory Psychology,PSYC 1200,Introduction To Psychological Science,PSYC 1200 (3cr),05/01/2023,05/01/2026,Pennsylvania State University Undergraduate
Phoenix,AZ,Phoenix College,PSY 101,Introduction To Psychology,PSYC 1200,Introduction To Psychological Science,PSYC 1200 (3 cr),05/01/2023,05/01/2026,Maricopa County Community College District Course Descriptions
Lakewood,WA,Pierce College,PSYC& 100,General Psychology,PSYC 1200,Introduction To Psychological Science,,,,Pierce College
Puyallup,WA,Pierce College,PSYC& 100,General Psychology,PSYC 1200,Introduction To Psychological Science,,,,Pierce College
Largo,MD,Prince George's Community College,PSY-1010,General Psychology,PSYC 1200,Introduction To Psychological Science,,,,Prince George'S Community College
Anderson,IN,Purdue University - Purdue Polytechnic Anderson,PSY 100 + PSY 120,Introduction To The Science And Fields Of Psychology + Elementary Psychology,PSYC 1200,Introduction To Psychological Science,,,,Purdue University College Of Liberal Arts
Columbus,IN,Purdue University - Purdue Polytechnic Columbus,PSY 100 + PSY 120,Introduction To The Science And Fields Of Psychology + Elementary Psychology,PSYC 1200,Introduction To Psychological Science,,,,Purdue University College Of Liberal Arts
Indianapolis,IN,Purdue University - Purdue Polytechnic Indianapolis,PSY 100 + PSY 120,Introduction To The Science And Fields Of Psychology + Elementary Psychology,PSYC 1200,Introduction To Psychological Science,,,,Purdue University College Of Liberal Arts
Kokomo,IN,Purdue University - Purdue Polytechnic Kokomo,PSY 100 + PSY 120,Introduction To The Science And Fields Of Psychology + Elementary Psychology,PSYC 1200,Introduction To Psychological Science,,,,Purdue University College Of Liberal Arts
Lafayette,IN,Purdue University - Purdue Polytechnic Lafayette,PSY 100 + PSY 120,Introduction To The Science And Fields Of Psychology + Elementary Psychology,PSYC 1200,Introduction To Psychological Science,,,,Purdue University College Of Liberal Arts
New Albany,IN,Purdue University - Purdue Polytechnic New Albany,PSY 100 + PSY 120,Introduction To The Science And Fields Of Psychology + Elementary Psychology,PSYC 1200,Introduction To Psychological Science,,,,Purdue University College Of Liberal Arts
Richmond,IN,Purdue University - Purdue Polytechnic Richmond,PSY 100 + PSY 120,Introduction To The Science And Fields Of Psychology + Elementary Psychology,PSYC 1200,Introduction To Psychological Science,,,,Purdue University College Of Liberal Arts
South Bend,IN,Purdue University - Purdue Polytechnic South Bend,PSY 100 + PSY 120,Introduction To The Science And Fields Of Psychology + Elementary Psychology,PSYC 1200,Introduction To Psychological Science,,,,Purdue University College Of Liberal Arts
Vincennes,IN,Purdue University - Purdue Polytechnic Vincennes,PSY 100 + PSY 120,Introduction To The Science And Fields Of Psychology + Elementary Psychology,PSYC 1200,Introduction To Psychological Science,,,,Purdue University College Of Liberal Arts
West Lafayette,IN,Purdue University-Main Campus,PSY 100 + PSY 120,Introduction To The Science And Fields Of Psychology + Elementary Psychology,PSYC 1200,Introduction To Psychological Science,,,,Purdue University College Of Liberal Arts
Quincy,MA,Quincy College,PSY 101,General Psychology,PSYC 1200,Introduction To Psychological Science,,,,Quincy College
Hamden,CT,Quinnipiac University,PS 101,Introduction To Psychology,PSYC 1200,Introduction To Psychological Science,,,,Quinnipiac University
Worcester,MA,Quinsigamond Community College,PSY 101,Introduction To Psychology,PSYC 1200,Introduction To Psychological Science,,,,Quinsigamond Community College
Lynchburg,VA,Randolph College,PSYC 102,Introduction To Psychology II,PSYC 1200,Introduction To Psychological Science,,,,Randolph College
Branchburg,NJ,Raritan Valley Community College,PSYC 103,Introduction To Psychology,PSYC 1200,Introduction To Psychological Science,,,,Raritan Valley Community College
South Prince George,VA,Richard Bland The College Of William And Mary,PSY - 202,Introduction To Psychology As A Social Science,PSYC 1200,Introduction To Psychological Science,,,,Richard Bland College Of William And Mary
Tempe,AZ,Rio Salado College,PSY 101,Introduction To Psychology,PSYC 1200,Introduction To Psychological Science,PSYC 1200 (3 cr),05/01/2023,05/01/2026,Maricopa County Community College District Course Descriptions
Claremont,NH,River Valley Community College,PSYC 101R,Introduction To Psychology,PSYC 1200,Introduction To Psychological Science,PSYC 1200 (3cr),05/01/2023,05/01/2026,River Valley Community College
Moon Township,PA,Robert Morris University,PSYC1010,General Psychology,PSYC 1200,Introduction To Psychological Science,,,,Robert Morris University Course Descriptions
Rochester,NY,Roberts Wesleyan College,PSY 101,General Psychology,PSYC 1200,Introduction To Psychological Science,,,,Roberts Wesleyan College Undergraduate
Rochester,NY,Rochester Institute Of Technology,PSYC-101,Introduction To Psychology,PSYC 1200,Introduction To Psychological Science,,,,Rochester Institute Of Technology Undergraduate
Grants Pass,OR,Rogue Community College,PSY202,General Psychology II,PSYC 1200,Introduction To Psychological Science,,,,Rogue Community College
Troy,NY,Russell Sage College,PSY 101,Introduction To Psychology,PSYC 1200,Introduction To Psychological Science,,,,Russell Sage College
Troy,NY,Russell Sage College,PSY 101,Introduction To Psychology,PSYC 1200,Introduction To Psychological Science,,,,Sage College Of Albany
New Brunswick,NJ,Rutgers University-New Brunswick,830:101,Introduction To Psychology,PSYC 1200,Introduction To Psychological Science,,,,Rutgers University Douglass College
Fairfield,CT,Sacred Heart University,PS 110,Introduction To Psychology,PSYC 1200,Introduction To Psychological Science,PSYC 1200 (3cr),05/01/2023,05/01/2026,Sacred Heart University Undergraduate
Mission Viejo,CA,Saddleback College,PSYC 1,Introduction To Psychology,PSYC 1200,Introduction To Psychological Science,,,,Saddleback College
Collegeville,MN,Saint John's University,PSYC 111,Introductory Psychology,PSYC 1200,Introduction To Psychological Science,,,,College Of Saint Benedict - St John'S University
Colchester,VT,Saint Michaels College,PS 101,General Psychology,PSYC 1200,Introduction To Psychological Science,,01/01/2024,01/01/2027,Saint Michael'S College Undergraduate
Jersey City,NJ,Saint Peter's University,PS-151,Introduction To Psychology,PSYC 1200,Introduction To Psychological Science,,,,Saint Peter'S University Undergraduate
Pasadena,TX,San Jacinto College,PSYC 2301,General Psychology,PSYC 1200,Introduction To Psychological Science,,,,San Jacinto Community College District
Houston,TX,San Jacinto College-North Campus,PSYC 2301,General Psychology,PSYC 1200,Introduction To Psychological Science,,,,San Jacinto Community College District
Houston,TX,San Jacinto College-South Campus,PSYC 2301,General Psychology,PSYC 1200,Introduction To Psychological Science,,,,San Jacinto Community College District
Houston,TX,San Jacinto Community College District - Generation Park Campus,PSYC 2301,General Psychology,PSYC 1200,Introduction To Psychological Science,,,,San Jacinto Community College District
San Jose,CA,San Jose City College,PSYCH 010,General Psychology,PSYC 1200,Introduction To Psychological Science,,,,San Jose City College
Santa Barbara,CA,Santa Barbara City College,PSY 100,General Psychology,PSYC 1200,Introduction To Psychological Science,,,,Santa Barbara City College
Gainesville,FL,Santa Fe College,PSY 2012,General Psychology,PSYC 1200,Introduction To Psychological Science,,,,Santa Fe College
Santa Monica,CA,Santa Monica College,PSYCH 1,General Psychology,PSYC 1200,Introduction To Psychological Science,,,,Santa Monica College
Santa Rosa,CA,Santa Rosa Junior College,PSYCH 1A,General Psychology,PSYC 1200,Introduction To Psychological Science,,,,Santa Rosa Junior College
Schenectady,NY,Schenectady County Community College,PSY 121,Introduction To Psychology,PSYC 1200,Introduction To Psychological Science,,,,Schenectady County Community College
Livonia,MI,Schoolcraft College,PSYCH 201,Introductory Psychology,PSYC 1200,Introduction To Psychological Science,,,,Schoolcraft College
Scottsdale,AZ,Scottsdale Community College,PSY 101,Introduction To Psychology,PSYC 1200,Introduction To Psychological Science,PSYC 1200 (3 cr),05/01/2023,05/01/2026,Maricopa County Community College District Course Descriptions
Seattle,WA,Seattle Central College,PSYC& 100,General Psychology,PSYC 1200,Introduction To Psychological Science,,,,Seattle Colleges
Seattle,WA,Seattle University,PSYC 120,Introductory Psychology,PSYC 1200,Introduction To Psychological Science,,,,Seattle University Undergraduate
Loudonville,NY,Siena College,PSYC - 100,General Psychology,PSYC 1200,Introduction To Psychological Science,,,,Siena College Undergraduate
Saratoga Springs,NY,Skidmore College,PS 101,Introduction To Psychological Science,PSYC 1200,Introduction To Psychological Science,,,,Skidmore College
Northampton,MA,Smith College,PSY 111,Introduction To Psychology,PSYC 1200,Introduction To Psychological Science,,,,Smith College
Phoenix,AZ,South Mountain Community College,PSY 101,Introduction To Psychology,PSYC 1200,Introduction To Psychological Science,PSYC 1200 (3 cr),05/01/2023,05/01/2026,Maricopa County Community College District Course Descriptions
Olympia,WA,South Puget Sound Community College,PSYC 100,General Psychology,PSYC 1200,Introduction To Psychological Science,,,,South Puget Sound Community College
Seattle,WA,South Seattle College,PSYC& 100,General Psychology,PSYC 1200,Introduction To Psychological Science,,,,Seattle Colleges
New Haven,CT,Southern Connecticut State University,PSY 100,Introduction To Psychology,PSYC 1200,Introduction To Psychological Science,,,,Southern Connecticut State University Undergraduate
Dallas,TX,Southern Methodist University,PSYC 1300,Introduction To Psychology,PSYC 1200,Introduction To Psychological Science,,,,Southern Methodist University Undergraduate
Dowagiac,MI,Southwestern Michigan College,PSYC 101,General Psychology,PSYC 1200,Introduction To Psychological Science,,,,Southwestern Michigan College
Spokane,WA,Spokane Community College,PSYCH 101,Introduction To Psychology,PSYC 1200,Introduction To Psychological Science,,,,Community Colleges Of Spokane
Spokane,WA,Spokane Falls Community College,PSYCH 101,Introduction To Psychology,PSYC 1200,Introduction To Psychological Science,,,,Community Colleges Of Spokane
Springfield,MA,Springfield Technical Community College,PSY-101,General Psychology,PSYC 1200,Introduction To Psychological Science,,,,Springfield Technical Community College
Springfield,MA,Springfield Technical Community College,PSYC-100,General Psychology,PSYC 1200,Introduction To Psychological Science,,,,Springfield Technical Community College
Clearwater,FL,St Petersburg College,PSY 1020H,Honors General Psychology,PSYC 1200,Introduction To Psychological Science,,,,St. Petersburg College
Saint Louis,MO,St. Louis Community College-Florissant Valley,PSY 200,General Psychology,PSYC 1200,Introduction To Psychological Science,,,,St. Louis Community College Spring
Saint Louis,MO,St. Louis Community College-Forest Park,PSY 200,General Psychology,PSYC 1200,Introduction To Psychological Science,,,,St. Louis Community College Spring
Kirkwood,MO,St. Louis Community College-Meramec,PSY 200,General Psychology,PSYC 1200,Introduction To Psychological Science,,,,St. Louis Community College Spring
Wildwood,MO,St. Louis Community College-Wildwood,PSY 200,General Psychology,PSYC 1200,Introduction To Psychological Science,,,,St. Louis Community College Spring
Stony Brook,NY,Stony Brook University,PSY 103,Introduction To Psychology,PSYC 1200,Introduction To Psychological Science,PSYC 1200 (3cr),09/01/2023,09/01/2026,SUNY Stony Brook Undergraduate Bulletin And Course Descriptions Spring
Selden,NY,Suffolk County Community College-Ammerman Campus,PC11,Introduction To Psychology,PSYC 1200,Introduction To Psychological Science,,,,Suffolk County Community College
Selden,NY,Suffolk County Community College-Ammerman Campus,PSY101,Introduction To Psychology,PSYC 1200,Introduction To Psychological Science,,,,Suffolk County Community College
Selden,NY,Suffolk County Community College-Central Report,PC11,Introduction To Psychology,PSYC 1200,Introduction To Psychological Science,,,,Suffolk County Community College
Selden,NY,Suffolk County Community College-Central Report,PSY101,Introduction To Psychology,PSYC 1200,Introduction To Psychological Science,,,,Suffolk County Community College
Riverhead,NY,Suffolk County Community College-Eastern Campus,PC11,Introduction To Psychology,PSYC 1200,Introduction To Psychological Science,,,,Suffolk County Community College
Riverhead,NY,Suffolk County Community College-Eastern Campus,PSY101,Introduction To Psychology,PSYC 1200,Introduction To Psychological Science,,,,Suffolk County Community College
Brentwood,NY,Suffolk County Community College-Western Campus,PC11,Introduction To Psychology,PSYC 1200,Introduction To Psychological Science,,,,Suffolk County Community College
Brentwood,NY,Suffolk County Community College-Western Campus,PSY101,Introduction To Psychology,PSYC 1200,Introduction To Psychological Science,,,,Suffolk County Community College
Loch Sheldrake,NY,Sullivan County Community College,SBS 1500,General Psychology,PSYC 1200,Introduction To Psychological Science,,,,SUNY Sullivan County Community College
Vestal,NY,Suny At Binghamton,PSYC 111,General Psychology,PSYC 1200,Introduction To Psychological Science,This course will transfer 4 credits to RPI.,01/01/2024,01/01/2027,SUNY Binghamton University
Canton,NY,Suny Canton College Of Technology,PSYC 101,Introductory Psychology,PSYC 1200,Introduction To Psychological Science,,,,SUNY Canton College Of Technology
Geneseo,NY,Suny College At Geneseo,PSYC 100,Introductory Psychology,PSYC 1200,Introduction To Psychological Science,,,,SUNY Geneseo Undergraduate
Oneonta,NY,Suny College At Oneonta,PSYC 100,Introductory Psychology,PSYC 1200,Introduction To Psychological Science,,,,SUNY Oneonta Undergraduate
Plattsburgh,NY,Suny College At Plattsburgh,PSY 101,General Psychology,PSYC 1200,Introduction To Psychological Science,,,,SUNY College At Plattsburgh Undergraduate And Graduate
Cobleskill,NY,Suny College Of Agriculture And Technology At Cobleskill,PSYC 111,General Psychology,PSYC 1200,Introduction To Psychological Science,,,,SUNY College Of Agriculture And Technology At Cobleskill
Alfred,NY,Suny College Of Technology At Alfred,PSYC - 1013,General Psychology,PSYC 1200,Introduction To Psychological Science,,,,Alfred State College
Cortland,NY,Suny Cortland,PSY 101,Introductory Psychology,PSYC 1200,Introduction To Psychological Science,,,,SUNY Cortland Undergraduate
Utica,NY,Suny Polytechnic Institute,PSY 100,Principles Of Psychology,PSYC 1200,Introduction To Psychological Science,,,,SUNY Polytechnic Institute Undergraduate
Suffern,NY,Suny Rockland Community College,PSY 102,General Psychology - Honors,PSYC 1200,Introduction To Psychological Science,,,,SUNY Rockland Community College
Suffern,NY,Suny Rockland Community College,PSY 10300,General Psychology,PSYC 1200,Introduction To Psychological Science,PSYC 1200 (3cr),09/01/2023,09/01/2026,SUNY Rockland Community College
Stone Ridge,NY,Suny Ulster County Community College,PSY 101,General Psychology,PSYC 1200,Introduction To Psychological Science,,,,SUNY Ulster County Community College
Stone Ridge,NY,Suny Ulster County Community College,PSY 171,Honors Psychology,PSYC 1200,Introduction To Psychological Science,,,,SUNY Ulster County Community College
Valhalla,NY,Suny Westchester Community College,PSYCH 101,Introduction To Psychology,PSYC 1200,Introduction To Psychological Science,,,,SUNY Westchester Community College
Syracuse,NY,Syracuse University,PSY 205,Foundations Of Human Behavior,PSYC 1200,Introduction To Psychological Science,PSYC 1200 (3cr),05/01/2023,05/01/2026,Syracuse University Undergraduate
Harlingen,TX,Texas State Technical College-Harlingen,PSYC2301,General Psychology,PSYC 1200,Introduction To Psychological Science,,,,Texas State Technical College
Marshall,TX,Texas State Technical College-Marshall,PSYC2301,General Psychology,PSYC 1200,Introduction To Psychological Science,,,,Texas State Technical College
Waco,TX,Texas State Technical College-Waco,PSYC2301,General Psychology,PSYC 1200,Introduction To Psychological Science,,,,Texas State Technical College
Sweetwater,TX,Texas State Technical College-West Texas,PSYC2301,General Psychology,PSYC 1200,Introduction To Psychological Science,,,,Texas State Technical College
Albany,NY,The College Of Saint Rose,PSY 110,Foundations Of Psychology 1,PSYC 1200,Introduction To Psychological Science,,,,College Of Saint Rose Undergraduate Studies
New York,NY,The New School,ULEC 2161,Intro To Psychology: Dsc,PSYC 1200,Introduction To Psychological Science,,,,The New School Course Descriptions Fall
University Park,PA,The Pennsylvania State University,PSYCH 100,Introductory Psychology,PSYC 1200,Introduction To Psychological Science,PSYC 1200 (3cr),05/01/2023,05/01/2026,Pennsylvania State University Undergraduate
Albany,NY,The Sage College-Albany Campus,PSY 101,Introduction To Psychology,PSYC 1200,Introduction To Psychological Science,,,,Sage College Of Albany
Austin,TX,The University Of Texas At Austin,PSY 301,Introduction To Psychology,PSYC 1200,Introduction To Psychological Science,,,,University Of Texas At Austin General Information
Trenton,NJ,Thomas Edison State University,PSY-101,Introduction To Psychology,PSYC 1200,Introduction To Psychological Science,,,,Thomas Edison State University Undergraduate
Philadelphia,PA,Thomas Jefferson University,PSYCH-101,Introduction To Psychology,PSYC 1200,Introduction To Psychological Science,,,,Thomas Jefferson University
Dryden,NY,Tompkins-Cortland Community College,PSYC103,Introduction To Psychology,PSYC 1200,Introduction To Psychological Science,PSYC 1200 (3 cr),01/01/2024,01/01/2027,Tompkins Cortland Community College (TC3)
Hartford,CT,Trinity College,PSYC 101,Introduction To Psychological Science,PSYC 1200,Introduction To Psychological Science,,,,Trinity College Of Hartford
New Orleans,LA,Tulane University,PSYC 100,Introductory Psychology,PSYC 1200,Introduction To Psychological Science,,,,Tulane University
Schenectady,NY,Union College,PSY 100,Introduction To Psychology,PSYC 1200,Introduction To Psychological Science,,,,Union College
Cranford,NJ,Union County College,PSY 101,General Psychology,PSYC 1200,Introduction To Psychological Science,,,,Union County College
West Point,NY,United States Military Academy,PL100,General Psychology For Leaders,PSYC 1200,Introduction To Psychological Science,PSYC 1200 (3 cr),05/01/2023,05/01/2026,United State Military Academy Course Descriptions
Buffalo,NY,"University At Buffalo, State University Of New York",PSY 101,Introductory Psychology,PSYC 1200,Introduction To Psychological Science,,,,SUNY University At Buffalo Undergraduate
Anchorage,AK,University Of Alaska Anchorage,PSY A111,Introduction To Psychology,PSYC 1200,Introduction To Psychological Science,,,,University Of Alaska Anchorage
Berkeley,CA,University Of California-Berkeley,PSYCH 101,Research And Data Analysis In Psychology,PSYC 1200,Introduction To Psychological Science,,,,University Of California Berkeley
Irvine,CA,University Of California-Irvine,PSYCH 7A,Introduction To Psychology,PSYC 1200,Introduction To Psychological Science,PSYC 1200 (4cr),05/01/2023,05/01/2026,University Of California Irvine
Orlando,FL,University Of Central Florida,PSY2012,General Psychology,PSYC 1200,Introduction To Psychological Science,,,,University Of Central Florida Undergraduate
Storrs,CT,University Of Connecticut,PSYC 132,General Psychology I,PSYC 1200,Introduction To Psychological Science,,,,University Of Connecticut Undergraduate
Storrs,CT,University Of Connecticut,PSYC 1100,General Psychology I,PSYC 1200,Introduction To Psychological Science,,,,University Of Connecticut Undergraduate
Storrs,CT,University Of Connecticut,PSYC 1101,General Psychology II,PSYC 1200,Introduction To Psychological Science,,,,University Of Connecticut Undergraduate
Groton,CT,University Of Connecticut-Avery Point,PSYC 132,General Psychology I,PSYC 1200,Introduction To Psychological Science,,,,University Of Connecticut Undergraduate
Groton,CT,University Of Connecticut-Avery Point,PSYC 1100,General Psychology I,PSYC 1200,Introduction To Psychological Science,,,,University Of Connecticut Undergraduate
Groton,CT,University Of Connecticut-Avery Point,PSYC 1101,General Psychology II,PSYC 1200,Introduction To Psychological Science,,,,University Of Connecticut Undergraduate
Hartford,CT,University Of Connecticut-Hartford Campus,PSYC 132,General Psychology I,PSYC 1200,Introduction To Psychological Science,,,,University Of Connecticut Undergraduate
Hartford,CT,University Of Connecticut-Hartford Campus,PSYC 1100,General Psychology I,PSYC 1200,Introduction To Psychological Science,,,,University Of Connecticut Undergraduate
Hartford,CT,University Of Connecticut-Hartford Campus,PSYC 1101,General Psychology II,PSYC 1200,Introduction To Psychological Science,,,,University Of Connecticut Undergraduate
Stamford,CT,University Of Connecticut-Stamford,PSYC 132,General Psychology I,PSYC 1200,Introduction To Psychological Science,,,,University Of Connecticut Undergraduate
Stamford,CT,University Of Connecticut-Stamford,PSYC 1100,General Psychology I,PSYC 1200,Introduction To Psychological Science,,,,University Of Connecticut Undergraduate
Stamford,CT,University Of Connecticut-Stamford,PSYC 1101,General Psychology II,PSYC 1200,Introduction To Psychological Science,,,,University Of Connecticut Undergraduate
Waterbury,CT,University Of Connecticut-Waterbury Campus,PSYC 132,General Psychology I,PSYC 1200,Introduction To Psychological Science,,,,University Of Connecticut Undergraduate
Waterbury,CT,University Of Connecticut-Waterbury Campus,PSYC 1100,General Psychology I,PSYC 1200,Introduction To Psychological Science,,,,University Of Connecticut Undergraduate
Waterbury,CT,University Of Connecticut-Waterbury Campus,PSYC 1101,General Psychology II,PSYC 1200,Introduction To Psychological Science,,,,University Of Connecticut Undergraduate
Newark,DE,University Of Delaware,PSYC 100,General Psychology,PSYC 1200,Introduction To Psychological Science,,,,University Of Delaware Undergraduate
Gainesville,FL,University Of Florida,PSY 2013,General Psychology,PSYC 1200,Introduction To Psychological Science,,,,University Of Florida Undergraduate
Gainesville,FL,University Of Florida-Online,PSY 2013,General Psychology,PSYC 1200,Introduction To Psychological Science,,,,University Of Florida Undergraduate
Kahului,HI,University Of Hawai'i Maui College,PSY 100,Survey Of Psychology,PSYC 1200,Introduction To Psychological Science,,,,Maui College
Kapolei,HI,University Of Hawai'i-West Oahu,PSY 100,Survey Of Psychology,PSYC 1200,Introduction To Psychological Science,PSYC 1200 (3 credits only),09/01/2023,09/01/2026,University Of Hawai'I West O'Ahu
Houston,TX,University Of Houston,PSYC 1300,Introduction To Psychology,PSYC 1200,Introduction To Psychological Science,PSYC 1200 (3cr),05/01/2023,05/01/2026,University Of Houston Undergraduate
Champaign,IL,University Of Illinois At Urbana - Champaign,PSYC 100,Intro Psych,PSYC 1200,Introduction To Psychological Science,,,,University Of Illinois At Urbana-Champaign
Orono,ME,University Of Maine,PSY 100,General Psychology,PSYC 1200,Introduction To Psychological Science,PSYC 1200 (3 cr),05/01/2023,05/01/2026,University Of Maine Undergraduate
Winnipeg,MB,University Of Manitoba,PSYC 1200,Introduction To Psychology,PSYC 1200,Introduction To Psychological Science,,,,University Of Manitoba General
Baltimore,MD,University Of Maryland-Baltimore County,PSYC 100,Introduction To Psychology,PSYC 1200,Introduction To Psychological Science,,,,University Of Maryland Baltimore County Undergraduate
College Park,MD,University Of Maryland-College Park,PSYC100,Introduction To Psychology,PSYC 1200,Introduction To Psychological Science,,,,University Of Maryland College Park Undergraduate
Amherst,MA,University Of Massachusetts-Amherst,PSYCH 100,Introductory Psychology,PSYC 1200,Introduction To Psychological Science,,,,University Of Massachusetts Amherst Course Descriptions
Lowell,MA,University Of Massachusetts-Lowell,PSYC.1010,Introduction To Psychological Science,PSYC 1200,Introduction To Psychological Science,,,,University Of Massachusetts Lowell Undergraduate
Memphis,TN,University Of Memphis,PSYC 1030,General Psychology,PSYC 1200,Introduction To Psychological Science,,,,University Of Memphis Undergraduate
Ann Arbor,MI,University Of Michigan-Ann Arbor,PSYCH 111,Introduction To Psychology,PSYC 1200,Introduction To Psychological Science,,,,"University Of Michigan College Of Literature, Science, And The Arts Fall Courses"
Dearborn,MI,University Of Michigan-Dearborn,PSYC 101,Introduction To Psychology,PSYC 1200,Introduction To Psychological Science,PSYC 1200 (3 cr),05/01/2023,05/01/2026,University Of Michigan Dearborn
Columbia,MO,University Of Missouri,PSYCH 1000,General Psychology,PSYC 1200,Introduction To Psychological Science,,,,University Of Missouri Columbia University
Las Vegas,NV,University Of Nevada-Las Vegas,PSY 101,General Psychology,PSYC 1200,Introduction To Psychological Science,,,,University Of Nevada Las Vegas Undergraduate
Durham,NH,University Of New Hampshire-Main Campus,PSYC 401,Introduction To Psychology,PSYC 1200,Introduction To Psychological Science,,,,University Of New Hampshire Undergraduate
Durham,NH,University Of New Hampshire-Main Campus,PSYC 401,Introduction To Psychology,PSYC 1200,Introduction To Psychological Science,,,,University Of New Hampshire Manchester
Manchester,NH,University Of New Hampshire-Manchester,PSYC 401,Introduction To Psychology,PSYC 1200,Introduction To Psychological Science,,,,University Of New Hampshire Manchester
Albuquerque,NM,University Of New Mexico-Main Campus,PSYCH 105,General Psychology,PSYC 1200,Introduction To Psychological Science,,,,University Of New Mexico Albuquerque
Charlotte,NC,University Of North Carolina At Charlotte,PSYC 1101,General Psychology,PSYC 1200,Introduction To Psychological Science,,,,University Of North Carolina Charlotte Undergraduate
Wilmington,NC,University Of North Carolina-Wilmington,PSY 105,General Psychology,PSYC 1200,Introduction To Psychological Science,,,,University Of North Carolina Wilmington Undergraduate
Grand Forks,ND,University Of North Dakota-Main Campus,PSYC 111,Introduction To Psychology,PSYC 1200,Introduction To Psychological Science,,,,University Of North Dakota
Notre Dame,IN,University Of Notre Dame,PSY 10000,Introductory Psychology First Year,PSYC 1200,Introduction To Psychological Science,,,,University Of Notre Dame Fall Course Descriptions
Norman,OK,University Of Oklahoma,PSY 1113,Elements Of Psychology,PSYC 1200,Introduction To Psychological Science,,,,University Of Oklahoma
Lawton,OK,University Of Oklahoma - Douglass Learning Center,PSY 1113,Elements Of Psychology,PSYC 1200,Introduction To Psychological Science,,,,University Of Oklahoma
Ft Benning,GA,University Of Oklahoma - Ft. Benning Ga - Ap,PSY 1113,Elements Of Psychology,PSYC 1200,Introduction To Psychological Science,,,,University Of Oklahoma
Nellis Afb,NV,University Of Oklahoma - Nellis Air Force Base,PSY 1113,Elements Of Psychology,PSYC 1200,Introduction To Psychological Science,,,,University Of Oklahoma
Pittsburgh,PA,University Of Pittsburgh-Main Campus,PSY 0010,Introduction To Psychology,PSYC 1200,Introduction To Psychological Science,,,,University Of Pittsburgh Undergraduate
San Juan,PR,University Of Puerto Rico-Rio Piedras,PSIC 3005,PsicologA General,PSYC 1200,Introduction To Psychological Science,,,,University Of Puerto Rico Rio Piedras
Kingston,RI,University Of Rhode Island,PSY113,General Psychology,PSYC 1200,Introduction To Psychological Science,,,,University Of Rhode Island
Columbia,SC,University Of South Carolina Columbia,PSYC 101,Introduction To Psychology,PSYC 1200,Introduction To Psychological Science,,,,University Of South Carolina At Columbia Undergraduate
Portland,ME,University Of Southern Maine,PSY 101J,General Psychology I,PSYC 1200,Introduction To Psychological Science,,,,University Of Southern Maine Undergraduate
Sewanee,TN,University Of The South,PSYC 100,Introduction To Psychology (Lab),PSYC 1200,Introduction To Psychological Science,,,,University Of The South Sewanee College Arts And Sciences
Salt Lake City,UT,University Of Utah,PSY1010,General Psychology,PSYC 1200,Introduction To Psychological Science,,,,University Of Utah
Burlington,VT,University Of Vermont And State Agricultural College,PSYC 001,General Psychology,PSYC 1200,Introduction To Psychological Science,,,,University Of Vermont Undergraduate
Seattle,WA,University Of Washington,PSYCH 101,Introduction To Psychology,PSYC 1200,Introduction To Psychological Science,,,,University Of Washington Course Descriptions
Utica,NY,Utica University,PSY 101,Introduction To Psychology,PSYC 1200,Introduction To Psychological Science,,,,Utica University Winter/Spring Undergraduate
Orlando,FL,Valencia College,PSY 1012,General Psychology,PSYC 1200,Introduction To Psychological Science,,,,Valencia College
Poughkeepsie,NY,Vassar College,PSYC 105,Introduction To Psychological Science,PSYC 1200,Introduction To Psychological Science,,,,Vassar College
Randolph Center,VT,Vermont State University,PSY 1010,Introduction To Psychology,PSYC 1200,Introduction To Psychological Science,,,,Vermont Technical College
Randolph Center,VT,Vermont State University,PSY 1010,Introduction To Psychology,PSYC 1200,Introduction To Psychological Science,,,,Castleton State College
Victoria,TX,Victoria College,PSYC 2301,General Psychology,PSYC 1200,Introduction To Psychological Science,,,,Victoria College
Villanova,PA,Villanova University,PSY 1000,General Psychology,PSYC 1200,Introduction To Psychological Science,,,,Villanova University
Hampton,VA,Virginia Peninsula Community College,PSY 200,Principles Of Psychology,PSYC 1200,Introduction To Psychological Science,,,,Virginia Peninsula Community College
Raleigh,NC,Wake Technical Community College,PSY-150,General Psychology,PSYC 1200,Introduction To Psychological Science,,,,Wake Technical Community College
Washington,NJ,Warren County Community College,PSY 101,Introduction To Psychology,PSYC 1200,Introduction To Psychological Science,,,,Warren County Community College
Ann Arbor,MI,Washtenaw Community College,PSY 100,Introduction To Psychology,PSYC 1200,Introduction To Psychological Science,,,,Washtenaw Community College
Aurora,NY,Wells College,PSY 101,General Psychology,PSYC 1200,Introduction To Psychological Science,,,,Wells College
Wenatchee,WA,Wenatchee Valley College,PSYC& 100,General Psychology,PSYC 1200,Introduction To Psychological Science,,,,Wenatchee Valley College
West Chester,PA,West Chester University Of Pennsylvania,PSY 100,Introduction To Psychology,PSYC 1200,Introduction To Psychological Science,,,,West Chester University Of Pennsylvania Undergraduate
Danbury,CT,Western Connecticut State University,PSY 100,Introduction To Psychology,PSYC 1200,Introduction To Psychological Science,,,,Western Connecticut State University
Kalamazoo,MI,Western Michigan University,PSY 1000,General Psychology,PSYC 1200,Introduction To Psychological Science,,,,Western Michigan University Undergraduate
Springfield,MA,Western New England University,PSY 101,Introduction To Psychology,PSYC 1200,Introduction To Psychological Science,,,,Western New England University
Rock Springs,WY,Western Wyoming Community College,PSYC 1000,General Psychology,PSYC 1200,Introduction To Psychological Science,,,,Western Wyoming Community College
Westfield,MA,Westfield State University,PSYC 0101,Introduction To Psychology,PSYC 1200,Introduction To Psychological Science,,,,Westfield State University Undergraduate
Norton,MA,Wheaton College,PSY 101,Introductory Psychology,PSYC 1200,Introduction To Psychological Science,,,,Wheaton College
Wayne,NJ,William Paterson University Of New Jersey,PSY 110,General Psychology,PSYC 1200,Introduction To Psychological Science,,,,William Paterson University Undergraduate
Wayne,NJ,William Paterson University Of New Jersey,PSY 1100,General Psychology,PSYC 1200,Introduction To Psychological Science,,,,William Paterson University Undergraduate
Williamstown,MA,Williams College,PSYC 101,Introductory Psychology,PSYC 1200,Introduction To Psychological Science,,,,Williams College
Worcester,MA,Worcester State University,PS-101,General Psychology,PSYC 1200,Introduction To Psychological Science,,,,Worcester State University
Prescott,AZ,Yavapai College,PSY 101,Introductory Psychology,PSYC 1200,Introduction To Psychological Science,,,,Yavapai College
York,PA,York College Pennsylvania,PSY 100,General Psychology,PSYC 1200,Introduction To Psychological Science,,,,York College Of Pennsylvania Undergraduate
Rock Hill,SC,York Technical College,PSY 201,General Psychology,PSYC 1200,Introduction To Psychological Science,PSYC 1200 (3cr),01/01/2024,01/01/2026,York Technical College
Youngstown,OH,Youngstown State University,PSYCH 1560,General Psychology,PSYC 1200,Introduction To Psychological Science,,,,Youngstown State University Undergraduate
Marysville,CA,Yuba College,PSYCH-1A,General Psychology,PSYC 1200,Introduction To Psychological Science,,,,Yuba College
